2026-04-25T06:27:56Z	[TEST] --test-fail-closed BLOCK 出力テスト
2026-04-25T06:28:00Z	[TEST] --test-fail-closed BLOCK 出力テスト
2026-04-25T06:28:00Z	[TEST] --test-fail-closed BLOCK 出力テスト
2026-04-25T06:28:09Z	[BLOCK] [TEST] --test-fail-closed BLOCK 出力テスト
2026-04-25T06:34:08Z	[SKIP] sid= ev= 応答テキスト取得不能、skip
2026-04-25T06:34:08Z	[SKIP] sid= ev= 応答テキスト取得不能、skip
2026-04-25T06:34:09Z	[SKIP] sid= ev= 応答テキスト取得不能、skip
2026-04-25T06:34:09Z	[SKIP] sid= ev= 応答テキスト取得不能、skip
2026-04-25T06:34:09Z	[SKIP] sid= ev= 応答テキスト取得不能、skip
2026-04-25T06:34:09Z	[OVERRIDE] gate_override.flag 検出、gate 一時無効化
2026-04-25T06:34:13Z	[SKIP] sid= ev= 応答テキスト取得不能、skip
2026-04-25T06:35:13Z	[BLOCK] sid=dbg-1777098913 sha=8b2de38fe4a288af violations: §2.25.14 応答末尾 [Review: N rounds, M personas] 付記欠落; 
2026-04-25T06:35:18Z	[BLOCK] sid=testsid-1777098918-1 sha=8b2de38fe4a288af violations: §2.25.14 応答末尾 [Review: N rounds, M personas] 付記欠落; 
2026-04-25T06:35:18Z	[BLOCK] sid=testsid-1777098918-2 sha=7dd84e87d27913bc violations: §2.25.9 PO 作業発生提案検出 + §2.25.3 メタタグ欠落; 
2026-04-25T06:35:18Z	[BLOCK] sid=testsid-1777098918-3 sha=8c7c9cf1a63e40f5 violations: §2.25.10 違反記録のみ + 構造解消提案欠落; 
2026-04-25T06:35:18Z	[BLOCK] sid=testsid-1777098918-4 sha=efc72b7e21b3ce57 violations: §2.25.9 PO 作業発生提案検出 + §2.25.3 メタタグ欠落; §2.25.12 外部 CLI/API 言及 + 引用元 or 「未確認」欠落; 
2026-04-25T06:35:18Z	[PASS] sid=testsid-1777098918-5 sha=824a4fff8beed0b3 ev=Stop
2026-04-25T06:35:18Z	[OVERRIDE] gate_override.flag 検出、gate 一時無効化
2026-04-25T06:35:29Z	[BLOCK] sid=testsid-1777098929-1 sha=8b2de38fe4a288af violations: §2.25.14 応答末尾 [Review: N rounds, M personas] 付記欠落; 
2026-04-25T06:35:29Z	[BLOCK] sid=testsid-1777098929-2 sha=7dd84e87d27913bc violations: §2.25.9 PO 作業発生提案検出 + §2.25.3 メタタグ欠落; 
2026-04-25T06:35:29Z	[BLOCK] sid=testsid-1777098929-3 sha=8c7c9cf1a63e40f5 violations: §2.25.10 違反記録のみ + 構造解消提案欠落; 
2026-04-25T06:35:29Z	[BLOCK] sid=testsid-1777098929-4 sha=efc72b7e21b3ce57 violations: §2.25.9 PO 作業発生提案検出 + §2.25.3 メタタグ欠落; §2.25.12 外部 CLI/API 言及 + 引用元 or 「未確認」欠落; 
2026-04-25T06:35:29Z	[PASS] sid=testsid-1777098929-5 sha=824a4fff8beed0b3 ev=Stop
2026-04-25T06:35:29Z	[OVERRIDE] gate_override.flag 検出、gate 一時無効化
2026-04-25T06:35:41Z	[BLOCK] [TEST] --test-fail-closed BLOCK 出力テスト
2026-04-25T06:35:51Z	[BLOCK] sid=rw-block-1777098951 sha=6dedcfa776366c26 violations: §2.25.9 PO 作業発生提案検出 + §2.25.3 メタタグ欠落; §2.25.12 外部 CLI/API 言及 + 引用元 or 「未確認」欠落; 
2026-04-25T06:42:22Z	[BLOCK] sid=testsid-1777099342-1 sha=8b2de38fe4a288af violations: §2.25.14 応答末尾 [Review: N rounds, M personas] 付記欠落; 
2026-04-25T06:42:22Z	[BLOCK] sid=testsid-1777099342-2 sha=7dd84e87d27913bc violations: §2.25.9 PO 作業発生提案検出 + §2.25.3 メタタグ欠落; 
2026-04-25T06:42:23Z	[BLOCK] sid=testsid-1777099342-3 sha=8c7c9cf1a63e40f5 violations: §2.25.10 違反記録のみ + 構造解消提案欠落; 
2026-04-25T06:42:23Z	[BLOCK] sid=testsid-1777099343-4 sha=efc72b7e21b3ce57 violations: §2.25.9 PO 作業発生提案検出 + §2.25.3 メタタグ欠落; §2.25.12 外部 CLI/API 言及 + 引用元 or 「未確認」欠落; 
2026-04-25T06:42:23Z	[PASS] sid=testsid-1777099343-5 sha=824a4fff8beed0b3 ev=Stop
2026-04-25T06:42:23Z	[OVERRIDE] gate_override.flag 検出、gate 一時無効化
2026-04-25T06:45:19Z	[BLOCK] sid=testsid-1777099519-1 sha=8b2de38fe4a288af violations: §2.25.14 応答末尾 [Review: N rounds, M personas] 付記欠落; 
2026-04-25T06:45:19Z	[BLOCK] sid=testsid-1777099519-2 sha=7dd84e87d27913bc violations: §2.25.9 PO 作業発生提案検出 + §2.25.3 メタタグ欠落; 
2026-04-25T06:45:19Z	[BLOCK] sid=testsid-1777099519-3 sha=8c7c9cf1a63e40f5 violations: §2.25.10 違反記録のみ + 構造解消提案欠落; 
2026-04-25T06:45:19Z	[BLOCK] sid=testsid-1777099519-4 sha=efc72b7e21b3ce57 violations: §2.25.9 PO 作業発生提案検出 + §2.25.3 メタタグ欠落; §2.25.12 外部 CLI/API 言及 + 引用元 or 「未確認」欠落; 
2026-04-25T06:45:19Z	[PASS] sid=testsid-1777099519-5 sha=824a4fff8beed0b3 ev=Stop
2026-04-25T06:45:19Z	[OVERRIDE] gate_override.flag 検出、gate 一時無効化
2026-04-25T16:14:42Z	[BLOCK] sid=ad938c6f-f892-4706-8188-ad4199306b05 sha=b27cd82abd18a893 violations: §2.25.14 応答末尾 [Review: N rounds, M personas] 付記欠落; 
2026-04-25T16:14:43Z	[BLOCK] sid=6440918c-cc56-4e36-b658-fa3db45b4f1d sha=d804a257567afb3e violations: §2.25.14 応答末尾 [Review: N rounds, M personas] 付記欠落; 
2026-04-25T16:14:43Z	[BLOCK] sid=7e3a3922-485b-44aa-b3f6-2480b78bbb31 sha=67dc7b0ed43b49aa violations: §2.25.14 応答末尾 [Review: N rounds, M personas] 付記欠落; 
2026-04-25T16:14:43Z	[BLOCK] sid=eb3408db-5633-45cc-a11f-6f612682c4c5 sha=fef2b1a0182e1835 violations: §2.25.14 応答末尾 [Review: N rounds, M personas] 付記欠落; 
2026-04-25T16:14:43Z	[BLOCK] sid=9e4e0f21-b629-45b5-9615-33b0f1fd05b0 sha=66bcb1d54aabaf1c violations: §2.25.14 応答末尾 [Review: N rounds, M personas] 付記欠落; 
2026-04-25T16:14:43Z	[BLOCK] sid=784237ff-693f-4ca6-b88e-1840111d5de5 sha=d4c21d4f1331bc53 violations: §2.25.14 応答末尾 [Review: N rounds, M personas] 付記欠落; 
2026-04-25T16:14:43Z	[BLOCK] sid=e1553732-6348-4edd-b414-626dc8168472 sha=d802554b9c6d4ba3 violations: §2.25.14 応答末尾 [Review: N rounds, M personas] 付記欠落; 
2026-04-25T16:14:43Z	[BLOCK] sid=f4d7072e-c0aa-47b2-a51d-d4217c06463b sha=f34b528339fa387d violations: §2.25.14 応答末尾 [Review: N rounds, M personas] 付記欠落; 
2026-04-25T16:14:44Z	[BLOCK] sid=3b5ec58e-6e04-4635-9e27-625dc1ed0ddf sha=43f684164e4f791d violations: §2.25.14 応答末尾 [Review: N rounds, M personas] 付記欠落; 
2026-04-25T16:14:44Z	[PASS] sid=9e4e0f21-b629-45b5-9615-33b0f1fd05b0 sha=80b5b517d39e6f85 ev=Stop
2026-04-25T16:14:45Z	[PASS] sid=6440918c-cc56-4e36-b658-fa3db45b4f1d sha=57a86ffb6d3a706b ev=Stop
2026-04-25T16:14:45Z	[PASS] sid=ad938c6f-f892-4706-8188-ad4199306b05 sha=ced812e850dbb8b2 ev=Stop
2026-04-25T16:14:45Z	[PASS] sid=eb3408db-5633-45cc-a11f-6f612682c4c5 sha=8b738caf0b2d3b84 ev=Stop
2026-04-25T16:14:45Z	[PASS] sid=e1553732-6348-4edd-b414-626dc8168472 sha=8991c53da2aec173 ev=Stop
2026-04-25T16:14:45Z	[PASS] sid=7e3a3922-485b-44aa-b3f6-2480b78bbb31 sha=5fe1f4ad1178f8f4 ev=Stop
2026-04-25T16:14:46Z	[PASS] sid=f4d7072e-c0aa-47b2-a51d-d4217c06463b sha=4b137d114fc96887 ev=Stop
2026-04-25T16:14:46Z	[PASS] sid=3b5ec58e-6e04-4635-9e27-625dc1ed0ddf sha=6f019df3f8dc09e8 ev=Stop
2026-04-25T16:14:46Z	[PASS] sid=784237ff-693f-4ca6-b88e-1840111d5de5 sha=25a978e94d87e7f4 ev=Stop
2026-04-25T16:14:48Z	[BLOCK] sid=fca4f8f7-b4f1-4d31-9e5c-9ef310a7351a sha=5bd43a95b679194e violations: §2.25.14 応答末尾 [Review: N rounds, M personas] 付記欠落; 
2026-04-25T16:14:50Z	[PASS] sid=fca4f8f7-b4f1-4d31-9e5c-9ef310a7351a sha=c75809fc7a6dfd25 ev=Stop
2026-04-25T16:15:36Z	[BLOCK] sid=d1a3e6e5-816a-4f2e-b49a-6fc7d09ccea9 sha=4979bab80dee3b15 violations: §2.25.14 応答末尾 [Review: N rounds, M personas] 付記欠落; 
2026-04-25T16:15:37Z	[BLOCK] sid=b63f2f2f-cb3b-4b19-ae8b-eff149a7b099 sha=f393b86ba521cf6f violations: §2.25.14 応答末尾 [Review: N rounds, M personas] 付記欠落; 
2026-04-25T16:15:37Z	[BLOCK] sid=899d223e-cf32-416e-8ac0-5c7147fb95fd sha=f10e862a66741438 violations: §2.25.14 応答末尾 [Review: N rounds, M personas] 付記欠落; 
2026-04-25T16:15:37Z	[BLOCK] sid=03d2e849-2f07-478d-90f9-f21b591994d9 sha=60f863e09b0ae555 violations: §2.25.14 応答末尾 [Review: N rounds, M personas] 付記欠落; 
2026-04-25T16:15:38Z	[BLOCK] sid=0f734eff-611c-4b4d-8492-cee56d7b29a5 sha=4eff5ae142534977 violations: §2.25.14 応答末尾 [Review: N rounds, M personas] 付記欠落; 
2026-04-25T16:15:38Z	[BLOCK] sid=7cb638cc-6e09-4202-9fc7-d677bf985d2e sha=08f627ed5ada3fc8 violations: §2.25.14 応答末尾 [Review: N rounds, M personas] 付記欠落; 
2026-04-25T16:15:39Z	[PASS] sid=b63f2f2f-cb3b-4b19-ae8b-eff149a7b099 sha=3c89f6057ba05be4 ev=Stop
2026-04-25T16:15:41Z	[PASS] sid=d1a3e6e5-816a-4f2e-b49a-6fc7d09ccea9 sha=a1ae232ca4d7f2e2 ev=Stop
2026-04-25T16:15:41Z	[PASS] sid=0f734eff-611c-4b4d-8492-cee56d7b29a5 sha=e2ec51f4bd290157 ev=Stop
2026-04-25T16:15:41Z	[PASS] sid=899d223e-cf32-416e-8ac0-5c7147fb95fd sha=7ad65bfce7097e1f ev=Stop
2026-04-25T16:15:42Z	[PASS] sid=7cb638cc-6e09-4202-9fc7-d677bf985d2e sha=f9bf4c1435580139 ev=Stop
2026-04-25T16:15:43Z	[PASS] sid=03d2e849-2f07-478d-90f9-f21b591994d9 sha=a72c1a02d2566567 ev=Stop
2026-04-25T16:17:01Z	[BLOCK] sid=091f33db-c599-4d5e-8d88-0532697ff980 sha=3b7398b980ec2e7e violations: §2.25.14 応答末尾 [Review: N rounds, M personas] 付記欠落; 
2026-04-25T16:17:01Z	[BLOCK] sid=70fa56a8-1bcd-4087-8699-707278fe81ce sha=067e052098494c8e violations: §2.25.14 応答末尾 [Review: N rounds, M personas] 付記欠落; 
2026-04-25T16:17:02Z	[BLOCK] sid=4a55c8ed-696f-4122-a4d9-698fd08fe560 sha=707eed57dd17b439 violations: §2.25.14 応答末尾 [Review: N rounds, M personas] 付記欠落; 
2026-04-25T16:17:02Z	[BLOCK] sid=3295bedf-d08b-480a-9ff0-172c03c996df sha=68d001d6a4fcbba4 violations: §2.25.12 外部 CLI/API 言及 + 引用元 or 「未確認」欠落; §2.25.14 応答末尾 [Review: N rounds, M personas] 付記欠落; 
2026-04-25T16:17:03Z	[BLOCK] sid=d7c2e0ec-0924-48d4-912a-93c595ddb390 sha=7061c65551b235ab violations: §2.25.14 応答末尾 [Review: N rounds, M personas] 付記欠落; 
2026-04-25T16:17:05Z	[BLOCK] sid=7617df3a-b284-4e2f-b7fc-b07abdc99d50 sha=16ecc4713a6a7469 violations: §2.25.14 応答末尾 [Review: N rounds, M personas] 付記欠落; 
2026-04-25T16:17:05Z	[BLOCK] sid=70fa56a8-1bcd-4087-8699-707278fe81ce sha=f48cbdce97baf7b8 violations: §2.25.14 応答末尾 [Review: N rounds, M personas] 付記欠落; 
2026-04-25T16:17:06Z	[PASS] sid=4a55c8ed-696f-4122-a4d9-698fd08fe560 sha=00d8891ce909c24f ev=Stop
2026-04-25T16:17:06Z	[BLOCK] sid=091f33db-c599-4d5e-8d88-0532697ff980 sha=26be7674b136068d violations: §2.25.14 応答末尾 [Review: N rounds, M personas] 付記欠落; 
2026-04-25T16:17:06Z	[PASS] sid=d7c2e0ec-0924-48d4-912a-93c595ddb390 sha=e5222d256615f696 ev=Stop
2026-04-25T16:17:07Z	[BLOCK] sid=3295bedf-d08b-480a-9ff0-172c03c996df sha=f618d4a8e872c66a violations: §2.25.14 応答末尾 [Review: N rounds, M personas] 付記欠落; 
2026-04-25T16:17:09Z	[PASS] sid=091f33db-c599-4d5e-8d88-0532697ff980 sha=a96045c89285e1c6 ev=Stop
2026-04-25T16:17:10Z	[PASS] sid=7617df3a-b284-4e2f-b7fc-b07abdc99d50 sha=aa732e41af13b87e ev=Stop
2026-04-25T16:17:11Z	[PASS] sid=70fa56a8-1bcd-4087-8699-707278fe81ce sha=77c0f8215f766526 ev=Stop
2026-04-25T16:17:12Z	[PASS] sid=3295bedf-d08b-480a-9ff0-172c03c996df sha=edd5158d5bd0cfe8 ev=Stop
2026-04-25T16:17:15Z	[BLOCK] sid=7fac7f37-3e04-40ee-9508-99dc54c25337 sha=211701d9261553cf violations: §2.25.14 応答末尾 [Review: N rounds, M personas] 付記欠落; 
2026-04-25T16:17:16Z	[BLOCK] sid=dd722359-f96f-4c36-880a-b28d053a9916 sha=12f6175b30c4e689 violations: §2.25.14 応答末尾 [Review: N rounds, M personas] 付記欠落; 
2026-04-25T16:17:16Z	[BLOCK] sid=2a2a567b-c04b-411f-90ae-e07a604a648b sha=504d0ebe0da0ee97 violations: §2.25.14 応答末尾 [Review: N rounds, M personas] 付記欠落; 
2026-04-25T16:17:16Z	[BLOCK] sid=85125407-6f8a-4c6f-b8b4-3fa58189b5cd sha=261bcf22141a6803 violations: §2.25.14 応答末尾 [Review: N rounds, M personas] 付記欠落; 
2026-04-25T16:17:16Z	[BLOCK] sid=5b1f00eb-ea3b-4f2d-9ae0-4eab6674c28b sha=c3cf8af177ef9e45 violations: §2.25.14 応答末尾 [Review: N rounds, M personas] 付記欠落; 
2026-04-25T16:17:16Z	[BLOCK] sid=e9522ed4-4a6b-4685-b342-d3fef0a105bb sha=416c4c3aead779aa violations: §2.25.14 応答末尾 [Review: N rounds, M personas] 付記欠落; 
2026-04-25T16:17:16Z	[BLOCK] sid=2951b6ad-b620-4cf1-8a16-32ca946b5840 sha=f07cc2afca7e32ed violations: §2.25.14 応答末尾 [Review: N rounds, M personas] 付記欠落; 
2026-04-25T16:17:17Z	[BLOCK] sid=c7e95372-c952-436a-aa98-e91c438d5e44 sha=45bdf163eb9cda03 violations: §2.25.14 応答末尾 [Review: N rounds, M personas] 付記欠落; 
2026-04-25T16:17:17Z	[BLOCK] sid=6063e97a-653e-4b70-8421-af6ce88346a3 sha=bff5531778e0ddac violations: §2.25.14 応答末尾 [Review: N rounds, M personas] 付記欠落; 
2026-04-25T16:17:18Z	[BLOCK] sid=7ecf399f-2036-41a3-a091-3f7d73e1a742 sha=acdbb2d69d344158 violations: §2.25.14 応答末尾 [Review: N rounds, M personas] 付記欠落; 
2026-04-25T16:17:18Z	[PASS] sid=7fac7f37-3e04-40ee-9508-99dc54c25337 sha=5ba477bf2279a2d1 ev=Stop
2026-04-25T16:17:18Z	[PASS] sid=85125407-6f8a-4c6f-b8b4-3fa58189b5cd sha=0a843f928ff692b0 ev=Stop
2026-04-25T16:17:18Z	[PASS] sid=5b1f00eb-ea3b-4f2d-9ae0-4eab6674c28b sha=8bc40a6c58cc1366 ev=Stop
2026-04-25T16:17:19Z	[PASS] sid=e9522ed4-4a6b-4685-b342-d3fef0a105bb sha=96683527237ad670 ev=Stop
2026-04-25T16:17:19Z	[PASS] sid=dd722359-f96f-4c36-880a-b28d053a9916 sha=9e0e1a4418efef2f ev=Stop
2026-04-25T16:17:20Z	[PASS] sid=c7e95372-c952-436a-aa98-e91c438d5e44 sha=8a240f3942897ee8 ev=Stop
2026-04-25T16:17:21Z	[PASS] sid=2a2a567b-c04b-411f-90ae-e07a604a648b sha=668d77f728c1aaa9 ev=Stop
2026-04-25T16:17:22Z	[PASS] sid=7ecf399f-2036-41a3-a091-3f7d73e1a742 sha=22caafc64d054fe7 ev=Stop
2026-04-25T16:17:22Z	[PASS] sid=2951b6ad-b620-4cf1-8a16-32ca946b5840 sha=befe4a7e232ee5fb ev=Stop
2026-04-25T16:17:24Z	[PASS] sid=6063e97a-653e-4b70-8421-af6ce88346a3 sha=2ee5fd951c822d58 ev=Stop
2026-04-25T16:18:22Z	[BLOCK] sid=c16ce8ba-64dd-4a81-9cf8-e4579f391026 sha=517be6a949e73c5d violations: §2.25.14 応答末尾 [Review: N rounds, M personas] 付記欠落; 
2026-04-25T16:18:22Z	[BLOCK] sid=f41edf17-fdd5-4512-be7d-41f17c03d5de sha=be017747c800de95 violations: §2.25.14 応答末尾 [Review: N rounds, M personas] 付記欠落; 
2026-04-25T16:18:22Z	[BLOCK] sid=81751a1a-e7a2-4b2b-9fef-4c8802ec2b0d sha=825c1b88834f9deb violations: §2.25.14 応答末尾 [Review: N rounds, M personas] 付記欠落; 
2026-04-25T16:18:22Z	[BLOCK] sid=7e274cde-c985-4847-813c-af870d07011e sha=3e805a343d9d1e2a violations: §2.25.14 応答末尾 [Review: N rounds, M personas] 付記欠落; 
2026-04-25T16:18:22Z	[BLOCK] sid=5780f8ab-392e-4381-8c89-750d7b47ee4a sha=daaf15a333a71d0e violations: §2.25.14 応答末尾 [Review: N rounds, M personas] 付記欠落; 
2026-04-25T16:18:22Z	[BLOCK] sid=b2a09edb-9dbc-437f-a1f6-2f4dd9d66c02 sha=aefc7229bca7726b violations: §2.25.14 応答末尾 [Review: N rounds, M personas] 付記欠落; 
2026-04-25T16:18:23Z	[BLOCK] sid=bc0f5d38-ba85-4cbb-abc8-66e7324572d6 sha=d518f63ba1bff6a9 violations: §2.25.14 応答末尾 [Review: N rounds, M personas] 付記欠落; 
2026-04-25T16:18:23Z	[BLOCK] sid=ebfbc15d-28f0-40ba-9d95-6ad7514edc91 sha=4e154702b6d2784c violations: §2.25.14 応答末尾 [Review: N rounds, M personas] 付記欠落; 
2026-04-25T16:18:23Z	[BLOCK] sid=43f88b1d-6143-473c-8c74-8a6374b65c79 sha=7af1ce7d360f2904 violations: §2.25.9 PO 作業発生提案検出 + §2.25.3 メタタグ欠落; §2.25.14 応答末尾 [Review: N rounds, M personas] 付記欠落; 
2026-04-25T16:18:24Z	[PASS] sid=c16ce8ba-64dd-4a81-9cf8-e4579f391026 sha=db338e30a06f791c ev=Stop
2026-04-25T16:18:24Z	[BLOCK] sid=65926a2d-9f20-43a4-8707-de56351e05ad sha=c564190a368ef053 violations: §2.25.14 応答末尾 [Review: N rounds, M personas] 付記欠落; 
2026-04-25T16:18:24Z	[PASS] sid=81751a1a-e7a2-4b2b-9fef-4c8802ec2b0d sha=e9ab88541333a689 ev=Stop
2026-04-25T16:18:25Z	[PASS] sid=5780f8ab-392e-4381-8c89-750d7b47ee4a sha=7c175594d3f97e8d ev=Stop
2026-04-25T16:18:25Z	[PASS] sid=7e274cde-c985-4847-813c-af870d07011e sha=89d5adde6a0f8407 ev=Stop
2026-04-25T16:18:26Z	[PASS] sid=65926a2d-9f20-43a4-8707-de56351e05ad sha=e2bc77b72e0269ad ev=Stop
2026-04-25T16:18:27Z	[PASS] sid=b2a09edb-9dbc-437f-a1f6-2f4dd9d66c02 sha=f962cf957d9dfa9f ev=Stop
2026-04-25T16:18:30Z	[PASS] sid=f41edf17-fdd5-4512-be7d-41f17c03d5de sha=a55a194a99642abb ev=Stop
2026-04-25T16:18:31Z	[PASS] sid=bc0f5d38-ba85-4cbb-abc8-66e7324572d6 sha=eef49256d4297ee0 ev=Stop
2026-04-25T16:18:33Z	[PASS] sid=ebfbc15d-28f0-40ba-9d95-6ad7514edc91 sha=573b10eeba0f0a84 ev=Stop
2026-04-25T16:18:49Z	[BLOCK] sid=43f88b1d-6143-473c-8c74-8a6374b65c79 sha=e344222036bf36b2 violations: §2.25.14 応答末尾 [Review: N rounds, M personas] 付記欠落; 
2026-04-25T16:19:02Z	[PASS] sid=43f88b1d-6143-473c-8c74-8a6374b65c79 sha=3690d85a997cf675 ev=Stop
2026-04-25T16:19:09Z	[BLOCK] sid=21d15d42-8fb7-4a23-b006-d8d95c241244 sha=70bee24badf727be violations: §2.25.14 応答末尾 [Review: N rounds, M personas] 付記欠落; 
2026-04-25T16:19:09Z	[BLOCK] sid=2f74e630-f7d8-4632-8de1-cc1e7274ead8 sha=6f2d9f059b8b5c32 violations: §2.25.9 PO 作業発生提案検出 + §2.25.3 メタタグ欠落; §2.25.14 応答末尾 [Review: N rounds, M personas] 付記欠落; 
2026-04-25T16:19:10Z	[BLOCK] sid=9265365b-9a34-4b8d-8dd7-aa94b2516000 sha=b605bea20b378d06 violations: §2.25.14 応答末尾 [Review: N rounds, M personas] 付記欠落; 
2026-04-25T16:19:10Z	[BLOCK] sid=3f851269-66f5-49c4-b170-47fa3865231c sha=adbdf299712e38e7 violations: §2.25.14 応答末尾 [Review: N rounds, M personas] 付記欠落; 
2026-04-25T16:19:10Z	[BLOCK] sid=b61d769f-3f37-41cd-964b-e30d2d4bcad7 sha=e89a07b614f276f0 violations: §2.25.14 応答末尾 [Review: N rounds, M personas] 付記欠落; 
2026-04-25T16:19:12Z	[BLOCK] sid=fee0fee0-88bf-48bf-bf8c-563d3e800a31 sha=f50719a648984eb4 violations: §2.25.14 応答末尾 [Review: N rounds, M personas] 付記欠落; 
2026-04-25T16:19:13Z	[BLOCK] sid=9265365b-9a34-4b8d-8dd7-aa94b2516000 sha=aec4ffc571137585 violations: §2.25.14 応答末尾 [Review: N rounds, M personas] 付記欠落; 
2026-04-25T16:19:13Z	[BLOCK] sid=21d15d42-8fb7-4a23-b006-d8d95c241244 sha=f6e5c9abc197f277 violations: §2.25.14 応答末尾 [Review: N rounds, M personas] 付記欠落; 
2026-04-25T16:19:13Z	[PASS] sid=3f851269-66f5-49c4-b170-47fa3865231c sha=477a4dbc59af44a7 ev=Stop
2026-04-25T16:19:14Z	[PASS] sid=b61d769f-3f37-41cd-964b-e30d2d4bcad7 sha=bfbf8e3465b453d4 ev=Stop
2026-04-25T16:19:16Z	[PASS] sid=21d15d42-8fb7-4a23-b006-d8d95c241244 sha=b1373fc9caf27d0b ev=Stop
2026-04-25T16:19:16Z	[PASS] sid=fee0fee0-88bf-48bf-bf8c-563d3e800a31 sha=039fb21f60404851 ev=Stop
2026-04-25T16:19:17Z	[PASS] sid=9265365b-9a34-4b8d-8dd7-aa94b2516000 sha=cc65677f904259bf ev=Stop
2026-04-25T16:19:29Z	[PASS] sid=2f74e630-f7d8-4632-8de1-cc1e7274ead8 sha=4ca344c977b780aa ev=Stop
2026-04-25T16:19:35Z	[BLOCK] sid=e1ba7427-d01a-472d-add4-3156cf975779 sha=4b9baa9f1c247689 violations: §2.25.14 応答末尾 [Review: N rounds, M personas] 付記欠落; 
2026-04-25T16:19:38Z	[PASS] sid=e1ba7427-d01a-472d-add4-3156cf975779 sha=4ba168aad34eb161 ev=Stop
2026-04-25T16:19:49Z	[BLOCK] sid=68896755-086c-490f-a8f0-916093c6d16f sha=d0736cdaa1fb049e violations: §2.25.14 応答末尾 [Review: N rounds, M personas] 付記欠落; 
2026-04-25T16:19:49Z	[BLOCK] sid=4571b40c-fe9a-4c7d-9c31-7fcd46afa2ea sha=44217f36281fc87c violations: §2.25.14 応答末尾 [Review: N rounds, M personas] 付記欠落; 
2026-04-25T16:19:49Z	[BLOCK] sid=758046f7-d3eb-4cbf-afe9-fd90e5e97b0f sha=62430644cd36d8cf violations: §2.25.14 応答末尾 [Review: N rounds, M personas] 付記欠落; 
2026-04-25T16:19:49Z	[BLOCK] sid=1e14aebd-559e-4544-89cb-3df02b60608f sha=bde443e9e2b7bd8d violations: §2.25.14 応答末尾 [Review: N rounds, M personas] 付記欠落; 
2026-04-25T16:19:49Z	[BLOCK] sid=329d404f-c8ad-46b4-a38c-6134ffbe8fcc sha=d14b3c5ca509f311 violations: §2.25.14 応答末尾 [Review: N rounds, M personas] 付記欠落; 
2026-04-25T16:19:49Z	[BLOCK] sid=d94f554a-d154-40b4-bab3-5b766e92e61e sha=78bad60ea7a78c79 violations: §2.25.14 応答末尾 [Review: N rounds, M personas] 付記欠落; 
2026-04-25T16:19:49Z	[BLOCK] sid=fe901666-0be6-45f0-aae1-b4ae3b669f39 sha=61f0109e90abff6f violations: §2.25.14 応答末尾 [Review: N rounds, M personas] 付記欠落; 
2026-04-25T16:19:49Z	[BLOCK] sid=1ebac104-eec5-4a7f-b105-f5914cf41f8e sha=d740a6a0504dc42d violations: §2.25.14 応答末尾 [Review: N rounds, M personas] 付記欠落; 
2026-04-25T16:19:49Z	[BLOCK] sid=b7466e01-98fb-45a6-bdc9-b4215278cb4b sha=493b5c49a6e86056 violations: §2.25.14 応答末尾 [Review: N rounds, M personas] 付記欠落; 
2026-04-25T16:19:51Z	[PASS] sid=68896755-086c-490f-a8f0-916093c6d16f sha=c599c56a5b4ae103 ev=Stop
2026-04-25T16:19:51Z	[PASS] sid=4571b40c-fe9a-4c7d-9c31-7fcd46afa2ea sha=8bc4e68112ac3fae ev=Stop
2026-04-25T16:19:51Z	[PASS] sid=758046f7-d3eb-4cbf-afe9-fd90e5e97b0f sha=83e2adfe03f8928b ev=Stop
2026-04-25T16:19:51Z	[PASS] sid=b7466e01-98fb-45a6-bdc9-b4215278cb4b sha=5614732a5fb69479 ev=Stop
2026-04-25T16:19:51Z	[PASS] sid=1e14aebd-559e-4544-89cb-3df02b60608f sha=6b1628b73124aa22 ev=Stop
2026-04-25T16:19:51Z	[BLOCK] sid=85c63915-ccbb-4266-87c6-be2022d9c00e sha=e1a5f614ba743916 violations: §2.25.14 応答末尾 [Review: N rounds, M personas] 付記欠落; 
2026-04-25T16:19:51Z	[PASS] sid=329d404f-c8ad-46b4-a38c-6134ffbe8fcc sha=ce00852bab7fe9fb ev=Stop
2026-04-25T16:19:52Z	[PASS] sid=1ebac104-eec5-4a7f-b105-f5914cf41f8e sha=e729ddfca7942f70 ev=Stop
2026-04-25T16:19:52Z	[PASS] sid=fe901666-0be6-45f0-aae1-b4ae3b669f39 sha=68884b982c7bbc95 ev=Stop
2026-04-25T16:19:52Z	[PASS] sid=d94f554a-d154-40b4-bab3-5b766e92e61e sha=c8aa3c9e834459e3 ev=Stop
2026-04-25T16:19:54Z	[PASS] sid=85c63915-ccbb-4266-87c6-be2022d9c00e sha=8395dad01f70db01 ev=Stop
2026-04-25T16:20:09Z	[BLOCK] sid=14d9e0e4-9bd5-4a0c-97a2-d2e708d8c97e sha=4b0bb98ca207806d violations: §2.25.14 応答末尾 [Review: N rounds, M personas] 付記欠落; 
2026-04-25T16:20:09Z	[BLOCK] sid=8e00b24b-b50a-482c-9607-ede3305ff5f6 sha=9d278975cacb8393 violations: §2.25.14 応答末尾 [Review: N rounds, M personas] 付記欠落; 
2026-04-25T16:20:10Z	[BLOCK] sid=b2cc282e-b70e-43f0-bb52-2bcdfb3146af sha=867dc34a81c94060 violations: §2.25.14 応答末尾 [Review: N rounds, M personas] 付記欠落; 
2026-04-25T16:20:10Z	[BLOCK] sid=c5ae3f1e-733e-4168-9266-e47f316d81dc sha=610f9ecf6ee39d00 violations: §2.25.12 外部 CLI/API 言及 + 引用元 or 「未確認」欠落; §2.25.14 応答末尾 [Review: N rounds, M personas] 付記欠落; 
2026-04-25T16:20:11Z	[BLOCK] sid=9288fe3c-b71e-4516-b609-6dd92b0f544e sha=db044859a565eb98 violations: §2.25.14 応答末尾 [Review: N rounds, M personas] 付記欠落; 
2026-04-25T16:20:12Z	[BLOCK] sid=b02f7399-324f-4b04-af1c-a8379f462248 sha=132dafc7a0551fae violations: §2.25.14 応答末尾 [Review: N rounds, M personas] 付記欠落; 
2026-04-25T16:20:12Z	[PASS] sid=b2cc282e-b70e-43f0-bb52-2bcdfb3146af sha=9e7c44410d757538 ev=Stop
2026-04-25T16:20:14Z	[PASS] sid=9288fe3c-b71e-4516-b609-6dd92b0f544e sha=6484f4d159b93290 ev=Stop
2026-04-25T16:20:15Z	[PASS] sid=b02f7399-324f-4b04-af1c-a8379f462248 sha=7580b1ec38d7746e ev=Stop
2026-04-25T16:20:16Z	[PASS] sid=8e00b24b-b50a-482c-9607-ede3305ff5f6 sha=9f09cc60ddbb5b5b ev=Stop
2026-04-25T16:20:16Z	[PASS] sid=14d9e0e4-9bd5-4a0c-97a2-d2e708d8c97e sha=2eef516308c522d3 ev=Stop
2026-04-25T16:20:18Z	[PASS] sid=c5ae3f1e-733e-4168-9266-e47f316d81dc sha=d764b4bf920d98d2 ev=Stop
2026-04-25T16:20:42Z	[BLOCK] sid=d9d85186-6d4a-45e6-b5f4-0a03011891f8 sha=6df1193cd28758a8 violations: §2.25.14 応答末尾 [Review: N rounds, M personas] 付記欠落; 
2026-04-25T16:20:43Z	[BLOCK] sid=5db553b9-137d-40d2-a586-25f9473b4793 sha=82daa0b1913830bd violations: §2.25.14 応答末尾 [Review: N rounds, M personas] 付記欠落; 
2026-04-25T16:20:43Z	[BLOCK] sid=3b20b995-65b2-4b62-ad09-b877a47dbfe1 sha=48111e2016f75234 violations: §2.25.14 応答末尾 [Review: N rounds, M personas] 付記欠落; 
2026-04-25T16:20:43Z	[BLOCK] sid=bb8c2fbd-9717-4940-88a7-b9785a7c8a32 sha=1264eea68c1c3555 violations: §2.25.14 応答末尾 [Review: N rounds, M personas] 付記欠落; 
2026-04-25T16:20:43Z	[BLOCK] sid=cfd6bf3e-c9fc-4150-96c5-bb105f0c3575 sha=bbbee969ebc216f8 violations: §2.25.14 応答末尾 [Review: N rounds, M personas] 付記欠落; 
2026-04-25T16:20:44Z	[BLOCK] sid=ad2391fe-c012-4d43-a100-6665107be820 sha=072adb3c94128811 violations: §2.25.14 応答末尾 [Review: N rounds, M personas] 付記欠落; 
2026-04-25T16:20:44Z	[BLOCK] sid=4fd4ec5f-2da3-4601-8d9d-deb27efebb49 sha=650e40528e651b56 violations: §2.25.14 応答末尾 [Review: N rounds, M personas] 付記欠落; 
2026-04-25T16:20:44Z	[BLOCK] sid=6bef1735-9374-4c62-bc3e-81f5f111472e sha=3efdd9ca88bcd7ce violations: §2.25.14 応答末尾 [Review: N rounds, M personas] 付記欠落; 
2026-04-25T16:20:44Z	[BLOCK] sid=01cb2858-07f6-4000-898b-0fbe431a7fa1 sha=50c88e6bc722f9e5 violations: §2.25.14 応答末尾 [Review: N rounds, M personas] 付記欠落; 
2026-04-25T16:20:44Z	[BLOCK] sid=3361be06-b27e-4d91-8ed9-1c60dc690ec3 sha=b8a31d5a241628a9 violations: §2.25.14 応答末尾 [Review: N rounds, M personas] 付記欠落; 
2026-04-25T16:20:44Z	[PASS] sid=d9d85186-6d4a-45e6-b5f4-0a03011891f8 sha=b2b98ed5285af25e ev=Stop
2026-04-25T16:20:45Z	[PASS] sid=5db553b9-137d-40d2-a586-25f9473b4793 sha=b87a2eb82ca5aee2 ev=Stop
2026-04-25T16:20:45Z	[PASS] sid=bb8c2fbd-9717-4940-88a7-b9785a7c8a32 sha=85a92b0ff8020db7 ev=Stop
2026-04-25T16:20:46Z	[PASS] sid=3b20b995-65b2-4b62-ad09-b877a47dbfe1 sha=a58a46d677821563 ev=Stop
2026-04-25T16:20:46Z	[PASS] sid=6bef1735-9374-4c62-bc3e-81f5f111472e sha=bf049793e3b576e7 ev=Stop
2026-04-25T16:20:46Z	[PASS] sid=4fd4ec5f-2da3-4601-8d9d-deb27efebb49 sha=92792df9ad156060 ev=Stop
2026-04-25T16:20:46Z	[PASS] sid=01cb2858-07f6-4000-898b-0fbe431a7fa1 sha=303b93e40409ff0e ev=Stop
2026-04-25T16:20:47Z	[PASS] sid=ad2391fe-c012-4d43-a100-6665107be820 sha=37ad46ae8a7455b0 ev=Stop
2026-04-25T16:20:48Z	[PASS] sid=cfd6bf3e-c9fc-4150-96c5-bb105f0c3575 sha=b0148f4fd6584fee ev=Stop
2026-04-25T16:20:52Z	[PASS] sid=3361be06-b27e-4d91-8ed9-1c60dc690ec3 sha=3e60f773c2bacad8 ev=Stop
2026-04-25T16:22:55Z	[BLOCK] sid=aac1e94e-3811-4c3e-872b-d7258b6557df sha=6b5dadc1895a3587 violations: §2.25.14 応答末尾 [Review: N rounds, M personas] 付記欠落; 
2026-04-25T16:22:55Z	[BLOCK] sid=54a41157-e4fc-42cd-9fef-ff105f549a00 sha=f0551525d933836e violations: §2.25.14 応答末尾 [Review: N rounds, M personas] 付記欠落; 
2026-04-25T16:22:55Z	[BLOCK] sid=abe66c4a-b343-49bf-8faa-bf717e721db1 sha=82662737b18e5b61 violations: §2.25.14 応答末尾 [Review: N rounds, M personas] 付記欠落; 
2026-04-25T16:22:55Z	[BLOCK] sid=e0140ca3-57c6-44e4-8c60-ac89e33bbcde sha=edce43a6a384cc24 violations: §2.25.14 応答末尾 [Review: N rounds, M personas] 付記欠落; 
2026-04-25T16:22:55Z	[BLOCK] sid=03f535e2-f061-4524-a57e-ce6fe5513a83 sha=e617c028ee2c5a3b violations: §2.25.14 応答末尾 [Review: N rounds, M personas] 付記欠落; 
2026-04-25T16:22:55Z	[BLOCK] sid=69905e65-1232-4cf4-9993-84d20954acd0 sha=9275f6053ec54e62 violations: §2.25.14 応答末尾 [Review: N rounds, M personas] 付記欠落; 
2026-04-25T16:22:56Z	[BLOCK] sid=195d1e98-660c-4816-b112-90a1783fff3a sha=ee0d93ef275e37f1 violations: §2.25.14 応答末尾 [Review: N rounds, M personas] 付記欠落; 
2026-04-25T16:22:56Z	[BLOCK] sid=e694e119-d527-4f9f-8d05-b3b841126a7f sha=f00eacacc497747a violations: §2.25.14 応答末尾 [Review: N rounds, M personas] 付記欠落; 
2026-04-25T16:22:56Z	[BLOCK] sid=352be482-07f9-43e7-acc9-e4ce78542beb sha=23ac0c69597e9ca5 violations: §2.25.14 応答末尾 [Review: N rounds, M personas] 付記欠落; 
2026-04-25T16:22:56Z	[BLOCK] sid=4aeff9a4-2e4f-448d-b69e-eb29408d78ff sha=d28448921c6db327 violations: §2.25.14 応答末尾 [Review: N rounds, M personas] 付記欠落; 
2026-04-25T16:22:57Z	[PASS] sid=aac1e94e-3811-4c3e-872b-d7258b6557df sha=28ec19cca2b95e3f ev=Stop
2026-04-25T16:22:57Z	[PASS] sid=69905e65-1232-4cf4-9993-84d20954acd0 sha=a366b93d47913064 ev=Stop
2026-04-25T16:22:58Z	[PASS] sid=352be482-07f9-43e7-acc9-e4ce78542beb sha=62390d5a86a9f0eb ev=Stop
2026-04-25T16:22:58Z	[PASS] sid=abe66c4a-b343-49bf-8faa-bf717e721db1 sha=a366b93d47913064 ev=Stop
2026-04-25T16:22:58Z	[PASS] sid=e0140ca3-57c6-44e4-8c60-ac89e33bbcde sha=537fb5ab7ff8e93b ev=Stop
2026-04-25T16:22:59Z	[PASS] sid=03f535e2-f061-4524-a57e-ce6fe5513a83 sha=8031b3d5c24c0fb0 ev=Stop
2026-04-25T16:22:59Z	[PASS] sid=195d1e98-660c-4816-b112-90a1783fff3a sha=cd3326fa26cfcb51 ev=Stop
2026-04-25T16:23:00Z	[PASS] sid=e694e119-d527-4f9f-8d05-b3b841126a7f sha=a767e7a743b0ddf7 ev=Stop
2026-04-25T16:23:00Z	[PASS] sid=54a41157-e4fc-42cd-9fef-ff105f549a00 sha=509b31fc67306e8c ev=Stop
2026-04-25T16:23:02Z	[PASS] sid=4aeff9a4-2e4f-448d-b69e-eb29408d78ff sha=3e4ce53c9eda45f7 ev=Stop
2026-04-25T16:24:37Z	[BLOCK] sid=3731b7b7-f06d-4cdd-bbed-4cfb781e3bbb sha=09e078c0351d0823 violations: §2.25.14 応答末尾 [Review: N rounds, M personas] 付記欠落; 
2026-04-25T16:24:37Z	[BLOCK] sid=9919ea8d-728a-4894-885b-a59c54ccceda sha=f818f8c022f2ec23 violations: §2.25.14 応答末尾 [Review: N rounds, M personas] 付記欠落; 
2026-04-25T16:24:38Z	[BLOCK] sid=3c48cc11-d957-483e-8ca1-4c1ab3a4cb9a sha=6448d75dc504c4c5 violations: §2.25.14 応答末尾 [Review: N rounds, M personas] 付記欠落; 
2026-04-25T16:24:38Z	[BLOCK] sid=2c29fbc5-599d-4616-a864-fa9fe0914683 sha=f4f4f63bb8f68c36 violations: §2.25.14 応答末尾 [Review: N rounds, M personas] 付記欠落; 
2026-04-25T16:24:38Z	[BLOCK] sid=8c56c4d3-5b0a-45b2-a309-349fea0a4ea2 sha=6cc0971f7f66fa9d violations: §2.25.14 応答末尾 [Review: N rounds, M personas] 付記欠落; 
2026-04-25T16:24:38Z	[BLOCK] sid=c05fa22e-fd2b-422e-be95-a53f39ab32f9 sha=a3a7f9bda052cf14 violations: §2.25.14 応答末尾 [Review: N rounds, M personas] 付記欠落; 
2026-04-25T16:24:38Z	[BLOCK] sid=2d1b6ede-ecf8-4c04-b1c3-7880cc41f5b5 sha=185a65b838f029a4 violations: §2.25.14 応答末尾 [Review: N rounds, M personas] 付記欠落; 
2026-04-25T16:24:38Z	[BLOCK] sid=7eaa7503-0dfe-4e65-b81b-987c84c7855a sha=427235bc86f9b910 violations: §2.25.14 応答末尾 [Review: N rounds, M personas] 付記欠落; 
2026-04-25T16:24:39Z	[BLOCK] sid=f0318708-c8bf-4667-b0a1-3ad88e265a1b sha=3f5d84739166b375 violations: §2.25.14 応答末尾 [Review: N rounds, M personas] 付記欠落; 
2026-04-25T16:24:39Z	[BLOCK] sid=3fb83b20-11ba-4312-960e-7de7c449d507 sha=2b892581332fee7c violations: §2.25.14 応答末尾 [Review: N rounds, M personas] 付記欠落; 
2026-04-25T16:24:39Z	[PASS] sid=3731b7b7-f06d-4cdd-bbed-4cfb781e3bbb sha=703a46dcc7e8d9ce ev=Stop
2026-04-25T16:24:41Z	[PASS] sid=8c56c4d3-5b0a-45b2-a309-349fea0a4ea2 sha=ee715d792a654954 ev=Stop
2026-04-25T16:24:41Z	[PASS] sid=c05fa22e-fd2b-422e-be95-a53f39ab32f9 sha=3e9476dc5476568c ev=Stop
2026-04-25T16:24:41Z	[PASS] sid=2d1b6ede-ecf8-4c04-b1c3-7880cc41f5b5 sha=c9946449845bed1d ev=Stop
2026-04-25T16:24:41Z	[PASS] sid=3fb83b20-11ba-4312-960e-7de7c449d507 sha=731d2274f792323e ev=Stop
2026-04-25T16:24:41Z	[PASS] sid=7eaa7503-0dfe-4e65-b81b-987c84c7855a sha=9487647c3dc1301d ev=Stop
2026-04-25T16:24:41Z	[PASS] sid=f0318708-c8bf-4667-b0a1-3ad88e265a1b sha=91a7e7f6497c4dd8 ev=Stop
2026-04-25T16:24:42Z	[PASS] sid=3c48cc11-d957-483e-8ca1-4c1ab3a4cb9a sha=61e4df922e76709c ev=Stop
2026-04-25T16:24:42Z	[PASS] sid=2c29fbc5-599d-4616-a864-fa9fe0914683 sha=d5d830e791a217ec ev=Stop
2026-04-25T16:24:44Z	[PASS] sid=9919ea8d-728a-4894-885b-a59c54ccceda sha=77e0d34e964c8931 ev=Stop
2026-04-25T16:24:52Z	[BLOCK] sid=3a114d67-57d0-4e4a-b4d4-ca8fa2a66a13 sha=43835216196b69ab violations: §2.25.11 直前 3T 立場矛盾 + 撤回宣言欠落; 
2026-04-25T16:25:10Z	[PASS] sid=3a114d67-57d0-4e4a-b4d4-ca8fa2a66a13 sha=0aee9ffb0121a775 ev=Stop
2026-04-25T16:26:52Z	[FAIL] hook input JSON parse 失敗: PARSE_ERROR	Invalid control character at: line 1 column 106 (char 105)
2026-04-25T16:26:53Z	[FAIL] hook input JSON parse 失敗: PARSE_ERROR	Invalid control character at: line 1 column 108 (char 107)
2026-04-25T16:26:57Z	[PASS] sid=test_vio12_repo_root_fix_3 sha=88609257bc764883 ev=Stop
2026-04-25T16:27:04Z	[PASS] sid=test_t1 sha=a078c980c397fe64 ev=Stop
2026-04-25T16:27:09Z	[PASS] sid=test_t2 sha=0e9cfceae9a1e2a7 ev=Stop
2026-04-25T16:27:11Z	[PASS] sid=test_t1_judge sha=01e5738441e38a73 ev=Stop
2026-04-25T16:27:26Z	[PASS] sid=3a114d67-57d0-4e4a-b4d4-ca8fa2a66a13 sha=08d310526292d5bc ev=Stop
2026-04-25T16:28:46Z	[PASS] sid=3a114d67-57d0-4e4a-b4d4-ca8fa2a66a13 sha=95d4c185cb08112b ev=Stop
2026-04-25T16:30:12Z	[WARN] sid=3a114d67-57d0-4e4a-b4d4-ca8fa2a66a13 sha=853347490cf748ec warnings: §2.25.13 完了報告 16 行（>8）+ PO 明示要求なし; 
2026-04-25T16:30:12Z	[PASS] sid=3a114d67-57d0-4e4a-b4d4-ca8fa2a66a13 sha=853347490cf748ec ev=Stop
2026-04-25T16:33:28Z	[WARN] sid=3a114d67-57d0-4e4a-b4d4-ca8fa2a66a13 sha=ac6e79cbf8aa5279 warnings: §2.25.13 完了報告 16 行（>8）+ PO 明示要求なし; 
2026-04-25T16:33:28Z	[PASS] sid=3a114d67-57d0-4e4a-b4d4-ca8fa2a66a13 sha=ac6e79cbf8aa5279 ev=Stop
2026-04-25T16:36:44Z	[BLOCK] sid=3a114d67-57d0-4e4a-b4d4-ca8fa2a66a13 sha=593fcefe37f35921 violations: §2.25.9 PO 作業発生提案検出 + §2.25.3 メタタグ欠落; 
2026-04-25T16:36:58Z	[BLOCK] sid=3a114d67-57d0-4e4a-b4d4-ca8fa2a66a13 sha=b49ea38d872e5252 violations: §2.25.11 直前 3T 立場矛盾 + 撤回宣言欠落; §2.25.12 外部 CLI/API 言及 + 引用元 or 「未確認」欠落; 
2026-04-25T16:37:25Z	[PASS] sid=3a114d67-57d0-4e4a-b4d4-ca8fa2a66a13 sha=c331d2087dfe0b6a ev=Stop
2026-04-25T16:39:42Z	[WARN] sid=3a114d67-57d0-4e4a-b4d4-ca8fa2a66a13 sha=0f07571e4ae6308f warnings: §2.25.13 完了報告 20 行（>8）+ PO 明示要求なし; 
2026-04-25T16:39:42Z	[PASS] sid=3a114d67-57d0-4e4a-b4d4-ca8fa2a66a13 sha=0f07571e4ae6308f ev=Stop
2026-04-25T16:43:20Z	[BLOCK] sid=3a114d67-57d0-4e4a-b4d4-ca8fa2a66a13 sha=6c051514fc103f1d violations: §2.25.12 外部 CLI/API 言及 + 引用元 or 「未確認」欠落; 
2026-04-25T16:43:31Z	[PASS] sid=3a114d67-57d0-4e4a-b4d4-ca8fa2a66a13 sha=3147da99354ee46b ev=Stop
2026-04-25T16:43:48Z	[WARN] sid=3a114d67-57d0-4e4a-b4d4-ca8fa2a66a13 sha=18a4e6e3a709342d warnings: §2.25.13 完了報告 11 行（>8）+ PO 明示要求なし; 
2026-04-25T16:43:48Z	[PASS] sid=3a114d67-57d0-4e4a-b4d4-ca8fa2a66a13 sha=18a4e6e3a709342d ev=Stop
2026-04-25T16:44:26Z	[PASS] sid=3a114d67-57d0-4e4a-b4d4-ca8fa2a66a13 sha=32982020e21645bc ev=Stop
2026-04-25T16:48:36Z	[BLOCK] sid=3a114d67-57d0-4e4a-b4d4-ca8fa2a66a13 sha=8779cbe4ac22e775 violations: §2.25.9 PO 作業発生提案検出 + §2.25.3 メタタグ欠落; 
2026-04-25T16:48:46Z	[PASS] sid=3a114d67-57d0-4e4a-b4d4-ca8fa2a66a13 sha=5997e0267f1d2ebc ev=Stop
2026-04-25T16:50:09Z	[BLOCK] sid=3a114d67-57d0-4e4a-b4d4-ca8fa2a66a13 sha=904f1cd6822ce87d violations: §2.25.14 応答末尾 [Review: N rounds, M personas] 付記欠落; 
2026-04-25T16:50:13Z	[BLOCK] sid=3a114d67-57d0-4e4a-b4d4-ca8fa2a66a13 sha=e9c567ba791bb8f7 violations: §2.25.9 PO 作業発生提案検出 + §2.25.3 メタタグ欠落; 
2026-04-25T16:50:22Z	[BLOCK] sid=3a114d67-57d0-4e4a-b4d4-ca8fa2a66a13 sha=1f51041a73d1ded4 violations: §2.25.9 PO 作業発生提案検出 + §2.25.3 メタタグ欠落; 
2026-04-25T16:50:35Z	[PASS] sid=3a114d67-57d0-4e4a-b4d4-ca8fa2a66a13 sha=ac58e222e1a3725f ev=Stop
2026-04-25T16:53:42Z	[BLOCK] sid=90654e77-3915-4f01-8318-8d2000644905 sha=bb1eb952cdf0203a violations: §2.25.14 応答末尾 [Review: N rounds, M personas] 付記欠落; 
2026-04-25T16:53:42Z	[BLOCK] sid=b1a701f8-49a2-471c-af51-2614325c0547 sha=e97495171a07b54e violations: §2.25.14 応答末尾 [Review: N rounds, M personas] 付記欠落; 
2026-04-25T16:53:42Z	[BLOCK] sid=439ea050-24d3-4f00-9f62-c133f30240d7 sha=cd8aff112ee779d2 violations: §2.25.14 応答末尾 [Review: N rounds, M personas] 付記欠落; 
2026-04-25T16:53:43Z	[BLOCK] sid=07ffe3f4-0fc8-4ae6-ac4a-99622de6bbbc sha=69aafa68867022c3 violations: §2.25.14 応答末尾 [Review: N rounds, M personas] 付記欠落; 
2026-04-25T16:53:43Z	[BLOCK] sid=11a09e7c-e6e7-489a-a1f0-a4824cb00c34 sha=1796ea19e10cafd1 violations: §2.25.14 応答末尾 [Review: N rounds, M personas] 付記欠落; 
2026-04-25T16:53:43Z	[BLOCK] sid=34f4499b-f6fd-4426-b5cc-3c8d16cca3c7 sha=a671d173736e1eda violations: §2.25.14 応答末尾 [Review: N rounds, M personas] 付記欠落; 
2026-04-25T16:53:44Z	[BLOCK] sid=101ce9f5-766c-4888-bd8f-19c7d309c444 sha=1b74dbaa5d140c88 violations: §2.25.14 応答末尾 [Review: N rounds, M personas] 付記欠落; 
2026-04-25T16:53:44Z	[BLOCK] sid=079b7700-4ca4-4806-b088-752b2511343b sha=34ab6b4993d63244 violations: §2.25.14 応答末尾 [Review: N rounds, M personas] 付記欠落; 
2026-04-25T16:53:44Z	[BLOCK] sid=600422d1-7ccd-472b-82fa-5cbb74eab36d sha=61c9f6ed2f0be07c violations: §2.25.9 PO 作業発生提案検出 + §2.25.3 メタタグ欠落; §2.25.14 応答末尾 [Review: N rounds, M personas] 付記欠落; 
2026-04-25T16:53:44Z	[BLOCK] sid=68051f16-b532-41f0-8446-7f9e6d5c4e58 sha=2aac97b4a321869e violations: §2.25.14 応答末尾 [Review: N rounds, M personas] 付記欠落; 
2026-04-25T16:53:45Z	[PASS] sid=90654e77-3915-4f01-8318-8d2000644905 sha=ee9209c671d6eaf8 ev=Stop
2026-04-25T16:53:45Z	[PASS] sid=07ffe3f4-0fc8-4ae6-ac4a-99622de6bbbc sha=e03a9a4ff004113d ev=Stop
2026-04-25T16:53:45Z	[PASS] sid=b1a701f8-49a2-471c-af51-2614325c0547 sha=484ebc5bc1cdaffd ev=Stop
2026-04-25T16:53:45Z	[PASS] sid=439ea050-24d3-4f00-9f62-c133f30240d7 sha=fe9c2b05121a1590 ev=Stop
2026-04-25T16:53:45Z	[PASS] sid=11a09e7c-e6e7-489a-a1f0-a4824cb00c34 sha=f1558ba26074682e ev=Stop
2026-04-25T16:53:46Z	[PASS] sid=34f4499b-f6fd-4426-b5cc-3c8d16cca3c7 sha=e53f757da48f9d42 ev=Stop
2026-04-25T16:53:46Z	[PASS] sid=101ce9f5-766c-4888-bd8f-19c7d309c444 sha=5711338a41b4ac0d ev=Stop
2026-04-25T16:53:46Z	[PASS] sid=079b7700-4ca4-4806-b088-752b2511343b sha=92eb08c6c9e3cbe5 ev=Stop
2026-04-25T16:53:47Z	[PASS] sid=68051f16-b532-41f0-8446-7f9e6d5c4e58 sha=d7c78adea70db3d1 ev=Stop
2026-04-25T16:53:47Z	[PASS] sid=600422d1-7ccd-472b-82fa-5cbb74eab36d sha=a43b22609deb54ea ev=Stop
2026-04-25T16:54:25Z	[BLOCK] sid=3a114d67-57d0-4e4a-b4d4-ca8fa2a66a13 sha=2b2f1f9ea3716968 violations: §2.25.14 応答末尾 [Review: N rounds, M personas] 付記欠落; 
2026-04-25T16:55:31Z	[BLOCK] sid=e8187fc7-fb02-420e-8ee2-68737eb963a3 sha=abf9a40e7f6b443b violations: §2.25.14 応答末尾 [Review: N rounds, M personas] 付記欠落; 
2026-04-25T16:55:32Z	[BLOCK] sid=0f19c867-904c-4ea5-bf55-f992ac831901 sha=cd5871366697865f violations: §2.25.14 応答末尾 [Review: N rounds, M personas] 付記欠落; 
2026-04-25T16:55:32Z	[BLOCK] sid=41d56193-47e7-4052-8931-0c31b2cff188 sha=88158ae072726f97 violations: §2.25.14 応答末尾 [Review: N rounds, M personas] 付記欠落; 
2026-04-25T16:55:32Z	[BLOCK] sid=0e0d3b1b-3c0b-4f1e-b6a9-0ad83a91105f sha=6cb2a2c592c6756a violations: §2.25.14 応答末尾 [Review: N rounds, M personas] 付記欠落; 
2026-04-25T16:55:32Z	[BLOCK] sid=1aaa58a0-64e2-4aed-acb8-c7a9dbbd624a sha=1cc4a914e6b96d3d violations: §2.25.14 応答末尾 [Review: N rounds, M personas] 付記欠落; 
2026-04-25T16:55:32Z	[BLOCK] sid=22ad1f9c-6820-4925-9a00-695cef101cce sha=c307e7be172b06f5 violations: §2.25.14 応答末尾 [Review: N rounds, M personas] 付記欠落; 
2026-04-25T16:55:32Z	[BLOCK] sid=601e409e-b875-4bc4-b187-abf34845babc sha=29ebb04ea3a3133c violations: §2.25.14 応答末尾 [Review: N rounds, M personas] 付記欠落; 
2026-04-25T16:55:32Z	[BLOCK] sid=94760032-bcc8-4fe7-b42f-d034b5b16572 sha=790675757d03ac12 violations: §2.25.14 応答末尾 [Review: N rounds, M personas] 付記欠落; 
2026-04-25T16:55:32Z	[BLOCK] sid=0c09e73b-a3ac-4dbb-9641-c95cd7694412 sha=8e7073bd3244fbb1 violations: §2.25.14 応答末尾 [Review: N rounds, M personas] 付記欠落; 
2026-04-25T16:55:33Z	[BLOCK] sid=e2fd92b8-3aa6-4d1c-86c6-067e74bc03e6 sha=650bdf6ef1ea676d violations: §2.25.14 応答末尾 [Review: N rounds, M personas] 付記欠落; 
2026-04-25T16:55:33Z	[PASS] sid=e8187fc7-fb02-420e-8ee2-68737eb963a3 sha=db7e3dc5a1aa198c ev=Stop
2026-04-25T16:55:34Z	[PASS] sid=0f19c867-904c-4ea5-bf55-f992ac831901 sha=c3bbb29a65073644 ev=Stop
2026-04-25T16:55:34Z	[PASS] sid=94760032-bcc8-4fe7-b42f-d034b5b16572 sha=fef9da54fca579b1 ev=Stop
2026-04-25T16:55:34Z	[PASS] sid=22ad1f9c-6820-4925-9a00-695cef101cce sha=d0ff5811ec17d1f7 ev=Stop
2026-04-25T16:55:34Z	[PASS] sid=41d56193-47e7-4052-8931-0c31b2cff188 sha=3c6c373523b6b779 ev=Stop
2026-04-25T16:55:35Z	[PASS] sid=1aaa58a0-64e2-4aed-acb8-c7a9dbbd624a sha=ab71f085c74b4e6c ev=Stop
2026-04-25T16:55:36Z	[PASS] sid=e2fd92b8-3aa6-4d1c-86c6-067e74bc03e6 sha=ce07e05885ca1b69 ev=Stop
2026-04-25T16:55:36Z	[PASS] sid=0c09e73b-a3ac-4dbb-9641-c95cd7694412 sha=cb96111ae44a4960 ev=Stop
2026-04-25T16:55:37Z	[PASS] sid=601e409e-b875-4bc4-b187-abf34845babc sha=ea3995f23190eb85 ev=Stop
2026-04-25T16:55:39Z	[PASS] sid=0e0d3b1b-3c0b-4f1e-b6a9-0ad83a91105f sha=871b1a134230dea2 ev=Stop
2026-04-25T16:55:57Z	[BLOCK] sid=cb9420d6-ca04-4203-b563-750871ddf3f5 sha=e82a3f86ae52117d violations: §2.25.11 直前 3T 立場矛盾 + 撤回宣言欠落; §2.25.12 外部 CLI/API 言及 + 引用元 or 「未確認」欠落; §2.25.14 応答末尾 [Review: N rounds, M personas] 付記欠落; 
2026-04-25T16:56:01Z	[BLOCK] sid=5b7f3846-7c22-4458-bb07-ce98653eefb0 sha=e0a9b31dc0d0904c violations: §2.25.14 応答末尾 [Review: N rounds, M personas] 付記欠落; 
2026-04-25T16:56:02Z	[BLOCK] sid=db9bab5f-a168-4e3b-bcaf-47f7e5ff7481 sha=fbe49126e2bf46af violations: §2.25.9 PO 作業発生提案検出 + §2.25.3 メタタグ欠落; §2.25.11 直前 3T 立場矛盾 + 撤回宣言欠落; §2.25.14 応答末尾 [Review: N rounds, M personas] 付記欠落; 
2026-04-25T16:56:03Z	[BLOCK] sid=f2fdc928-3bba-45f8-8b05-dde483836591 sha=0faab19e15689a1b violations: §2.25.11 直前 3T 立場矛盾 + 撤回宣言欠落; §2.25.12 外部 CLI/API 言及 + 引用元 or 「未確認」欠落; §2.25.14 応答末尾 [Review: N rounds, M personas] 付記欠落; 
2026-04-25T16:56:03Z	[BLOCK] sid=fc6054ee-6156-4f4d-9bc5-90ad8561433a sha=66449bc4d0b7795f violations: §2.25.12 外部 CLI/API 言及 + 引用元 or 「未確認」欠落; §2.25.14 応答末尾 [Review: N rounds, M personas] 付記欠落; 
2026-04-25T16:56:04Z	[BLOCK] sid=9dc13c2c-cf86-48b6-8ac7-ec188c802db0 sha=c0a4d9563942e2de violations: §2.25.9 PO 作業発生提案検出 + §2.25.3 メタタグ欠落; §2.25.11 直前 3T 立場矛盾 + 撤回宣言欠落; §2.25.14 応答末尾 [Review: N rounds, M personas] 付記欠落; 
2026-04-25T16:56:05Z	[BLOCK] sid=5dc3c9e6-d93d-40b0-8d69-bfccb6ac9e22 sha=4c6256c6cb8ca943 violations: §2.25.12 外部 CLI/API 言及 + 引用元 or 「未確認」欠落; §2.25.14 応答末尾 [Review: N rounds, M personas] 付記欠落; 
2026-04-25T16:56:06Z	[BLOCK] sid=437dceba-9caa-4a28-a7b0-df5f22b90091 sha=c13c0c30a3f1be6a violations: §2.25.9 PO 作業発生提案検出 + §2.25.3 メタタグ欠落; §2.25.14 応答末尾 [Review: N rounds, M personas] 付記欠落; 
2026-04-25T16:56:07Z	[BLOCK] sid=e0735722-e1d6-471a-8350-be7053136e34 sha=af863cbf144f317e violations: §2.25.11 直前 3T 立場矛盾 + 撤回宣言欠落; §2.25.12 外部 CLI/API 言及 + 引用元 or 「未確認」欠落; §2.25.14 応答末尾 [Review: N rounds, M personas] 付記欠落; 
2026-04-25T16:56:13Z	[BLOCK] sid=3f7292c6-7b08-4f22-888b-64378057cbc9 sha=37966be44ad5aed8 violations: §2.25.12 外部 CLI/API 言及 + 引用元 or 「未確認」欠落; §2.25.14 応答末尾 [Review: N rounds, M personas] 付記欠落; 
2026-04-25T16:56:24Z	[WARN] sid=5b7f3846-7c22-4458-bb07-ce98653eefb0 sha=734dd95e47d68f3a warnings: §2.25.13 完了報告 30 行（>8）+ PO 明示要求なし; 
2026-04-25T16:56:24Z	[PASS] sid=5b7f3846-7c22-4458-bb07-ce98653eefb0 sha=734dd95e47d68f3a ev=Stop
2026-04-25T16:56:27Z	[PASS] sid=cb9420d6-ca04-4203-b563-750871ddf3f5 sha=f433dd913bd11bce ev=Stop
2026-04-25T16:56:34Z	[BLOCK] sid=9dc13c2c-cf86-48b6-8ac7-ec188c802db0 sha=5a49b498377eee22 violations: §2.25.12 外部 CLI/API 言及 + 引用元 or 「未確認」欠落; 
2026-04-25T16:56:38Z	[BLOCK] sid=3a114d67-57d0-4e4a-b4d4-ca8fa2a66a13 sha=3cfcf124bc02e7b1 violations: §2.25.14 応答末尾 [Review: N rounds, M personas] 付記欠落; 
2026-04-25T16:56:50Z	[WARN] sid=9dc13c2c-cf86-48b6-8ac7-ec188c802db0 sha=f59b771ac7ef29ee warnings: §2.25.13 完了報告 41 行（>8）+ PO 明示要求なし; 
2026-04-25T16:56:50Z	[PASS] sid=9dc13c2c-cf86-48b6-8ac7-ec188c802db0 sha=f59b771ac7ef29ee ev=Stop
2026-04-25T16:56:57Z	[PASS] sid=f2fdc928-3bba-45f8-8b05-dde483836591 sha=85b999ff8b94d371 ev=Stop
2026-04-25T16:57:02Z	[PASS] sid=3f7292c6-7b08-4f22-888b-64378057cbc9 sha=52c02d6d0a8360aa ev=Stop
2026-04-25T16:57:42Z	[BLOCK] sid=3a114d67-57d0-4e4a-b4d4-ca8fa2a66a13 sha=418c8a3d1f8bba41 violations: §2.25.12 外部 CLI/API 言及 + 引用元 or 「未確認」欠落; 
2026-04-25T16:57:57Z	[BLOCK] sid=c30324b2-7e58-4e50-b972-00b2c4ef2889 sha=9af635f602da1044 violations: §2.25.9 PO 作業発生提案検出 + §2.25.3 メタタグ欠落; 
2026-04-25T16:57:57Z	[BLOCK] sid=2299f6d2-0fc6-4d81-a262-c2d35923dfc0 sha=6419dc13f3d7709b violations: §2.25.9 PO 作業発生提案検出 + §2.25.3 メタタグ欠落; 
2026-04-25T16:58:00Z	[BLOCK] sid=b2535e1c-5abc-4d1d-b219-87e123f6ec9f sha=2f2be45d22bc9674 violations: §2.25.11 直前 3T 立場矛盾 + 撤回宣言欠落; 
2026-04-25T16:58:03Z	[PASS] sid=3a114d67-57d0-4e4a-b4d4-ca8fa2a66a13 sha=85015548e7393c89 ev=Stop
2026-04-25T16:58:12Z	[BLOCK] sid=7d3fd0c3-e381-4c0b-a9bb-b00c57ffd228 sha=68cb19287ebe4428 violations: §2.25.12 外部 CLI/API 言及 + 引用元 or 「未確認」欠落; 
2026-04-25T16:58:13Z	[PASS] sid=2299f6d2-0fc6-4d81-a262-c2d35923dfc0 sha=af3038090c4bb003 ev=Stop
2026-04-25T16:58:15Z	[BLOCK] sid=a2013148-5596-411a-8f40-8b7890d4c55f sha=0d1a1a539f141d24 violations: §2.25.11 直前 3T 立場矛盾 + 撤回宣言欠落; 
2026-04-25T16:58:18Z	[BLOCK] sid=c30324b2-7e58-4e50-b972-00b2c4ef2889 sha=6915b3e5337757ec violations: §2.25.11 直前 3T 立場矛盾 + 撤回宣言欠落; §2.25.14 応答末尾 [Review: N rounds, M personas] 付記欠落; 
2026-04-25T16:58:21Z	[PASS] sid=b2535e1c-5abc-4d1d-b219-87e123f6ec9f sha=6d64e5a84061b5dd ev=Stop
2026-04-25T16:58:41Z	[PASS] sid=a2013148-5596-411a-8f40-8b7890d4c55f sha=ca9f4261144be220 ev=Stop
2026-04-25T16:58:42Z	[OVERRIDE] gate_override.flag 検出、gate 一時無効化
2026-04-25T16:58:52Z	[BLOCK] sid=efb8fd60-1d59-4e0c-93d9-9524c55fa55b sha=390395af00f0b7d2 violations: §2.25.14 応答末尾 [Review: N rounds, M personas] 付記欠落; 
2026-04-25T16:58:53Z	[BLOCK] sid=ca765b60-59b1-434e-a159-a906a94fb2b4 sha=14334d676dded989 violations: §2.25.14 応答末尾 [Review: N rounds, M personas] 付記欠落; 
2026-04-25T16:58:53Z	[BLOCK] sid=4fef8f0d-f88a-441f-9975-955862b028b7 sha=5919b105487ac260 violations: §2.25.14 応答末尾 [Review: N rounds, M personas] 付記欠落; 
2026-04-25T16:58:53Z	[BLOCK] sid=469ff886-fce6-4804-9545-84c16a9c37c2 sha=a6d91703f63a540e violations: §2.25.14 応答末尾 [Review: N rounds, M personas] 付記欠落; 
2026-04-25T16:58:53Z	[BLOCK] sid=bdfc70e9-545b-4e46-bfe7-83415c893d9a sha=afba782423b128ec violations: §2.25.9 PO 作業発生提案検出 + §2.25.3 メタタグ欠落; §2.25.14 応答末尾 [Review: N rounds, M personas] 付記欠落; 
2026-04-25T16:58:53Z	[BLOCK] sid=b4654a2f-afa8-45bd-abc4-f512f8079e03 sha=18e53b0cd7f56b18 violations: §2.25.14 応答末尾 [Review: N rounds, M personas] 付記欠落; 
2026-04-25T16:58:53Z	[BLOCK] sid=933dc9d9-3b40-4a86-b626-b6f8b8412b57 sha=9cc9c24a72cb579a violations: §2.25.14 応答末尾 [Review: N rounds, M personas] 付記欠落; 
2026-04-25T16:58:53Z	[BLOCK] sid=23446ada-82ad-41c0-8c07-ceca98c3d0bb sha=b1a081d64aa3f318 violations: §2.25.14 応答末尾 [Review: N rounds, M personas] 付記欠落; 
2026-04-25T16:58:54Z	[BLOCK] sid=6e355694-9068-40b5-937c-85ba9fdac506 sha=c8ab0da0e415fe1c violations: §2.25.14 応答末尾 [Review: N rounds, M personas] 付記欠落; 
2026-04-25T16:58:55Z	[PASS] sid=efb8fd60-1d59-4e0c-93d9-9524c55fa55b sha=1ef4c1ec56390d96 ev=Stop
2026-04-25T16:58:55Z	[PASS] sid=4fef8f0d-f88a-441f-9975-955862b028b7 sha=827ab7bb6ae3f689 ev=Stop
2026-04-25T16:58:56Z	[PASS] sid=b4654a2f-afa8-45bd-abc4-f512f8079e03 sha=b9ee47128e495883 ev=Stop
2026-04-25T16:58:56Z	[PASS] sid=469ff886-fce6-4804-9545-84c16a9c37c2 sha=d64e0344320809c9 ev=Stop
2026-04-25T16:58:56Z	[PASS] sid=ca765b60-59b1-434e-a159-a906a94fb2b4 sha=9716902148e17f45 ev=Stop
2026-04-25T16:58:57Z	[PASS] sid=933dc9d9-3b40-4a86-b626-b6f8b8412b57 sha=027aa186ce45907f ev=Stop
2026-04-25T16:58:57Z	[BLOCK] sid=2d61a754-5f29-45e1-b91c-5b59342f1a9c sha=5e09b15c57418dc5 violations: §2.25.14 応答末尾 [Review: N rounds, M personas] 付記欠落; 
2026-04-25T16:58:57Z	[PASS] sid=23446ada-82ad-41c0-8c07-ceca98c3d0bb sha=593766d8c1f89dcb ev=Stop
2026-04-25T16:58:57Z	[PASS] sid=6e355694-9068-40b5-937c-85ba9fdac506 sha=5437ef16290ed67f ev=Stop
2026-04-25T16:58:59Z	[PASS] sid=2d61a754-5f29-45e1-b91c-5b59342f1a9c sha=8f3e9ecd6496acf5 ev=Stop
2026-04-25T16:59:07Z	[BLOCK] sid=bdfc70e9-545b-4e46-bfe7-83415c893d9a sha=ae2b58477f60994c violations: §2.25.14 応答末尾 [Review: N rounds, M personas] 付記欠落; 
2026-04-25T16:59:28Z	[BLOCK] sid=bdfc70e9-545b-4e46-bfe7-83415c893d9a sha=7898a45fc169d489 violations: §2.25.14 応答末尾 [Review: N rounds, M personas] 付記欠落; 
2026-04-25T16:59:34Z	[WARN] sid=c30324b2-7e58-4e50-b972-00b2c4ef2889 sha=f247a639ce38953e warnings: §2.25.13 完了報告 26 行（>8）+ PO 明示要求なし; 
2026-04-25T16:59:34Z	[PASS] sid=c30324b2-7e58-4e50-b972-00b2c4ef2889 sha=f247a639ce38953e ev=Stop
2026-04-25T16:59:35Z	[PASS] sid=bdfc70e9-545b-4e46-bfe7-83415c893d9a sha=86b1cf644c22b72c ev=Stop
2026-04-25T16:59:48Z	[BLOCK] sid=3a114d67-57d0-4e4a-b4d4-ca8fa2a66a13 sha=4e1fb66ddfd272a2 violations: §2.25.9 PO 作業発生提案検出 + §2.25.3 メタタグ欠落; §2.25.11 直前 3T 立場矛盾 + 撤回宣言欠落; §2.25.14 応答末尾 [Review: N rounds, M personas] 付記欠落; 
2026-04-25T17:00:15Z	[WARN] sid=3a114d67-57d0-4e4a-b4d4-ca8fa2a66a13 sha=85f39bcde3f46c80 warnings: §2.25.13 完了報告 23 行（>8）+ PO 明示要求なし; 
2026-04-25T17:00:15Z	[PASS] sid=3a114d67-57d0-4e4a-b4d4-ca8fa2a66a13 sha=85f39bcde3f46c80 ev=Stop
2026-04-25T17:00:27Z	[BLOCK] sid=64dbcbc1-d134-4ca1-bf11-7d303039bf57 sha=c3799b41a9fe9a70 violations: §2.25.11 直前 3T 立場矛盾 + 撤回宣言欠落; §2.25.12 外部 CLI/API 言及 + 引用元 or 「未確認」欠落; 
2026-04-25T17:00:27Z	[BLOCK] sid=4aca89f1-ccb9-4afd-9110-cb988cd40690 sha=52f3405883b1f8f0 violations: §2.25.12 外部 CLI/API 言及 + 引用元 or 「未確認」欠落; 
2026-04-25T17:00:32Z	[BLOCK] sid=7aaf961c-e7ee-4232-be80-0bf5cfa3d0b6 sha=915ec74dca2ad562 violations: §2.25.9 PO 作業発生提案検出 + §2.25.3 メタタグ欠落; §2.25.12 外部 CLI/API 言及 + 引用元 or 「未確認」欠落; §2.25.14 応答末尾 [Review: N rounds, M personas] 付記欠落; 
2026-04-25T17:00:40Z	[PASS] sid=4aca89f1-ccb9-4afd-9110-cb988cd40690 sha=a27ac55a6a5b4b9d ev=Stop
2026-04-25T17:01:24Z	[PASS] sid=64dbcbc1-d134-4ca1-bf11-7d303039bf57 sha=ef4b5bef82ac5f08 ev=Stop
2026-04-25T17:01:51Z	[BLOCK] sid=7aaf961c-e7ee-4232-be80-0bf5cfa3d0b6 sha=fb14fdbd930a11ef violations: §2.25.9 PO 作業発生提案検出 + §2.25.3 メタタグ欠落; 
2026-04-25T17:02:30Z	[BLOCK] sid=7aaf961c-e7ee-4232-be80-0bf5cfa3d0b6 sha=d2e76ef302e9d9b7 violations: §2.25.9 PO 作業発生提案検出 + §2.25.3 メタタグ欠落; 
2026-04-25T17:03:05Z	[BLOCK] sid=19f23880-503e-4348-b34a-7701a818a580 sha=44358bb11d304f39 violations: §2.25.14 応答末尾 [Review: N rounds, M personas] 付記欠落; 
2026-04-25T17:03:06Z	[BLOCK] sid=e17510b7-112a-4aa0-9638-4368ccfde1ca sha=7bc5cd095b12b8ff violations: §2.25.14 応答末尾 [Review: N rounds, M personas] 付記欠落; 
2026-04-25T17:03:06Z	[PASS] sid=3a114d67-57d0-4e4a-b4d4-ca8fa2a66a13 sha=f19e162ecfecfcd3 ev=Stop
2026-04-25T17:03:08Z	[BLOCK] sid=d3054566-2113-4c80-b528-dd61eee3401e sha=063d2400fa6dce87 violations: §2.25.12 外部 CLI/API 言及 + 引用元 or 「未確認」欠落; §2.25.14 応答末尾 [Review: N rounds, M personas] 付記欠落; 
2026-04-25T17:03:08Z	[BLOCK] sid=9324cf08-a683-4d75-bfe2-6939e4827b26 sha=991cd40031d7f167 violations: §2.25.9 PO 作業発生提案検出 + §2.25.3 メタタグ欠落; §2.25.12 外部 CLI/API 言及 + 引用元 or 「未確認」欠落; §2.25.14 応答末尾 [Review: N rounds, M personas] 付記欠落; 
2026-04-25T17:03:08Z	[BLOCK] sid=1a48deac-3631-4b75-bca9-e29734393577 sha=0ebb025ffdad1b70 violations: §2.25.9 PO 作業発生提案検出 + §2.25.3 メタタグ欠落; §2.25.14 応答末尾 [Review: N rounds, M personas] 付記欠落; 
2026-04-25T17:03:08Z	[BLOCK] sid=12c6f092-d7fa-4cf2-9815-4293dcb6b6a9 sha=d212d5befb1513c7 violations: §2.25.14 応答末尾 [Review: N rounds, M personas] 付記欠落; 
2026-04-25T17:03:11Z	[BLOCK] sid=77ea5926-a09e-4b28-bf78-3316804c05c8 sha=6abd828755463618 violations: §2.25.14 応答末尾 [Review: N rounds, M personas] 付記欠落; 
2026-04-25T17:03:12Z	[PASS] sid=19f23880-503e-4348-b34a-7701a818a580 sha=ba8ac9213655b0ac ev=Stop
2026-04-25T17:03:13Z	[PASS] sid=e17510b7-112a-4aa0-9638-4368ccfde1ca sha=482dedd0ff811f9d ev=Stop
2026-04-25T17:03:14Z	[BLOCK] sid=2db2b2c9-7c9a-41a1-ac20-f2dad4f96ce7 sha=adb17e7561f0f142 violations: §2.25.9 PO 作業発生提案検出 + §2.25.3 メタタグ欠落; §2.25.14 応答末尾 [Review: N rounds, M personas] 付記欠落; 
2026-04-25T17:03:15Z	[BLOCK] sid=b4270066-3728-427c-9133-05d42189a8cc sha=c87e4b768ed9a470 violations: §2.25.12 外部 CLI/API 言及 + 引用元 or 「未確認」欠落; §2.25.14 応答末尾 [Review: N rounds, M personas] 付記欠落; 
2026-04-25T17:03:15Z	[BLOCK] sid=0ee00c24-012d-4c29-8eb8-d85073c15a25 sha=661b355f294b82d3 violations: §2.25.12 外部 CLI/API 言及 + 引用元 or 「未確認」欠落; §2.25.14 応答末尾 [Review: N rounds, M personas] 付記欠落; 
2026-04-25T17:03:17Z	[PASS] sid=12c6f092-d7fa-4cf2-9815-4293dcb6b6a9 sha=540b859bf205c0f7 ev=Stop
2026-04-25T17:03:17Z	[PASS] sid=d3054566-2113-4c80-b528-dd61eee3401e sha=4064d51ea41429f2 ev=Stop
2026-04-25T17:03:23Z	[PASS] sid=77ea5926-a09e-4b28-bf78-3316804c05c8 sha=7a3e0d56ea7eb8e4 ev=Stop
2026-04-25T17:03:24Z	[BLOCK] sid=2db2b2c9-7c9a-41a1-ac20-f2dad4f96ce7 sha=039577b35206cc18 violations: §2.25.9 PO 作業発生提案検出 + §2.25.3 メタタグ欠落; 
2026-04-25T17:03:27Z	[BLOCK] sid=9324cf08-a683-4d75-bfe2-6939e4827b26 sha=4c40453a366938dc violations: §2.25.9 PO 作業発生提案検出 + §2.25.3 メタタグ欠落; 
2026-04-25T17:03:27Z	[PASS] sid=1a48deac-3631-4b75-bca9-e29734393577 sha=786349e050f54a5f ev=Stop
2026-04-25T17:03:31Z	[WARN] sid=b4270066-3728-427c-9133-05d42189a8cc sha=d8ffabb7101dda9a warnings: §2.25.13 完了報告 16 行（>8）+ PO 明示要求なし; 
2026-04-25T17:03:31Z	[PASS] sid=b4270066-3728-427c-9133-05d42189a8cc sha=d8ffabb7101dda9a ev=Stop
2026-04-25T17:03:33Z	[PASS] sid=0ee00c24-012d-4c29-8eb8-d85073c15a25 sha=ac17c4a9c005f911 ev=Stop
2026-04-25T17:03:34Z	[BLOCK] sid=80af3e84-8cb1-4c1f-924a-ed09a9256eec sha=94e60bd395eb2480 violations: §2.25.12 外部 CLI/API 言及 + 引用元 or 「未確認」欠落; §2.25.14 応答末尾 [Review: N rounds, M personas] 付記欠落; 
2026-04-25T17:03:36Z	[BLOCK] sid=2db2b2c9-7c9a-41a1-ac20-f2dad4f96ce7 sha=30a6737602bb563f violations: §2.25.9 PO 作業発生提案検出 + §2.25.3 メタタグ欠落; 
2026-04-25T17:03:47Z	[BLOCK] sid=2db2b2c9-7c9a-41a1-ac20-f2dad4f96ce7 sha=0821f06565fa2655 violations: §2.25.9 PO 作業発生提案検出 + §2.25.3 メタタグ欠落; 
2026-04-25T17:03:49Z	[PASS] sid=80af3e84-8cb1-4c1f-924a-ed09a9256eec sha=dbf0fb4819063682 ev=Stop
2026-04-25T17:03:54Z	[BLOCK] sid=9324cf08-a683-4d75-bfe2-6939e4827b26 sha=8d03eec92182da29 violations: §2.25.12 外部 CLI/API 言及 + 引用元 or 「未確認」欠落; 
2026-04-25T17:03:58Z	[BLOCK] sid=2db2b2c9-7c9a-41a1-ac20-f2dad4f96ce7 sha=9d6cd86cc77ad74a violations: §2.25.12 外部 CLI/API 言及 + 引用元 or 「未確認」欠落; 
2026-04-25T17:04:10Z	[BLOCK] sid=2db2b2c9-7c9a-41a1-ac20-f2dad4f96ce7 sha=e0c5423af29bd509 violations: §2.25.9 PO 作業発生提案検出 + §2.25.3 メタタグ欠落; 
2026-04-25T17:04:11Z	[WARN] sid=9324cf08-a683-4d75-bfe2-6939e4827b26 sha=19d0c64b577680cc warnings: §2.25.13 完了報告 13 行（>8）+ PO 明示要求なし; 
2026-04-25T17:04:11Z	[PASS] sid=9324cf08-a683-4d75-bfe2-6939e4827b26 sha=19d0c64b577680cc ev=Stop
2026-04-25T17:04:34Z	[BLOCK] sid=f3f7c6f8-7ca8-4733-abce-ad083edf8605 sha=8c0804741cdd2061 violations: §2.25.14 応答末尾 [Review: N rounds, M personas] 付記欠落; 
2026-04-25T17:04:34Z	[BLOCK] sid=c903c368-4974-4b0e-8c7e-cf49f0b7c63e sha=4d1b78506f810bce violations: §2.25.14 応答末尾 [Review: N rounds, M personas] 付記欠落; 
2026-04-25T17:04:34Z	[BLOCK] sid=9de64e3e-88fc-42ae-8962-6373654b9619 sha=e01a424d2a9840fa violations: §2.25.14 応答末尾 [Review: N rounds, M personas] 付記欠落; 
2026-04-25T17:04:34Z	[BLOCK] sid=d53f3b66-fccf-4eb9-a0f8-cd7e7fc18306 sha=492b884a21382802 violations: §2.25.14 応答末尾 [Review: N rounds, M personas] 付記欠落; 
2026-04-25T17:04:34Z	[BLOCK] sid=daf4cec9-2be6-4235-95d5-530a955759ab sha=5a74a52191247320 violations: §2.25.14 応答末尾 [Review: N rounds, M personas] 付記欠落; 
2026-04-25T17:04:34Z	[BLOCK] sid=4d7eb5bc-1ed5-4379-b182-56218af9d2df sha=80a98d6ff5d81613 violations: §2.25.14 応答末尾 [Review: N rounds, M personas] 付記欠落; 
2026-04-25T17:04:35Z	[BLOCK] sid=aea0f3d0-abfb-44af-9afc-a9b385fded20 sha=bf29d99c45961256 violations: §2.25.14 応答末尾 [Review: N rounds, M personas] 付記欠落; 
2026-04-25T17:04:35Z	[BLOCK] sid=8efdbd34-a7b7-4c03-8ef6-06aa85906017 sha=693c211dd41b9c7c violations: §2.25.14 応答末尾 [Review: N rounds, M personas] 付記欠落; 
2026-04-25T17:04:36Z	[PASS] sid=f3f7c6f8-7ca8-4733-abce-ad083edf8605 sha=2941e7aef3417fc0 ev=Stop
2026-04-25T17:04:36Z	[PASS] sid=d53f3b66-fccf-4eb9-a0f8-cd7e7fc18306 sha=62306b4fff9d9594 ev=Stop
2026-04-25T17:04:36Z	[PASS] sid=c903c368-4974-4b0e-8c7e-cf49f0b7c63e sha=c3ae32751a9cfb4f ev=Stop
2026-04-25T17:04:36Z	[BLOCK] sid=1c82ea04-5406-4263-a26f-0f33b19077b5 sha=73443031ac456d8e violations: §2.25.14 応答末尾 [Review: N rounds, M personas] 付記欠落; 
2026-04-25T17:04:36Z	[PASS] sid=daf4cec9-2be6-4235-95d5-530a955759ab sha=9c8fefedd772f1e9 ev=Stop
2026-04-25T17:04:36Z	[PASS] sid=9de64e3e-88fc-42ae-8962-6373654b9619 sha=76d2c9a2d9c45144 ev=Stop
2026-04-25T17:04:37Z	[PASS] sid=4d7eb5bc-1ed5-4379-b182-56218af9d2df sha=4d4ca261d5f6439e ev=Stop
2026-04-25T17:04:37Z	[PASS] sid=aea0f3d0-abfb-44af-9afc-a9b385fded20 sha=9acb50b3f263737a ev=Stop
2026-04-25T17:04:37Z	[BLOCK] sid=88ad403f-5dc2-4a35-8de0-02eca8ba05b4 sha=042a09a576f95262 violations: §2.25.12 外部 CLI/API 言及 + 引用元 or 「未確認」欠落; §2.25.14 応答末尾 [Review: N rounds, M personas] 付記欠落; 
2026-04-25T17:04:37Z	[PASS] sid=8efdbd34-a7b7-4c03-8ef6-06aa85906017 sha=5b64c2d37c3a3481 ev=Stop
2026-04-25T17:04:39Z	[PASS] sid=1c82ea04-5406-4263-a26f-0f33b19077b5 sha=8fcca3a6a14363f9 ev=Stop
2026-04-25T17:04:44Z	[BLOCK] sid=3a114d67-57d0-4e4a-b4d4-ca8fa2a66a13 sha=5a98471aad98c56a violations: §2.25.14 応答末尾 [Review: N rounds, M personas] 付記欠落; 
2026-04-25T17:04:45Z	[PASS] sid=88ad403f-5dc2-4a35-8de0-02eca8ba05b4 sha=f301ec1b69283d9f ev=Stop
2026-04-25T17:04:51Z	[BLOCK] sid=3a114d67-57d0-4e4a-b4d4-ca8fa2a66a13 sha=fa3f8d9724329306 violations: §2.25.9 PO 作業発生提案検出 + §2.25.3 メタタグ欠落; §2.25.12 外部 CLI/API 言及 + 引用元 or 「未確認」欠落; 
2026-04-25T17:04:52Z	[BLOCK] sid=6c2733a8-711b-49cf-828e-d187f80a2fc8 sha=c444c56dc169543c violations: §2.25.14 応答末尾 [Review: N rounds, M personas] 付記欠落; 
2026-04-25T17:05:00Z	[BLOCK] sid=c6041d6a-73e5-4d17-9611-2b7cd0cc9811 sha=0b49f7aa7ffbe34a violations: §2.25.14 応答末尾 [Review: N rounds, M personas] 付記欠落; 
2026-04-25T17:05:00Z	[BLOCK] sid=2e87ef9b-49c9-4d43-abf6-cba2b67e917d sha=9499eeb5eb149172 violations: §2.25.14 応答末尾 [Review: N rounds, M personas] 付記欠落; 
2026-04-25T17:05:00Z	[BLOCK] sid=38765b5e-b11e-453d-b4a0-d95a6952b110 sha=ef45a677994bb41b violations: §2.25.14 応答末尾 [Review: N rounds, M personas] 付記欠落; 
2026-04-25T17:05:00Z	[BLOCK] sid=9ec33a3b-527d-4bc7-80c4-eb35f7325be8 sha=c793165e0c7e7ff9 violations: §2.25.14 応答末尾 [Review: N rounds, M personas] 付記欠落; 
2026-04-25T17:05:01Z	[BLOCK] sid=9ab69ae9-9953-4abe-9295-62411d855e97 sha=408546c7328d9c91 violations: §2.25.14 応答末尾 [Review: N rounds, M personas] 付記欠落; 
2026-04-25T17:05:01Z	[BLOCK] sid=c680d28d-a17a-4560-9dc8-ca274f1db475 sha=a93caf7d579139fb violations: §2.25.14 応答末尾 [Review: N rounds, M personas] 付記欠落; 
2026-04-25T17:05:01Z	[BLOCK] sid=37098029-790e-4b43-9352-9594849d72e3 sha=781c9e28fcbe45cb violations: §2.25.14 応答末尾 [Review: N rounds, M personas] 付記欠落; 
2026-04-25T17:05:01Z	[BLOCK] sid=1e4092d9-a856-449d-b4ef-291c563cf1dd sha=f0080373e07cbe38 violations: §2.25.14 応答末尾 [Review: N rounds, M personas] 付記欠落; 
2026-04-25T17:05:01Z	[BLOCK] sid=583f91d8-62a0-40b5-bc45-4f274cc19640 sha=6663486be7f131ae violations: §2.25.12 外部 CLI/API 言及 + 引用元 or 「未確認」欠落; §2.25.14 応答末尾 [Review: N rounds, M personas] 付記欠落; 
2026-04-25T17:05:01Z	[BLOCK] sid=3b87fb47-4d05-48af-a398-44bb2b283f2b sha=30460330648cb39a violations: §2.25.14 応答末尾 [Review: N rounds, M personas] 付記欠落; 
2026-04-25T17:05:02Z	[PASS] sid=c6041d6a-73e5-4d17-9611-2b7cd0cc9811 sha=8238802fc77c0043 ev=Stop
2026-04-25T17:05:02Z	[PASS] sid=2e87ef9b-49c9-4d43-abf6-cba2b67e917d sha=4a78ebb76c129562 ev=Stop
2026-04-25T17:05:03Z	[PASS] sid=9ec33a3b-527d-4bc7-80c4-eb35f7325be8 sha=8012f3227f061a27 ev=Stop
2026-04-25T17:05:03Z	[WARN] sid=6c2733a8-711b-49cf-828e-d187f80a2fc8 sha=69a8b04d2ce0000e warnings: §2.25.13 完了報告 16 行（>8）+ PO 明示要求なし; 
2026-04-25T17:05:03Z	[PASS] sid=6c2733a8-711b-49cf-828e-d187f80a2fc8 sha=69a8b04d2ce0000e ev=Stop
2026-04-25T17:05:03Z	[PASS] sid=38765b5e-b11e-453d-b4a0-d95a6952b110 sha=12f0d45593453022 ev=Stop
2026-04-25T17:05:03Z	[PASS] sid=9ab69ae9-9953-4abe-9295-62411d855e97 sha=0d6807ef0f8cb21a ev=Stop
2026-04-25T17:05:03Z	[PASS] sid=c680d28d-a17a-4560-9dc8-ca274f1db475 sha=e1af4d18cc4fa1b3 ev=Stop
2026-04-25T17:05:03Z	[PASS] sid=1e4092d9-a856-449d-b4ef-291c563cf1dd sha=d7b2dcee3eb83e23 ev=Stop
2026-04-25T17:05:04Z	[PASS] sid=3b87fb47-4d05-48af-a398-44bb2b283f2b sha=a1c382b696c18596 ev=Stop
2026-04-25T17:05:04Z	[PASS] sid=3a114d67-57d0-4e4a-b4d4-ca8fa2a66a13 sha=9e7e2260d9eb80c6 ev=Stop
2026-04-25T17:05:04Z	[PASS] sid=37098029-790e-4b43-9352-9594849d72e3 sha=845035c259ed5597 ev=Stop
2026-04-25T17:05:09Z	[PASS] sid=583f91d8-62a0-40b5-bc45-4f274cc19640 sha=1f9e4569088f69a1 ev=Stop
2026-04-25T17:05:22Z	[BLOCK] sid=0f379ee8-1e60-4393-a838-5ab84b486ad2 sha=c0179feaa4544104 violations: §2.25.14 応答末尾 [Review: N rounds, M personas] 付記欠落; 
2026-04-25T17:05:22Z	[BLOCK] sid=6c50b6bc-cf7e-4f7e-8a86-8827e7fc1b66 sha=9a27db64ff4cac5e violations: §2.25.12 外部 CLI/API 言及 + 引用元 or 「未確認」欠落; §2.25.14 応答末尾 [Review: N rounds, M personas] 付記欠落; 
2026-04-25T17:05:22Z	[BLOCK] sid=ccf55567-8bca-4686-b7b8-091775132bcf sha=00c331532b44b43b violations: §2.25.12 外部 CLI/API 言及 + 引用元 or 「未確認」欠落; §2.25.14 応答末尾 [Review: N rounds, M personas] 付記欠落; 
2026-04-25T17:05:22Z	[BLOCK] sid=3a6ee6b3-2894-48a1-a707-3436f6c071af sha=882af3363ab80d9f violations: §2.25.14 応答末尾 [Review: N rounds, M personas] 付記欠落; 
2026-04-25T17:05:22Z	[BLOCK] sid=d2e43320-0bc1-4d14-ac32-568f0407c48b sha=40dcc8793cc09d31 violations: §2.25.12 外部 CLI/API 言及 + 引用元 or 「未確認」欠落; §2.25.14 応答末尾 [Review: N rounds, M personas] 付記欠落; 
2026-04-25T17:05:22Z	[BLOCK] sid=a79bf2ac-17e3-4886-9be0-83d64b2ac149 sha=070b05ffe9cc36ca violations: §2.25.14 応答末尾 [Review: N rounds, M personas] 付記欠落; 
2026-04-25T17:05:22Z	[BLOCK] sid=7a2a4cda-68a2-4d70-aa4c-dcc5bf7efb79 sha=d42c4e3e17d1715f violations: §2.25.12 外部 CLI/API 言及 + 引用元 or 「未確認」欠落; §2.25.14 応答末尾 [Review: N rounds, M personas] 付記欠落; 
2026-04-25T17:05:22Z	[BLOCK] sid=359b9e6e-b59b-4138-89f2-57f54ae1a03f sha=35d960787c405d42 violations: §2.25.14 応答末尾 [Review: N rounds, M personas] 付記欠落; 
2026-04-25T17:05:23Z	[BLOCK] sid=8eb5ff1b-de0b-4b35-af9d-b0020de77da0 sha=ef1dbca4e02602ba violations: §2.25.12 外部 CLI/API 言及 + 引用元 or 「未確認」欠落; §2.25.14 応答末尾 [Review: N rounds, M personas] 付記欠落; 
2026-04-25T17:05:24Z	[BLOCK] sid=b7144b04-bff6-4946-b571-7439ad637735 sha=d61ab3533ffb3c11 violations: §2.25.12 外部 CLI/API 言及 + 引用元 or 「未確認」欠落; §2.25.14 応答末尾 [Review: N rounds, M personas] 付記欠落; 
2026-04-25T17:05:24Z	[PASS] sid=0f379ee8-1e60-4393-a838-5ab84b486ad2 sha=239bd71704968cc1 ev=Stop
2026-04-25T17:05:24Z	[PASS] sid=3a6ee6b3-2894-48a1-a707-3436f6c071af sha=33c50bc13091976a ev=Stop
2026-04-25T17:05:25Z	[PASS] sid=6c50b6bc-cf7e-4f7e-8a86-8827e7fc1b66 sha=88b1f4c241da1491 ev=Stop
2026-04-25T17:05:25Z	[PASS] sid=359b9e6e-b59b-4138-89f2-57f54ae1a03f sha=8276f56380dcd684 ev=Stop
2026-04-25T17:05:26Z	[PASS] sid=d2e43320-0bc1-4d14-ac32-568f0407c48b sha=bc012fc9b6a4b5a3 ev=Stop
2026-04-25T17:05:26Z	[PASS] sid=8eb5ff1b-de0b-4b35-af9d-b0020de77da0 sha=d6f6b6e57c33dd77 ev=Stop
2026-04-25T17:05:27Z	[PASS] sid=b7144b04-bff6-4946-b571-7439ad637735 sha=df2a43b2f0bf981f ev=Stop
2026-04-25T17:05:27Z	[PASS] sid=ccf55567-8bca-4686-b7b8-091775132bcf sha=f9c70b458828b5db ev=Stop
2026-04-25T17:05:28Z	[PASS] sid=a79bf2ac-17e3-4886-9be0-83d64b2ac149 sha=309762dfe253cf52 ev=Stop
2026-04-25T17:05:29Z	[PASS] sid=3a114d67-57d0-4e4a-b4d4-ca8fa2a66a13 sha=dc77d19036f9e1dd ev=Stop
2026-04-25T17:05:40Z	[PASS] sid=7a2a4cda-68a2-4d70-aa4c-dcc5bf7efb79 sha=5468f967e12c0073 ev=Stop
2026-04-25T17:05:54Z	[BLOCK] sid=e822b054-6938-4080-8a68-bc68f45a050d sha=553c168935e840a9 violations: §2.25.14 応答末尾 [Review: N rounds, M personas] 付記欠落; 
2026-04-25T17:05:54Z	[BLOCK] sid=35516adf-1c23-439d-b7cb-b9976454608a sha=2ca11e360f0986c6 violations: §2.25.12 外部 CLI/API 言及 + 引用元 or 「未確認」欠落; §2.25.14 応答末尾 [Review: N rounds, M personas] 付記欠落; 
2026-04-25T17:05:56Z	[BLOCK] sid=eeaff254-69bf-4596-9da8-95237be5b0ac sha=b65163a98231d06c violations: §2.25.12 外部 CLI/API 言及 + 引用元 or 「未確認」欠落; §2.25.14 応答末尾 [Review: N rounds, M personas] 付記欠落; 
2026-04-25T17:05:56Z	[BLOCK] sid=569047d6-a439-45c5-91d4-e641cf290f47 sha=6bf6027fc777a273 violations: §2.25.12 外部 CLI/API 言及 + 引用元 or 「未確認」欠落; §2.25.14 応答末尾 [Review: N rounds, M personas] 付記欠落; 
2026-04-25T17:05:58Z	[PASS] sid=e822b054-6938-4080-8a68-bc68f45a050d sha=78601b45dfefdc77 ev=Stop
2026-04-25T17:06:01Z	[PASS] sid=eeaff254-69bf-4596-9da8-95237be5b0ac sha=a59aa1b8a824ff8b ev=Stop
2026-04-25T17:06:01Z	[PASS] sid=35516adf-1c23-439d-b7cb-b9976454608a sha=0431ca864a72bc0a ev=Stop
2026-04-25T17:06:01Z	[PASS] sid=569047d6-a439-45c5-91d4-e641cf290f47 sha=89e9934429a645bf ev=Stop
2026-04-25T17:06:45Z	[WARN] sid=3a114d67-57d0-4e4a-b4d4-ca8fa2a66a13 sha=a23eaf4b5f3883ba warnings: §2.25.13 完了報告 14 行（>8）+ PO 明示要求なし; 
2026-04-25T17:06:45Z	[PASS] sid=3a114d67-57d0-4e4a-b4d4-ca8fa2a66a13 sha=a23eaf4b5f3883ba ev=Stop
2026-04-25T21:06:07Z	[BLOCK] sid=7b265fef-2dd4-4e0d-ac5c-7a21df072ea9 sha=7d18aa7d27f7e26b violations: §2.25.14 応答末尾 [Review: N rounds, M personas] 付記欠落; 
2026-04-25T21:06:08Z	[BLOCK] sid=228e546a-bc22-46e6-bc62-8232a73a4626 sha=96782f95578d33ff violations: §2.25.9 PO 作業発生提案検出 + §2.25.3 メタタグ欠落; §2.25.14 応答末尾 [Review: N rounds, M personas] 付記欠落; 
2026-04-25T21:06:08Z	[BLOCK] sid=bc771e30-a839-449f-bc9f-d7fc633863f8 sha=4a7039a2ebcb012c violations: §2.25.9 PO 作業発生提案検出 + §2.25.3 メタタグ欠落; §2.25.14 応答末尾 [Review: N rounds, M personas] 付記欠落; 
2026-04-25T21:06:08Z	[BLOCK] sid=090db126-669a-46ce-834e-7b8e9bdc33d3 sha=b933e0bd80dd60c4 violations: §2.25.9 PO 作業発生提案検出 + §2.25.3 メタタグ欠落; §2.25.14 応答末尾 [Review: N rounds, M personas] 付記欠落; 
2026-04-25T21:06:08Z	[BLOCK] sid=3f3985df-8c7d-4c1b-b47f-e50d6c5b7794 sha=33111646191b0f78 violations: §2.25.9 PO 作業発生提案検出 + §2.25.3 メタタグ欠落; §2.25.14 応答末尾 [Review: N rounds, M personas] 付記欠落; 
2026-04-25T21:06:08Z	[BLOCK] sid=aeb0846f-c1fd-428c-935a-21e80981de43 sha=9f5ef799b389e9ca violations: §2.25.14 応答末尾 [Review: N rounds, M personas] 付記欠落; 
2026-04-25T21:06:08Z	[BLOCK] sid=9c30061c-8cab-410d-893f-98df866b8bf5 sha=7c1078a300519d90 violations: §2.25.9 PO 作業発生提案検出 + §2.25.3 メタタグ欠落; §2.25.14 応答末尾 [Review: N rounds, M personas] 付記欠落; 
2026-04-25T21:06:08Z	[BLOCK] sid=d9519f82-7fab-48f8-9bc3-f68daf4b0a2e sha=b2c06fe3f0ed2d99 violations: §2.25.9 PO 作業発生提案検出 + §2.25.3 メタタグ欠落; §2.25.14 応答末尾 [Review: N rounds, M personas] 付記欠落; 
2026-04-25T21:06:08Z	[BLOCK] sid=7560ade3-068b-40be-b762-f5817677ca27 sha=083787c25ff7f41b violations: §2.25.9 PO 作業発生提案検出 + §2.25.3 メタタグ欠落; §2.25.14 応答末尾 [Review: N rounds, M personas] 付記欠落; 
2026-04-25T21:06:08Z	[BLOCK] sid=9bf2e3c0-5aef-4351-af89-ac825b3ccf43 sha=42e04919b1578237 violations: §2.25.9 PO 作業発生提案検出 + §2.25.3 メタタグ欠落; §2.25.14 応答末尾 [Review: N rounds, M personas] 付記欠落; 
2026-04-25T21:06:09Z	[PASS] sid=7b265fef-2dd4-4e0d-ac5c-7a21df072ea9 sha=73d86a8d9199adb8 ev=Stop
2026-04-25T21:06:10Z	[PASS] sid=aeb0846f-c1fd-428c-935a-21e80981de43 sha=a2e4d338e255f667 ev=Stop
2026-04-25T21:06:13Z	[BLOCK] sid=9c30061c-8cab-410d-893f-98df866b8bf5 sha=f43cf9c103e4d097 violations: §2.25.9 PO 作業発生提案検出 + §2.25.3 メタタグ欠落; 
2026-04-25T21:06:13Z	[BLOCK] sid=090db126-669a-46ce-834e-7b8e9bdc33d3 sha=978672429ef2207a violations: §2.25.9 PO 作業発生提案検出 + §2.25.3 メタタグ欠落; 
2026-04-25T21:06:14Z	[BLOCK] sid=7560ade3-068b-40be-b762-f5817677ca27 sha=2d29f8cd35fd9a01 violations: §2.25.9 PO 作業発生提案検出 + §2.25.3 メタタグ欠落; 
2026-04-25T21:06:15Z	[BLOCK] sid=228e546a-bc22-46e6-bc62-8232a73a4626 sha=577722912b0ff5a2 violations: §2.25.9 PO 作業発生提案検出 + §2.25.3 メタタグ欠落; 
2026-04-25T21:06:16Z	[BLOCK] sid=9c30061c-8cab-410d-893f-98df866b8bf5 sha=035fbbfc36431c67 violations: §2.25.9 PO 作業発生提案検出 + §2.25.3 メタタグ欠落; 
2026-04-25T21:06:17Z	[BLOCK] sid=9bf2e3c0-5aef-4351-af89-ac825b3ccf43 sha=52ffe4231fe4b4cc violations: §2.25.9 PO 作業発生提案検出 + §2.25.3 メタタグ欠落; 
2026-04-25T21:06:19Z	[BLOCK] sid=090db126-669a-46ce-834e-7b8e9bdc33d3 sha=741ee8a9c203aaba violations: §2.25.9 PO 作業発生提案検出 + §2.25.3 メタタグ欠落; §2.25.14 応答末尾 [Review: N rounds, M personas] 付記欠落; 
2026-04-25T21:06:19Z	[BLOCK] sid=9bf2e3c0-5aef-4351-af89-ac825b3ccf43 sha=c7a9e736bccf6fd8 violations: §2.25.9 PO 作業発生提案検出 + §2.25.3 メタタグ欠落; 
2026-04-25T21:06:20Z	[BLOCK] sid=7560ade3-068b-40be-b762-f5817677ca27 sha=56e2710432ba0e18 violations: §2.25.9 PO 作業発生提案検出 + §2.25.3 メタタグ欠落; 
2026-04-25T21:06:22Z	[BLOCK] sid=bc771e30-a839-449f-bc9f-d7fc633863f8 sha=41f2ad8f818d5eca violations: §2.25.9 PO 作業発生提案検出 + §2.25.3 メタタグ欠落; 
2026-04-25T21:06:23Z	[PASS] sid=090db126-669a-46ce-834e-7b8e9bdc33d3 sha=99c1ece7cfb74c71 ev=Stop
2026-04-25T21:06:23Z	[BLOCK] sid=228e546a-bc22-46e6-bc62-8232a73a4626 sha=c81c880710096e53 violations: §2.25.9 PO 作業発生提案検出 + §2.25.3 メタタグ欠落; 
2026-04-25T21:06:26Z	[DEDUP] sid=3f3985df-8c7d-4c1b-b47f-e50d6c5b7794 sha=33111646191b0f78 多重発火検出、skip
2026-04-25T21:06:27Z	[BLOCK] sid=9bf2e3c0-5aef-4351-af89-ac825b3ccf43 sha=aa23c1d1b010ad09 violations: §2.25.9 PO 作業発生提案検出 + §2.25.3 メタタグ欠落; §2.25.14 応答末尾 [Review: N rounds, M personas] 付記欠落; 
2026-04-25T21:06:36Z	[BLOCK] sid=9bf2e3c0-5aef-4351-af89-ac825b3ccf43 sha=d92627e934317d19 violations: §2.25.9 PO 作業発生提案検出 + §2.25.3 メタタグ欠落; 
2026-04-25T21:06:44Z	[PASS] sid=9bf2e3c0-5aef-4351-af89-ac825b3ccf43 sha=d0fd2d7a4a061257 ev=Stop
2026-04-25T21:06:47Z	[BLOCK] sid=7560ade3-068b-40be-b762-f5817677ca27 sha=c0fe2ed317ad131b violations: §2.25.14 応答末尾 [Review: N rounds, M personas] 付記欠落; 
2026-04-25T21:06:51Z	[PASS] sid=228e546a-bc22-46e6-bc62-8232a73a4626 sha=2b1dcbd308814b7f ev=Stop
2026-04-25T21:06:53Z	[PASS] sid=7560ade3-068b-40be-b762-f5817677ca27 sha=dece9002d40412b5 ev=Stop
2026-04-25T21:06:54Z	[PASS] sid=9c30061c-8cab-410d-893f-98df866b8bf5 sha=7afa86b4872660aa ev=Stop
2026-04-25T21:06:59Z	[PASS] sid=d9519f82-7fab-48f8-9bc3-f68daf4b0a2e sha=9deef071cf47bb88 ev=Stop
2026-04-25T21:08:08Z	[BLOCK] sid=3a114d67-57d0-4e4a-b4d4-ca8fa2a66a13 sha=c4c633e7b21c3496 violations: §2.25.14 応答末尾 [Review: N rounds, M personas] 付記欠落; 
2026-04-25T21:08:22Z	[DEDUP] sid=3a114d67-57d0-4e4a-b4d4-ca8fa2a66a13 sha=c4c633e7b21c3496 多重発火検出、skip
2026-04-25T21:08:45Z	[DEDUP] sid=3a114d67-57d0-4e4a-b4d4-ca8fa2a66a13 sha=c4c633e7b21c3496 多重発火検出、skip
2026-04-25T21:08:59Z	[DEDUP] sid=3a114d67-57d0-4e4a-b4d4-ca8fa2a66a13 sha=c4c633e7b21c3496 多重発火検出、skip
2026-04-25T21:09:15Z	[BLOCK] sid=3a114d67-57d0-4e4a-b4d4-ca8fa2a66a13 sha=4895ab370126d5b2 violations: §2.25.9 PO 作業発生提案検出 + §2.25.3 メタタグ欠落; 
2026-04-25T21:09:25Z	[PASS] sid=3a114d67-57d0-4e4a-b4d4-ca8fa2a66a13 sha=6a73e468714c0ed1 ev=Stop
2026-04-25T21:09:49Z	[BLOCK] sid=4d5833b9-0d8f-48db-9e42-c452e936c6d6 sha=194682ebdc84a838 violations: §2.25.9 PO 作業発生提案検出 + §2.25.3 メタタグ欠落; §2.25.12 外部 CLI/API 言及 + 引用元 or 「未確認」欠落; §2.25.14 応答末尾 [Review: N rounds, M personas] 付記欠落; 
2026-04-25T21:09:52Z	[BLOCK] sid=a2d3c89f-9bd6-4325-9c6b-e809bc123ae0 sha=cb37adc0a5d20262 violations: §2.25.11 直前 3T 立場矛盾 + 撤回宣言欠落; §2.25.12 外部 CLI/API 言及 + 引用元 or 「未確認」欠落; §2.25.14 応答末尾 [Review: N rounds, M personas] 付記欠落; 
2026-04-25T21:09:53Z	[BLOCK] sid=5e0c81fb-b612-413a-94c2-6c9ed70f2df2 sha=6bd35292cbffb260 violations: §2.25.12 外部 CLI/API 言及 + 引用元 or 「未確認」欠落; §2.25.14 応答末尾 [Review: N rounds, M personas] 付記欠落; 
2026-04-25T21:09:53Z	[BLOCK] sid=1b3892a2-4d2a-4831-bc18-1e65633f3b85 sha=c0539f5145f24c83 violations: §2.25.9 PO 作業発生提案検出 + §2.25.3 メタタグ欠落; §2.25.11 直前 3T 立場矛盾 + 撤回宣言欠落; §2.25.12 外部 CLI/API 言及 + 引用元 or 「未確認」欠落; §2.25.14 応答末尾 [Review: N rounds, M personas] 付記欠落; 
2026-04-25T21:09:54Z	[BLOCK] sid=83811a8a-89ce-4b50-afcf-23f0de44403c sha=dc6ec385ce0677c8 violations: §2.25.9 PO 作業発生提案検出 + §2.25.3 メタタグ欠落; §2.25.12 外部 CLI/API 言及 + 引用元 or 「未確認」欠落; §2.25.14 応答末尾 [Review: N rounds, M personas] 付記欠落; 
2026-04-25T21:09:54Z	[BLOCK] sid=de13f16a-bce4-43aa-9720-027778b62a98 sha=2a5d459d7fdbd0f4 violations: §2.25.12 外部 CLI/API 言及 + 引用元 or 「未確認」欠落; §2.25.14 応答末尾 [Review: N rounds, M personas] 付記欠落; 
2026-04-25T21:09:55Z	[BLOCK] sid=b088e509-d06f-4a6d-b355-6d176fccedc9 sha=7bc6e422b9caad7b violations: §2.25.9 PO 作業発生提案検出 + §2.25.3 メタタグ欠落; §2.25.12 外部 CLI/API 言及 + 引用元 or 「未確認」欠落; §2.25.14 応答末尾 [Review: N rounds, M personas] 付記欠落; 
2026-04-25T21:09:55Z	[BLOCK] sid=4d5833b9-0d8f-48db-9e42-c452e936c6d6 sha=192371e027eabf22 violations: §2.25.9 PO 作業発生提案検出 + §2.25.3 メタタグ欠落; 
2026-04-25T21:09:56Z	[BLOCK] sid=8e106cfb-ac58-41eb-b0c3-c000d4320dcb sha=e30fae035f9f13e6 violations: §2.25.9 PO 作業発生提案検出 + §2.25.3 メタタグ欠落; §2.25.12 外部 CLI/API 言及 + 引用元 or 「未確認」欠落; §2.25.14 応答末尾 [Review: N rounds, M personas] 付記欠落; 
2026-04-25T21:09:57Z	[BLOCK] sid=a08d5980-7606-47cb-9d39-57fdd78dbaa6 sha=c1c2579452e50469 violations: §2.25.14 応答末尾 [Review: N rounds, M personas] 付記欠落; 
2026-04-25T21:09:59Z	[PASS] sid=a08d5980-7606-47cb-9d39-57fdd78dbaa6 sha=f226e160dc72b02b ev=Stop
2026-04-25T21:10:01Z	[PASS] sid=a2d3c89f-9bd6-4325-9c6b-e809bc123ae0 sha=ad620d1764800fca ev=Stop
2026-04-25T21:10:03Z	[BLOCK] sid=83811a8a-89ce-4b50-afcf-23f0de44403c sha=ec3585c115db1658 violations: §2.25.9 PO 作業発生提案検出 + §2.25.3 メタタグ欠落; 
2026-04-25T21:10:06Z	[PASS] sid=de13f16a-bce4-43aa-9720-027778b62a98 sha=077acb7574da8b0d ev=Stop
2026-04-25T21:10:08Z	[BLOCK] sid=4d5833b9-0d8f-48db-9e42-c452e936c6d6 sha=9925809ba0ed9edb violations: §2.25.9 PO 作業発生提案検出 + §2.25.3 メタタグ欠落; §2.25.14 応答末尾 [Review: N rounds, M personas] 付記欠落; 
2026-04-25T21:10:13Z	[PASS] sid=5e0c81fb-b612-413a-94c2-6c9ed70f2df2 sha=3cab22731e48a41c ev=Stop
2026-04-25T21:10:18Z	[BLOCK] sid=0345467d-5797-4f14-a662-1db43a28339b sha=10a756b5bb799eb5 violations: §2.25.12 外部 CLI/API 言及 + 引用元 or 「未確認」欠落; §2.25.14 応答末尾 [Review: N rounds, M personas] 付記欠落; 
2026-04-25T21:10:21Z	[BLOCK] sid=4d5833b9-0d8f-48db-9e42-c452e936c6d6 sha=19eabd9fb11df4b7 violations: §2.25.9 PO 作業発生提案検出 + §2.25.3 メタタグ欠落; 
2026-04-25T21:10:26Z	[WARN] sid=b088e509-d06f-4a6d-b355-6d176fccedc9 sha=659abada36ff937e warnings: §2.25.13 完了報告 9 行（>8）+ PO 明示要求なし; 
2026-04-25T21:10:26Z	[PASS] sid=b088e509-d06f-4a6d-b355-6d176fccedc9 sha=659abada36ff937e ev=Stop
2026-04-25T21:10:30Z	[BLOCK] sid=vio14-v2-verify sha=efbb0e12788da6da violations: §2.25.14 応答末尾 [Review: N rounds, M personas] 付記欠落; 
2026-04-25T21:10:32Z	[BLOCK] sid=1b3892a2-4d2a-4831-bc18-1e65633f3b85 sha=5e94af4dcb0e5ed5 violations: §2.25.9 PO 作業発生提案検出 + §2.25.3 メタタグ欠落; 
2026-04-25T21:10:35Z	[BLOCK] sid=8e106cfb-ac58-41eb-b0c3-c000d4320dcb sha=88f3ffe12f976255 violations: §2.25.9 PO 作業発生提案検出 + §2.25.3 メタタグ欠落; §2.25.14 応答末尾 [Review: N rounds, M personas] 付記欠落; 
2026-04-25T21:10:45Z	[BLOCK] sid=0345467d-5797-4f14-a662-1db43a28339b sha=0aea4fee94a4e2c6 violations: §2.25.14 応答末尾 [Review: N rounds, M personas] 付記欠落; 
2026-04-25T21:10:54Z	[BLOCK] sid=4d5833b9-0d8f-48db-9e42-c452e936c6d6 sha=bf7ac38e231eb9ed violations: §2.25.9 PO 作業発生提案検出 + §2.25.3 メタタグ欠落; 
2026-04-25T21:10:55Z	[PASS] sid=3a114d67-57d0-4e4a-b4d4-ca8fa2a66a13 sha=c1b5246c4fe3c2ac ev=Stop
2026-04-25T21:10:55Z	[PASS] sid=0345467d-5797-4f14-a662-1db43a28339b sha=4060167255fd7f63 ev=Stop
2026-04-25T21:10:56Z	[BLOCK] sid=1b3892a2-4d2a-4831-bc18-1e65633f3b85 sha=57af7192469ce565 violations: §2.25.9 PO 作業発生提案検出 + §2.25.3 メタタグ欠落; 
2026-04-25T21:10:57Z	[BLOCK] sid=8e106cfb-ac58-41eb-b0c3-c000d4320dcb sha=d54e82e8a0f3f653 violations: §2.25.9 PO 作業発生提案検出 + §2.25.3 メタタグ欠落; 
2026-04-25T21:11:02Z	[PASS] sid=3a114d67-57d0-4e4a-b4d4-ca8fa2a66a13 sha=64ffa58b417ca22f ev=Stop
2026-04-25T21:11:36Z	[BLOCK] sid=7d04cc08-c940-40a2-bd6e-edb978892664 sha=89b11fc339c77336 violations: §2.25.12 外部 CLI/API 言及 + 引用元 or 「未確認」欠落; §2.25.14 応答末尾 [Review: N rounds, M personas] 付記欠落; 
2026-04-25T21:11:36Z	[BLOCK] sid=759e994c-1e02-4346-8785-4a83cfddd034 sha=1a6c2632f6a52660 violations: §2.25.9 PO 作業発生提案検出 + §2.25.3 メタタグ欠落; §2.25.12 外部 CLI/API 言及 + 引用元 or 「未確認」欠落; §2.25.14 応答末尾 [Review: N rounds, M personas] 付記欠落; 
2026-04-25T21:11:38Z	[BLOCK] sid=595f0e40-2369-4f4d-b33e-fdfe5b00f498 sha=d59841671d720f89 violations: §2.25.12 外部 CLI/API 言及 + 引用元 or 「未確認」欠落; §2.25.14 応答末尾 [Review: N rounds, M personas] 付記欠落; 
2026-04-25T21:11:39Z	[BLOCK] sid=bca03a34-89ed-4ea2-981f-7c4247268359 sha=5903de22c6a0702a violations: §2.25.9 PO 作業発生提案検出 + §2.25.3 メタタグ欠落; §2.25.12 外部 CLI/API 言及 + 引用元 or 「未確認」欠落; §2.25.14 応答末尾 [Review: N rounds, M personas] 付記欠落; 
2026-04-25T21:11:41Z	[BLOCK] sid=a48ecb04-3771-4624-b767-4a196ca603d8 sha=c8c5184c013f53d2 violations: §2.25.12 外部 CLI/API 言及 + 引用元 or 「未確認」欠落; §2.25.14 応答末尾 [Review: N rounds, M personas] 付記欠落; 
2026-04-25T21:11:51Z	[PASS] sid=7d04cc08-c940-40a2-bd6e-edb978892664 sha=e9bb594394be493f ev=Stop
2026-04-25T21:12:10Z	[BLOCK] sid=759e994c-1e02-4346-8785-4a83cfddd034 sha=9a55bf0791ebd7e6 violations: §2.25.9 PO 作業発生提案検出 + §2.25.3 メタタグ欠落; §2.25.14 応答末尾 [Review: N rounds, M personas] 付記欠落; 
2026-04-25T21:12:18Z	[BLOCK] sid=a48ecb04-3771-4624-b767-4a196ca603d8 sha=7ef25d41d52c0c46 violations: §2.25.14 応答末尾 [Review: N rounds, M personas] 付記欠落; 
2026-04-25T21:12:21Z	[BLOCK] sid=595f0e40-2369-4f4d-b33e-fdfe5b00f498 sha=b50d7e293f7fa6b6 violations: §2.25.14 応答末尾 [Review: N rounds, M personas] 付記欠落; 
2026-04-25T21:12:27Z	[PASS] sid=a48ecb04-3771-4624-b767-4a196ca603d8 sha=76d8620b974c50df ev=Stop
2026-04-25T21:12:32Z	[PASS] sid=595f0e40-2369-4f4d-b33e-fdfe5b00f498 sha=b376b2e0d88f4f57 ev=Stop
2026-04-25T21:13:12Z	[BLOCK] sid=3a114d67-57d0-4e4a-b4d4-ca8fa2a66a13 sha=e92eac71bc5ac256 violations: §2.25.11 直前 3T 立場矛盾 + 撤回宣言欠落; 
2026-04-25T21:13:13Z	[BLOCK] sid=a028b681-30c1-411c-9599-f7e8862feeed sha=67bc589e466134cf violations: §2.25.9 PO 作業発生提案検出 + §2.25.3 メタタグ欠落; §2.25.11 直前 3T 立場矛盾 + 撤回宣言欠落; §2.25.12 外部 CLI/API 言及 + 引用元 or 「未確認」欠落; §2.25.14 応答末尾 [Review: N rounds, M personas] 付記欠落; 
2026-04-25T21:13:13Z	[BLOCK] sid=833e118e-20a5-4cbe-99f0-91e9c1214060 sha=ea52ff854ba71f85 violations: §2.25.9 PO 作業発生提案検出 + §2.25.3 メタタグ欠落; §2.25.11 直前 3T 立場矛盾 + 撤回宣言欠落; §2.25.14 応答末尾 [Review: N rounds, M personas] 付記欠落; 
2026-04-25T21:13:28Z	[PASS] sid=3a114d67-57d0-4e4a-b4d4-ca8fa2a66a13 sha=6f0f832b1b186a59 ev=Stop
2026-04-25T21:13:47Z	[BLOCK] sid=a028b681-30c1-411c-9599-f7e8862feeed sha=6ee87b915f935e2f violations: §2.25.9 PO 作業発生提案検出 + §2.25.3 メタタグ欠落; 
2026-04-25T21:13:53Z	[BLOCK] sid=833e118e-20a5-4cbe-99f0-91e9c1214060 sha=6445f11592a696fb violations: §2.25.14 応答末尾 [Review: N rounds, M personas] 付記欠落; 
2026-04-25T21:13:58Z	[PASS] sid=833e118e-20a5-4cbe-99f0-91e9c1214060 sha=f226e160dc72b02b ev=Stop
2026-04-25T21:14:06Z	[WARN] sid=a028b681-30c1-411c-9599-f7e8862feeed sha=74b889ef803cff6f warnings: §2.25.13 完了報告 10 行（>8）+ PO 明示要求なし; 
2026-04-25T21:14:06Z	[PASS] sid=a028b681-30c1-411c-9599-f7e8862feeed sha=74b889ef803cff6f ev=Stop
2026-04-25T21:14:49Z	[BLOCK] sid=7163e372-6521-4949-a0a3-740f1213fe70 sha=50f2c4220f180e79 violations: §2.25.12 外部 CLI/API 言及 + 引用元 or 「未確認」欠落; §2.25.14 応答末尾 [Review: N rounds, M personas] 付記欠落; 
2026-04-25T21:15:27Z	[BLOCK] sid=7163e372-6521-4949-a0a3-740f1213fe70 sha=699ed086cf557d13 violations: §2.25.14 応答末尾 [Review: N rounds, M personas] 付記欠落; 
2026-04-25T21:15:37Z	[PASS] sid=7163e372-6521-4949-a0a3-740f1213fe70 sha=b3c7fd2cf9fd918f ev=Stop
2026-04-25T21:17:51Z	[BLOCK] sid=a5cf55b2-7e19-45e9-9170-3c59a04a1d99 sha=81f1d98ce615af0d violations: §2.25.14 応答末尾 [Review: N rounds, M personas] 付記欠落; 
2026-04-25T21:17:51Z	[BLOCK] sid=5134a90e-0dcd-4238-8a32-125e6a63a52f sha=20598f75e89d59ab violations: §2.25.9 PO 作業発生提案検出 + §2.25.3 メタタグ欠落; §2.25.14 応答末尾 [Review: N rounds, M personas] 付記欠落; 
2026-04-25T21:17:51Z	[BLOCK] sid=d6e5e423-9202-48f2-a1d3-1322fd5c5530 sha=e8500162a243abc1 violations: §2.25.14 応答末尾 [Review: N rounds, M personas] 付記欠落; 
2026-04-25T21:17:52Z	[BLOCK] sid=4e61cc9d-246d-47bb-b4be-fee89582c311 sha=dc424c4d1cb777d6 violations: §2.25.14 応答末尾 [Review: N rounds, M personas] 付記欠落; 
2026-04-25T21:17:52Z	[BLOCK] sid=3282500e-e7ad-4f7d-b4e6-e74f309434fb sha=a067f8181990d906 violations: §2.25.14 応答末尾 [Review: N rounds, M personas] 付記欠落; 
2026-04-25T21:17:52Z	[BLOCK] sid=10396f8a-7f03-4a1d-a50e-8c94956c027b sha=e3f97236a41af861 violations: §2.25.14 応答末尾 [Review: N rounds, M personas] 付記欠落; 
2026-04-25T21:17:52Z	[BLOCK] sid=8d71328d-881a-45f0-81a7-dc619e0b38f6 sha=218ae782cb84cf0e violations: §2.25.14 応答末尾 [Review: N rounds, M personas] 付記欠落; 
2026-04-25T21:17:52Z	[BLOCK] sid=59859ebc-a3a6-4c1f-9986-34570b92f44f sha=0ff3fb6139c3af84 violations: §2.25.14 応答末尾 [Review: N rounds, M personas] 付記欠落; 
2026-04-25T21:17:53Z	[BLOCK] sid=4a400a32-dd33-4c5d-95a6-b13338ea97e2 sha=0c7dfd9ee09b1e51 violations: §2.25.14 応答末尾 [Review: N rounds, M personas] 付記欠落; 
2026-04-25T21:17:53Z	[PASS] sid=a5cf55b2-7e19-45e9-9170-3c59a04a1d99 sha=1dd2899f98df6473 ev=Stop
2026-04-25T21:17:53Z	[BLOCK] sid=a398cc7f-c457-4ad0-95fd-8e9b06046448 sha=7b9fb23a47e0ccbf violations: §2.25.14 応答末尾 [Review: N rounds, M personas] 付記欠落; 
2026-04-25T21:17:54Z	[PASS] sid=4e61cc9d-246d-47bb-b4be-fee89582c311 sha=c4dc1057ba1100ae ev=Stop
2026-04-25T21:17:54Z	[PASS] sid=d6e5e423-9202-48f2-a1d3-1322fd5c5530 sha=e91ff59a41daaba9 ev=Stop
2026-04-25T21:17:54Z	[PASS] sid=10396f8a-7f03-4a1d-a50e-8c94956c027b sha=d8a32fd1f10c692e ev=Stop
2026-04-25T21:17:54Z	[PASS] sid=59859ebc-a3a6-4c1f-9986-34570b92f44f sha=9a1d432af99500f1 ev=Stop
2026-04-25T21:17:55Z	[PASS] sid=4a400a32-dd33-4c5d-95a6-b13338ea97e2 sha=110ca6b5e832491f ev=Stop
2026-04-25T21:17:55Z	[PASS] sid=3282500e-e7ad-4f7d-b4e6-e74f309434fb sha=e15c6b4564096881 ev=Stop
2026-04-25T21:17:55Z	[PASS] sid=8d71328d-881a-45f0-81a7-dc619e0b38f6 sha=e3ddb0a1aa727d8b ev=Stop
2026-04-25T21:17:56Z	[PASS] sid=a398cc7f-c457-4ad0-95fd-8e9b06046448 sha=2b87ba86291bc278 ev=Stop
2026-04-25T21:17:59Z	[BLOCK] sid=5134a90e-0dcd-4238-8a32-125e6a63a52f sha=8cc085c86be5389a violations: §2.25.9 PO 作業発生提案検出 + §2.25.3 メタタグ欠落; 
2026-04-25T21:18:49Z	[BLOCK] sid=3a114d67-57d0-4e4a-b4d4-ca8fa2a66a13 sha=6ed3e7db83c342ae violations: §2.25.14 応答末尾 [Review: N rounds, M personas] 付記欠落; 
2026-04-25T21:18:52Z	[DEDUP] sid=3a114d67-57d0-4e4a-b4d4-ca8fa2a66a13 sha=6ed3e7db83c342ae 多重発火検出、skip
2026-04-25T21:19:12Z	[DEDUP] sid=3a114d67-57d0-4e4a-b4d4-ca8fa2a66a13 sha=6ed3e7db83c342ae 多重発火検出、skip
2026-04-25T21:19:30Z	[PASS] sid=3a114d67-57d0-4e4a-b4d4-ca8fa2a66a13 sha=a366b93d47913064 ev=Stop
2026-04-25T21:21:09Z	[BLOCK] sid=3a114d67-57d0-4e4a-b4d4-ca8fa2a66a13 sha=5d64c4deed40253f violations: §2.25.14 応答末尾 [Review: N rounds, M personas] 付記欠落; 
2026-04-25T21:21:13Z	[DEDUP] sid=3a114d67-57d0-4e4a-b4d4-ca8fa2a66a13 sha=a366b93d47913064 多重発火検出、skip
2026-04-25T21:22:10Z	[DEDUP] sid=3a114d67-57d0-4e4a-b4d4-ca8fa2a66a13 sha=a366b93d47913064 多重発火検出、skip
2026-04-25T21:24:40Z	[BLOCK] sid=2ea63a35-8eae-4589-b73b-6f46dd10699a sha=2e0e6c872293fffe violations: §2.25.14 応答末尾 [Review: N rounds, M personas] 付記欠落; 
2026-04-25T21:24:40Z	[BLOCK] sid=99d5388a-5246-4aa7-b682-62c718ed8388 sha=f38bed1076a15794 violations: §2.25.14 応答末尾 [Review: N rounds, M personas] 付記欠落; 
2026-04-25T21:24:40Z	[BLOCK] sid=7928106d-5239-4159-8f72-6e0b7945fb34 sha=370fa7b3a0a978cc violations: §2.25.14 応答末尾 [Review: N rounds, M personas] 付記欠落; 
2026-04-25T21:24:40Z	[BLOCK] sid=50db7931-a15a-4250-9f04-fbf2dc4d6f8f sha=186dee9663d07d96 violations: §2.25.14 応答末尾 [Review: N rounds, M personas] 付記欠落; 
2026-04-25T21:24:40Z	[BLOCK] sid=4b4fb2f3-7d8e-401f-b511-02bf3b36af25 sha=3b7f5732642356a1 violations: §2.25.14 応答末尾 [Review: N rounds, M personas] 付記欠落; 
2026-04-25T21:24:40Z	[BLOCK] sid=c8381a69-7737-4354-9906-2290b55737f7 sha=e17a07fe5f5f4da0 violations: §2.25.14 応答末尾 [Review: N rounds, M personas] 付記欠落; 
2026-04-25T21:24:40Z	[BLOCK] sid=0d45996c-1c96-4475-85ec-8f5e20ebb64c sha=2def3aec1bd867c8 violations: §2.25.14 応答末尾 [Review: N rounds, M personas] 付記欠落; 
2026-04-25T21:24:40Z	[BLOCK] sid=46503aae-36b3-426e-99ef-8679067abb45 sha=36e63525cfa5f903 violations: §2.25.14 応答末尾 [Review: N rounds, M personas] 付記欠落; 
2026-04-25T21:24:41Z	[BLOCK] sid=b792de65-c5ab-40b4-aece-fa0b4c116aed sha=cdd37caf3c470218 violations: §2.25.14 応答末尾 [Review: N rounds, M personas] 付記欠落; 
2026-04-25T21:24:41Z	[BLOCK] sid=081f1b4c-a756-4410-a8c2-bec21fb17d27 sha=aab904cffd0c505a violations: §2.25.14 応答末尾 [Review: N rounds, M personas] 付記欠落; 
2026-04-25T21:24:42Z	[PASS] sid=7928106d-5239-4159-8f72-6e0b7945fb34 sha=a366b93d47913064 ev=Stop
2026-04-25T21:24:42Z	[PASS] sid=2ea63a35-8eae-4589-b73b-6f46dd10699a sha=37944aaae2d0befd ev=Stop
2026-04-25T21:24:42Z	[PASS] sid=50db7931-a15a-4250-9f04-fbf2dc4d6f8f sha=501006ceaaa63289 ev=Stop
2026-04-25T21:24:42Z	[PASS] sid=0d45996c-1c96-4475-85ec-8f5e20ebb64c sha=802ef142f032adee ev=Stop
2026-04-25T21:24:42Z	[PASS] sid=46503aae-36b3-426e-99ef-8679067abb45 sha=965db30dcf1c34c7 ev=Stop
2026-04-25T21:24:42Z	[PASS] sid=99d5388a-5246-4aa7-b682-62c718ed8388 sha=e29b936145f9d5e0 ev=Stop
2026-04-25T21:24:43Z	[PASS] sid=c8381a69-7737-4354-9906-2290b55737f7 sha=9ef0163dc30d6442 ev=Stop
2026-04-25T21:24:43Z	[PASS] sid=4b4fb2f3-7d8e-401f-b511-02bf3b36af25 sha=c52181b0aa6282fb ev=Stop
2026-04-25T21:24:43Z	[PASS] sid=081f1b4c-a756-4410-a8c2-bec21fb17d27 sha=7985befd4063248c ev=Stop
2026-04-25T21:24:44Z	[PASS] sid=b792de65-c5ab-40b4-aece-fa0b4c116aed sha=a3474873a837dea2 ev=Stop
2026-04-25T21:25:41Z	[BLOCK] sid=3a114d67-57d0-4e4a-b4d4-ca8fa2a66a13 sha=1e36c3ad066947ef violations: §2.25.9 PO 作業発生提案検出 + §2.25.3 メタタグ欠落; §2.25.11 直前 3T 立場矛盾 + 撤回宣言欠落; §2.25.14 応答末尾 [Review: N rounds, M personas] 付記欠落; 
2026-04-25T21:25:57Z	[DEDUP] sid=3a114d67-57d0-4e4a-b4d4-ca8fa2a66a13 sha=a366b93d47913064 多重発火検出、skip
2026-04-25T21:26:17Z	[DEDUP] sid=3a114d67-57d0-4e4a-b4d4-ca8fa2a66a13 sha=a366b93d47913064 多重発火検出、skip
2026-04-25T21:30:25Z	[BLOCK] sid=d790506b-6a3b-44ae-b3dd-272f78a99e40 sha=3b1bde94f51143ca violations: §2.25.14 応答末尾 [Review: N rounds, M personas] 付記欠落; 
2026-04-25T21:30:25Z	[BLOCK] sid=843affa7-e10f-47f4-8938-ba66b241669b sha=e02a84bb39a96be8 violations: §2.25.14 応答末尾 [Review: N rounds, M personas] 付記欠落; 
2026-04-25T21:30:25Z	[BLOCK] sid=53923f06-b999-454d-8414-050fdc15d340 sha=4dd6c49e13dd148f violations: §2.25.14 応答末尾 [Review: N rounds, M personas] 付記欠落; 
2026-04-25T21:30:26Z	[BLOCK] sid=38b31807-82bc-47bf-bf06-c2b585b4d529 sha=4e190aab331d9a75 violations: §2.25.14 応答末尾 [Review: N rounds, M personas] 付記欠落; 
2026-04-25T21:30:26Z	[BLOCK] sid=b1e6dcf2-1ae4-4d7d-9c4b-655e3aca4963 sha=b1fc6697bf75eca1 violations: §2.25.14 応答末尾 [Review: N rounds, M personas] 付記欠落; 
2026-04-25T21:30:26Z	[BLOCK] sid=e7a0e713-3452-4337-aec1-a186a6c36989 sha=c84ced95afc134c6 violations: §2.25.14 応答末尾 [Review: N rounds, M personas] 付記欠落; 
2026-04-25T21:30:27Z	[BLOCK] sid=0cc6aeab-d666-4d10-ae7c-158b2f59bc3f sha=c7b2de163d0c6cb8 violations: §2.25.14 応答末尾 [Review: N rounds, M personas] 付記欠落; 
2026-04-25T21:30:27Z	[BLOCK] sid=06773283-defe-4b9a-a822-ce911821c4d6 sha=f1e3c5c0edf236e8 violations: §2.25.14 応答末尾 [Review: N rounds, M personas] 付記欠落; 
2026-04-25T21:30:27Z	[BLOCK] sid=597ded09-fea6-463c-82e4-d8cfb80fd7a8 sha=06a87b62deb79cba violations: §2.25.14 応答末尾 [Review: N rounds, M personas] 付記欠落; 
2026-04-25T21:30:27Z	[BLOCK] sid=31e34efd-ac2d-4262-b71d-aa5edbd7590e sha=b49cdb1f0a2686bd violations: §2.25.14 応答末尾 [Review: N rounds, M personas] 付記欠落; 
2026-04-25T21:30:27Z	[PASS] sid=843affa7-e10f-47f4-8938-ba66b241669b sha=f3d20b252dca1bfc ev=Stop
2026-04-25T21:30:27Z	[PASS] sid=d790506b-6a3b-44ae-b3dd-272f78a99e40 sha=85d6d39e077919f3 ev=Stop
2026-04-25T21:30:28Z	[PASS] sid=e7a0e713-3452-4337-aec1-a186a6c36989 sha=ff3d7b2dccfe7bff ev=Stop
2026-04-25T21:30:28Z	[PASS] sid=38b31807-82bc-47bf-bf06-c2b585b4d529 sha=9d8d33ef59333b87 ev=Stop
2026-04-25T21:30:28Z	[PASS] sid=b1e6dcf2-1ae4-4d7d-9c4b-655e3aca4963 sha=5a91eb47fac5bc4c ev=Stop
2026-04-25T21:30:29Z	[PASS] sid=0cc6aeab-d666-4d10-ae7c-158b2f59bc3f sha=a28040a0b9eac777 ev=Stop
2026-04-25T21:30:29Z	[PASS] sid=06773283-defe-4b9a-a822-ce911821c4d6 sha=813e85f151aa0101 ev=Stop
2026-04-25T21:30:29Z	[PASS] sid=597ded09-fea6-463c-82e4-d8cfb80fd7a8 sha=361fadeefe73e66d ev=Stop
2026-04-25T21:30:29Z	[PASS] sid=31e34efd-ac2d-4262-b71d-aa5edbd7590e sha=20abe0478b356c14 ev=Stop
2026-04-25T21:30:30Z	[PASS] sid=53923f06-b999-454d-8414-050fdc15d340 sha=e24021723d8712f1 ev=Stop
2026-04-25T21:30:50Z	[BLOCK] sid=3a114d67-57d0-4e4a-b4d4-ca8fa2a66a13 sha=3580c26d79a992c6 violations: §2.25.9 PO 作業発生提案検出 + §2.25.3 メタタグ欠落; §2.25.11 直前 3T 立場矛盾 + 撤回宣言欠落; §2.25.14 応答末尾 [Review: N rounds, M personas] 付記欠落; 
2026-04-25T21:30:54Z	[DEDUP] sid=3a114d67-57d0-4e4a-b4d4-ca8fa2a66a13 sha=a366b93d47913064 多重発火検出、skip
2026-04-25T21:34:02Z	[DEDUP] sid=3a114d67-57d0-4e4a-b4d4-ca8fa2a66a13 sha=a366b93d47913064 多重発火検出、skip
2026-04-25T21:42:15Z	[DEDUP] sid=3a114d67-57d0-4e4a-b4d4-ca8fa2a66a13 sha=a366b93d47913064 多重発火検出、skip
2026-04-25T23:22:01Z	[BLOCK] sid=3a114d67-57d0-4e4a-b4d4-ca8fa2a66a13 sha=5c028142c2a2b25c violations: §2.25.12 外部 CLI/API 言及 + 引用元 or 「未確認」欠落; 
2026-04-25T23:22:22Z	[PASS] sid=3a114d67-57d0-4e4a-b4d4-ca8fa2a66a13 sha=18286019c6748caa ev=Stop
2026-04-25T23:25:02Z	[BLOCK] sid=ca4a2b63-da0d-483a-9a12-b3ee48bf75bb sha=61b77ab787119aa6 violations: §2.25.9 PO 作業発生提案検出 + §2.25.3 メタタグ欠落; §2.25.14 応答末尾 [Review: N rounds, M personas] 付記欠落; 
2026-04-25T23:25:02Z	[BLOCK] sid=c59084ae-cb9b-4f13-a39d-6b3afa1c3165 sha=490af9e5a8cb0f94 violations: §2.25.14 応答末尾 [Review: N rounds, M personas] 付記欠落; 
2026-04-25T23:25:02Z	[BLOCK] sid=bcebb206-f423-4d25-801c-a0f29b74dcca sha=bc963b70cb40fbbb violations: §2.25.9 PO 作業発生提案検出 + §2.25.3 メタタグ欠落; §2.25.14 応答末尾 [Review: N rounds, M personas] 付記欠落; 
2026-04-25T23:25:02Z	[BLOCK] sid=26c1258f-6fa9-4d4a-aacb-2b8a4c94ae2a sha=f712242d04e3f2b3 violations: §2.25.9 PO 作業発生提案検出 + §2.25.3 メタタグ欠落; §2.25.14 応答末尾 [Review: N rounds, M personas] 付記欠落; 
2026-04-25T23:25:03Z	[BLOCK] sid=71c2367b-8106-4ddf-9b78-ff4866f78d4f sha=e17686bd70ea0cb6 violations: §2.25.14 応答末尾 [Review: N rounds, M personas] 付記欠落; 
2026-04-25T23:25:03Z	[BLOCK] sid=29749a16-0ac8-4df2-b8ad-11dc23f72c80 sha=45aff3e85fb11df0 violations: §2.25.9 PO 作業発生提案検出 + §2.25.3 メタタグ欠落; §2.25.14 応答末尾 [Review: N rounds, M personas] 付記欠落; 
2026-04-25T23:25:03Z	[BLOCK] sid=812c617d-7a50-45da-8a93-bd88ffe1efb7 sha=7ca93fb911bbd5de violations: §2.25.9 PO 作業発生提案検出 + §2.25.3 メタタグ欠落; §2.25.14 応答末尾 [Review: N rounds, M personas] 付記欠落; 
2026-04-25T23:25:03Z	[BLOCK] sid=c85b9740-3936-4dc7-962e-a8ed3b2b68f7 sha=c0888ff677dda5a6 violations: §2.25.14 応答末尾 [Review: N rounds, M personas] 付記欠落; 
2026-04-25T23:25:03Z	[BLOCK] sid=294e81ca-0003-4916-9747-b550213b3307 sha=6d03b94cf15b4118 violations: §2.25.9 PO 作業発生提案検出 + §2.25.3 メタタグ欠落; §2.25.14 応答末尾 [Review: N rounds, M personas] 付記欠落; 
2026-04-25T23:25:05Z	[PASS] sid=71c2367b-8106-4ddf-9b78-ff4866f78d4f sha=8ab0394170e8a5a3 ev=Stop
2026-04-25T23:25:05Z	[BLOCK] sid=8bc07a4b-c1f3-4d77-beb1-9996f359f9b4 sha=991316f845a5630e violations: §2.25.14 応答末尾 [Review: N rounds, M personas] 付記欠落; 
2026-04-25T23:25:05Z	[PASS] sid=c85b9740-3936-4dc7-962e-a8ed3b2b68f7 sha=84549a60c13b078f ev=Stop
2026-04-25T23:25:08Z	[BLOCK] sid=ca4a2b63-da0d-483a-9a12-b3ee48bf75bb sha=7ef1f22b589574e5 violations: §2.25.9 PO 作業発生提案検出 + §2.25.3 メタタグ欠落; 
2026-04-25T23:25:09Z	[PASS] sid=8bc07a4b-c1f3-4d77-beb1-9996f359f9b4 sha=670116d0ec7f940e ev=Stop
2026-04-25T23:25:09Z	[DEDUP] sid=26c1258f-6fa9-4d4a-aacb-2b8a4c94ae2a sha=f712242d04e3f2b3 多重発火検出、skip
2026-04-25T23:25:11Z	[BLOCK] sid=ca4a2b63-da0d-483a-9a12-b3ee48bf75bb sha=97e6c25728bb7d07 violations: §2.25.9 PO 作業発生提案検出 + §2.25.3 メタタグ欠落; 
2026-04-25T23:25:12Z	[DEDUP] sid=bcebb206-f423-4d25-801c-a0f29b74dcca sha=bc963b70cb40fbbb 多重発火検出、skip
2026-04-25T23:25:13Z	[DEDUP] sid=29749a16-0ac8-4df2-b8ad-11dc23f72c80 sha=45aff3e85fb11df0 多重発火検出、skip
2026-04-25T23:25:14Z	[PASS] sid=c59084ae-cb9b-4f13-a39d-6b3afa1c3165 sha=fc45fa756041f594 ev=Stop
2026-04-25T23:25:16Z	[BLOCK] sid=812c617d-7a50-45da-8a93-bd88ffe1efb7 sha=34761dfc18bab76d violations: §2.25.9 PO 作業発生提案検出 + §2.25.3 メタタグ欠落; 
2026-04-25T23:25:17Z	[BLOCK] sid=ca4a2b63-da0d-483a-9a12-b3ee48bf75bb sha=1c72591bdd6b6125 violations: §2.25.9 PO 作業発生提案検出 + §2.25.3 メタタグ欠落; 
2026-04-25T23:25:19Z	[BLOCK] sid=294e81ca-0003-4916-9747-b550213b3307 sha=8aa71007fd1ac518 violations: §2.25.14 応答末尾 [Review: N rounds, M personas] 付記欠落; 
2026-04-25T23:25:21Z	[BLOCK] sid=812c617d-7a50-45da-8a93-bd88ffe1efb7 sha=e99b282297c50c79 violations: §2.25.9 PO 作業発生提案検出 + §2.25.3 メタタグ欠落; §2.25.14 応答末尾 [Review: N rounds, M personas] 付記欠落; 
2026-04-25T23:25:24Z	[PASS] sid=ca4a2b63-da0d-483a-9a12-b3ee48bf75bb sha=c8c4faad3aec6ec2 ev=Stop
2026-04-25T23:25:25Z	[PASS] sid=294e81ca-0003-4916-9747-b550213b3307 sha=12e139105f65c97d ev=Stop
2026-04-25T23:25:28Z	[BLOCK] sid=812c617d-7a50-45da-8a93-bd88ffe1efb7 sha=0ef60b14cb511552 violations: §2.25.9 PO 作業発生提案検出 + §2.25.3 メタタグ欠落; 
2026-04-25T23:25:40Z	[BLOCK] sid=812c617d-7a50-45da-8a93-bd88ffe1efb7 sha=0cfba92fba155188 violations: §2.25.9 PO 作業発生提案検出 + §2.25.3 メタタグ欠落; 
2026-04-25T23:25:56Z	[BLOCK] sid=812c617d-7a50-45da-8a93-bd88ffe1efb7 sha=fe8f0aca5a07ad0f violations: §2.25.14 応答末尾 [Review: N rounds, M personas] 付記欠落; 
2026-04-25T23:27:03Z	[BLOCK] sid=3a114d67-57d0-4e4a-b4d4-ca8fa2a66a13 sha=134e75c2d8e82d80 violations: §2.25.14 応答末尾 [Review: N rounds, M personas] 付記欠落; 
2026-04-25T23:27:19Z	[DEDUP] sid=3a114d67-57d0-4e4a-b4d4-ca8fa2a66a13 sha=134e75c2d8e82d80 多重発火検出、skip
2026-04-25T23:27:31Z	[DEDUP] sid=3a114d67-57d0-4e4a-b4d4-ca8fa2a66a13 sha=134e75c2d8e82d80 多重発火検出、skip
2026-04-25T23:27:50Z	[DEDUP] sid=3a114d67-57d0-4e4a-b4d4-ca8fa2a66a13 sha=134e75c2d8e82d80 多重発火検出、skip
2026-04-25T23:28:10Z	[DEDUP] sid=3a114d67-57d0-4e4a-b4d4-ca8fa2a66a13 sha=134e75c2d8e82d80 多重発火検出、skip
2026-04-25T23:28:20Z	[BLOCK] sid=3a114d67-57d0-4e4a-b4d4-ca8fa2a66a13 sha=ebd0babcebcd3438 violations: §2.25.9 PO 作業発生提案検出 + §2.25.3 メタタグ欠落; 
2026-04-25T23:28:30Z	[PASS] sid=3a114d67-57d0-4e4a-b4d4-ca8fa2a66a13 sha=c0f8d074192776bb ev=Stop
2026-04-25T23:29:45Z	[BLOCK] sid=3eea1c80-d2f0-48b6-8fab-8a8743bf35c9 sha=8feb2997942725f2 violations: §2.25.9 PO 作業発生提案検出 + §2.25.3 メタタグ欠落; §2.25.12 外部 CLI/API 言及 + 引用元 or 「未確認」欠落; §2.25.14 応答末尾 [Review: N rounds, M personas] 付記欠落; 
2026-04-25T23:29:52Z	[BLOCK] sid=2fbb2f9d-561d-4df2-857c-8615d7d83718 sha=af1345554c451f2d violations: §2.25.9 PO 作業発生提案検出 + §2.25.3 メタタグ欠落; §2.25.12 外部 CLI/API 言及 + 引用元 or 「未確認」欠落; §2.25.14 応答末尾 [Review: N rounds, M personas] 付記欠落; 
2026-04-25T23:29:52Z	[BLOCK] sid=a68d96ff-cc9d-48a9-a89c-e5aef8cc48ab sha=6e194f660f28a001 violations: §2.25.9 PO 作業発生提案検出 + §2.25.3 メタタグ欠落; §2.25.12 外部 CLI/API 言及 + 引用元 or 「未確認」欠落; §2.25.14 応答末尾 [Review: N rounds, M personas] 付記欠落; 
2026-04-25T23:29:55Z	[BLOCK] sid=94c29b41-73a8-4282-86f3-b12c8ddbb650 sha=9d2e98810970de31 violations: §2.25.9 PO 作業発生提案検出 + §2.25.3 メタタグ欠落; §2.25.12 外部 CLI/API 言及 + 引用元 or 「未確認」欠落; §2.25.14 応答末尾 [Review: N rounds, M personas] 付記欠落; 
2026-04-25T23:29:56Z	[BLOCK] sid=c264e78e-56c6-44d3-a418-f452927f4dec sha=3936c4b481decd37 violations: §2.25.9 PO 作業発生提案検出 + §2.25.3 メタタグ欠落; §2.25.14 応答末尾 [Review: N rounds, M personas] 付記欠落; 
2026-04-25T23:30:21Z	[BLOCK] sid=523665b8-96af-4de9-9ddf-aece721f5328 sha=8d854ed4b4f34500 violations: §2.25.9 PO 作業発生提案検出 + §2.25.3 メタタグ欠落; §2.25.14 応答末尾 [Review: N rounds, M personas] 付記欠落; 
2026-04-25T23:30:21Z	[BLOCK] sid=7fdf6ad2-c171-4f1c-bf2e-797c81e31b08 sha=7629170619ad0aef violations: §2.25.9 PO 作業発生提案検出 + §2.25.3 メタタグ欠落; §2.25.12 外部 CLI/API 言及 + 引用元 or 「未確認」欠落; §2.25.14 応答末尾 [Review: N rounds, M personas] 付記欠落; 
2026-04-25T23:30:24Z	[BLOCK] sid=8dec5ada-e311-441d-bde1-dd08c5f9393f sha=59ecdc0a78435f58 violations: §2.25.14 応答末尾 [Review: N rounds, M personas] 付記欠落; 
2026-04-25T23:30:29Z	[BLOCK] sid=8149bfb1-db36-460e-be97-499d2a3f43ab sha=c2e78426f9f74119 violations: §2.25.12 外部 CLI/API 言及 + 引用元 or 「未確認」欠落; §2.25.14 応答末尾 [Review: N rounds, M personas] 付記欠落; 
2026-04-25T23:30:34Z	[DEDUP] sid=3a114d67-57d0-4e4a-b4d4-ca8fa2a66a13 sha=a366b93d47913064 多重発火検出、skip
2026-04-25T23:30:43Z	[BLOCK] sid=94c29b41-73a8-4282-86f3-b12c8ddbb650 sha=1679c46b0ca2a567 violations: §2.25.9 PO 作業発生提案検出 + §2.25.3 メタタグ欠落; §2.25.14 応答末尾 [Review: N rounds, M personas] 付記欠落; 
2026-04-25T23:30:45Z	[BLOCK] sid=523665b8-96af-4de9-9ddf-aece721f5328 sha=0abe56cb7368427c violations: §2.25.9 PO 作業発生提案検出 + §2.25.3 メタタグ欠落; 
2026-04-26T02:35:24Z	[BLOCK] sid=3a114d67-57d0-4e4a-b4d4-ca8fa2a66a13 sha=ae0f2c704be91ed1 violations: §2.25.14 応答末尾 [Review: N rounds, M personas] 付記欠落; 
2026-04-26T02:35:36Z	[DEDUP] sid=3a114d67-57d0-4e4a-b4d4-ca8fa2a66a13 sha=ae0f2c704be91ed1 多重発火検出、skip
2026-04-26T02:35:49Z	[DEDUP] sid=3a114d67-57d0-4e4a-b4d4-ca8fa2a66a13 sha=ae0f2c704be91ed1 多重発火検出、skip
2026-04-26T02:36:05Z	[DEDUP] sid=3a114d67-57d0-4e4a-b4d4-ca8fa2a66a13 sha=ae0f2c704be91ed1 多重発火検出、skip
2026-04-26T02:36:18Z	[DEDUP] sid=3a114d67-57d0-4e4a-b4d4-ca8fa2a66a13 sha=a366b93d47913064 多重発火検出、skip
2026-04-26T02:36:42Z	[WARN] sid=test-vio13-001 sha=8334b9763ffec5b3 warnings: §2.25.6 暗号略称検出 [warn-mode] vote_id, PATCH-XXX, ; 
2026-04-26T02:36:42Z	[PASS] sid=test-vio13-001 sha=8334b9763ffec5b3 ev=Stop
2026-04-26T02:36:47Z	[WARN] sid=test-vio13-001 sha=933fa381a438a9ee warnings: §2.25.6 暗号略称検出 [warn-mode] vote_id, PATCH-XXX, ; 
2026-04-26T02:36:47Z	[PASS] sid=test-vio13-001 sha=933fa381a438a9ee ev=Stop
2026-04-26T02:36:53Z	[BLOCK] sid=test-vio13-002 sha=36c435b2c4994a2a violations: §2.25.6 暗号略称垂れ流し検出 (違反 #13 系統): vote_id, PATCH-XXX, SUBAGENT-XXX, PD-N, verdict=..., ; 
2026-04-26T02:37:05Z	[PASS] sid=test-summary sha=1afbc875d8febe37 ev=Stop
2026-04-26T02:37:05Z	[BLOCK] sid=test-summary-long sha=f66d6f78cfc2fd23 violations: §2.25.21.2 完了報告 41 行（>30）+ PO 向け 5 行サマリー化未実施 (違反 #13 系統); 
2026-04-26T02:37:47Z	[DEDUP] sid=3a114d67-57d0-4e4a-b4d4-ca8fa2a66a13 sha=a366b93d47913064 多重発火検出、skip
2026-04-26T02:43:34Z	[BLOCK] sid=3a114d67-57d0-4e4a-b4d4-ca8fa2a66a13 sha=42ec9b84475691ef violations: §2.25.9 PO 作業発生提案検出 + §2.25.3 メタタグ欠落; §2.25.14 応答末尾 [Review: N rounds, M personas] 付記欠落; 
2026-04-26T02:43:39Z	[DEDUP] sid=3a114d67-57d0-4e4a-b4d4-ca8fa2a66a13 sha=a366b93d47913064 多重発火検出、skip
2026-04-26T02:44:40Z	[DEDUP] sid=3a114d67-57d0-4e4a-b4d4-ca8fa2a66a13 sha=a366b93d47913064 多重発火検出、skip
2026-04-26T02:48:47Z	[DEDUP] sid=3a114d67-57d0-4e4a-b4d4-ca8fa2a66a13 sha=a366b93d47913064 多重発火検出、skip
2026-04-26T04:40:58Z	[PASS] sid=3a114d67-57d0-4e4a-b4d4-ca8fa2a66a13 sha=88a92cb28d34b845 ev=Stop
2026-04-26T04:48:46Z	[BLOCK] sid=064254aa-c483-4671-a341-0585509fba50 sha=205285530ec45cfc violations: §2.25.12 外部 CLI/API 言及 + 引用元 or 「未確認」欠落; §2.25.14 応答末尾 [Review: N rounds, M personas] 付記欠落; 
2026-04-26T04:48:47Z	[BLOCK] sid=b910928f-d20c-4ea3-9180-3a1c3a2a7ece sha=8b0e3cdb6b3d42ce violations: §2.25.9 PO 作業発生提案検出 + §2.25.3 メタタグ欠落; §2.25.14 応答末尾 [Review: N rounds, M personas] 付記欠落; 
2026-04-26T04:48:48Z	[BLOCK] sid=bc1560ba-d784-48c1-84be-50a5ec33c70d sha=52611edcb3d361a8 violations: §2.25.14 応答末尾 [Review: N rounds, M personas] 付記欠落; 
2026-04-26T04:48:49Z	[BLOCK] sid=22dae94b-0c4d-4c15-a554-246c1b7b78ff sha=f63108c8d1f25285 violations: §2.25.9 PO 作業発生提案検出 + §2.25.3 メタタグ欠落; §2.25.14 応答末尾 [Review: N rounds, M personas] 付記欠落; 
2026-04-26T04:48:49Z	[BLOCK] sid=d6efb418-b8c8-4937-843f-da2874cd3650 sha=e7ab2bd14ad61626 violations: §2.25.14 応答末尾 [Review: N rounds, M personas] 付記欠落; 
2026-04-26T04:48:50Z	[BLOCK] sid=3ae026a2-fba9-42c7-8768-6c746c1cb85a sha=bea002d80180e74d violations: §2.25.14 応答末尾 [Review: N rounds, M personas] 付記欠落; 
2026-04-26T04:48:52Z	[BLOCK] sid=bc1560ba-d784-48c1-84be-50a5ec33c70d sha=1518db378893e7d0 violations: §2.25.14 応答末尾 [Review: N rounds, M personas] 付記欠落; 
2026-04-26T04:48:53Z	[BLOCK] sid=064254aa-c483-4671-a341-0585509fba50 sha=dbf4d3b38803a0a5 violations: §2.25.14 応答末尾 [Review: N rounds, M personas] 付記欠落; 
2026-04-26T04:48:55Z	[BLOCK] sid=8599bf20-9ebf-49d5-ba02-a6b7461fcc6e sha=945d8ddfb6222a46 violations: §2.25.14 応答末尾 [Review: N rounds, M personas] 付記欠落; 
2026-04-26T04:48:55Z	[BLOCK] sid=b910928f-d20c-4ea3-9180-3a1c3a2a7ece sha=b33a98d177325317 violations: §2.25.14 応答末尾 [Review: N rounds, M personas] 付記欠落; 
2026-04-26T04:48:55Z	[BLOCK] sid=dacf7e78-512d-45ba-b0e3-7b0ec5a00ae0 sha=07300fc52246e83a violations: §2.25.12 外部 CLI/API 言及 + 引用元 or 「未確認」欠落; §2.25.14 応答末尾 [Review: N rounds, M personas] 付記欠落; 
2026-04-26T04:48:56Z	[BLOCK] sid=d6efb418-b8c8-4937-843f-da2874cd3650 sha=a08e9c2125802db4 violations: §2.25.14 応答末尾 [Review: N rounds, M personas] 付記欠落; 
2026-04-26T04:48:56Z	[BLOCK] sid=ac900634-0bce-4b38-9613-f72baba4f077 sha=2cba16de28579235 violations: §2.25.14 応答末尾 [Review: N rounds, M personas] 付記欠落; 
2026-04-26T04:48:57Z	[BLOCK] sid=d115bf76-92b8-4715-9d85-3514f32cf373 sha=e908ad297fa3eb2e violations: §2.25.12 外部 CLI/API 言及 + 引用元 or 「未確認」欠落; §2.25.14 応答末尾 [Review: N rounds, M personas] 付記欠落; 
2026-04-26T04:48:59Z	[PASS] sid=b910928f-d20c-4ea3-9180-3a1c3a2a7ece sha=12387bddff8392ff ev=Stop
2026-04-26T04:48:59Z	[BLOCK] sid=3ae026a2-fba9-42c7-8768-6c746c1cb85a sha=49ccd967a2fac3ba violations: §2.25.14 応答末尾 [Review: N rounds, M personas] 付記欠落; 
2026-04-26T04:49:00Z	[BLOCK] sid=064254aa-c483-4671-a341-0585509fba50 sha=a32d2d915d2c587d violations: §2.25.12 外部 CLI/API 言及 + 引用元 or 「未確認」欠落; §2.25.14 応答末尾 [Review: N rounds, M personas] 付記欠落; 
2026-04-26T04:49:00Z	[BLOCK] sid=bc1560ba-d784-48c1-84be-50a5ec33c70d sha=ea53b42acf492b30 violations: §2.25.14 応答末尾 [Review: N rounds, M personas] 付記欠落; 
2026-04-26T04:49:01Z	[PASS] sid=8599bf20-9ebf-49d5-ba02-a6b7461fcc6e sha=842a55f8280366cf ev=Stop
2026-04-26T04:49:02Z	[BLOCK] sid=dacf7e78-512d-45ba-b0e3-7b0ec5a00ae0 sha=0661f1a9a801c57f violations: §2.25.14 応答末尾 [Review: N rounds, M personas] 付記欠落; 
2026-04-26T04:49:03Z	[BLOCK] sid=d115bf76-92b8-4715-9d85-3514f32cf373 sha=d788a9549b3fbc87 violations: §2.25.12 外部 CLI/API 言及 + 引用元 or 「未確認」欠落; 
2026-04-26T04:49:05Z	[BLOCK] sid=22dae94b-0c4d-4c15-a554-246c1b7b78ff sha=fa61d803cfe7c11a violations: §2.25.14 応答末尾 [Review: N rounds, M personas] 付記欠落; 
2026-04-26T04:49:05Z	[BLOCK] sid=ac900634-0bce-4b38-9613-f72baba4f077 sha=5ef1b2e927db5ae9 violations: §2.25.14 応答末尾 [Review: N rounds, M personas] 付記欠落; 
2026-04-26T04:49:07Z	[PASS] sid=d115bf76-92b8-4715-9d85-3514f32cf373 sha=7c5a9584b12fa91c ev=Stop
2026-04-26T04:49:10Z	[PASS] sid=3ae026a2-fba9-42c7-8768-6c746c1cb85a sha=00854583983f4bf3 ev=Stop
2026-04-26T04:49:10Z	[BLOCK] sid=d6efb418-b8c8-4937-843f-da2874cd3650 sha=9eb475415810b1d9 violations: §2.25.12 外部 CLI/API 言及 + 引用元 or 「未確認」欠落; §2.25.14 応答末尾 [Review: N rounds, M personas] 付記欠落; 
2026-04-26T04:49:10Z	[BLOCK] sid=22dae94b-0c4d-4c15-a554-246c1b7b78ff sha=cf712b35aebe664c violations: §2.25.9 PO 作業発生提案検出 + §2.25.3 メタタグ欠落; 
2026-04-26T04:49:10Z	[PASS] sid=064254aa-c483-4671-a341-0585509fba50 sha=823564729e4b4c55 ev=Stop
2026-04-26T04:49:11Z	[BLOCK] sid=ac900634-0bce-4b38-9613-f72baba4f077 sha=c5d915242588d7af violations: §2.25.12 外部 CLI/API 言及 + 引用元 or 「未確認」欠落; 
2026-04-26T04:49:11Z	[BLOCK] sid=dacf7e78-512d-45ba-b0e3-7b0ec5a00ae0 sha=1b33fa65f92fbecf violations: §2.25.12 外部 CLI/API 言及 + 引用元 or 「未確認」欠落; §2.25.14 応答末尾 [Review: N rounds, M personas] 付記欠落; 
2026-04-26T04:49:13Z	[BLOCK] sid=bc1560ba-d784-48c1-84be-50a5ec33c70d sha=0b480baa26489c61 violations: §2.25.9 PO 作業発生提案検出 + §2.25.3 メタタグ欠落; §2.25.14 応答末尾 [Review: N rounds, M personas] 付記欠落; 
2026-04-26T04:49:17Z	[BLOCK] sid=d6efb418-b8c8-4937-843f-da2874cd3650 sha=e89136d65d63b241 violations: §2.25.14 応答末尾 [Review: N rounds, M personas] 付記欠落; 
2026-04-26T04:49:18Z	[BLOCK] sid=ac900634-0bce-4b38-9613-f72baba4f077 sha=6300901b364d816a violations: §2.25.14 応答末尾 [Review: N rounds, M personas] 付記欠落; 
2026-04-26T04:49:21Z	[BLOCK] sid=22dae94b-0c4d-4c15-a554-246c1b7b78ff sha=a2844417a99dd5e7 violations: §2.25.9 PO 作業発生提案検出 + §2.25.3 メタタグ欠落; 
2026-04-26T04:49:21Z	[BLOCK] sid=d6efb418-b8c8-4937-843f-da2874cd3650 sha=761b39b519cf2294 violations: §2.25.14 応答末尾 [Review: N rounds, M personas] 付記欠落; 
2026-04-26T04:49:25Z	[PASS] sid=ac900634-0bce-4b38-9613-f72baba4f077 sha=f2076c64548a686a ev=Stop
2026-04-26T04:49:26Z	[BLOCK] sid=dacf7e78-512d-45ba-b0e3-7b0ec5a00ae0 sha=d3fee98a2eda95e9 violations: §2.25.14 応答末尾 [Review: N rounds, M personas] 付記欠落; 
2026-04-26T04:49:27Z	[BLOCK] sid=d6efb418-b8c8-4937-843f-da2874cd3650 sha=927e0caf5038a878 violations: §2.25.14 応答末尾 [Review: N rounds, M personas] 付記欠落; 
2026-04-26T04:49:33Z	[BLOCK] sid=d6efb418-b8c8-4937-843f-da2874cd3650 sha=7ad0541210dcff2e violations: §2.25.14 応答末尾 [Review: N rounds, M personas] 付記欠落; 
2026-04-26T04:49:34Z	[BLOCK] sid=dacf7e78-512d-45ba-b0e3-7b0ec5a00ae0 sha=59e7c85f9724773e violations: §2.25.14 応答末尾 [Review: N rounds, M personas] 付記欠落; 
2026-04-26T04:49:38Z	[BLOCK] sid=3a114d67-57d0-4e4a-b4d4-ca8fa2a66a13 sha=45e6bf42d4fc6b31 violations: §2.25.14 応答末尾 [Review: N rounds, M personas] 付記欠落; 
2026-04-26T04:49:52Z	[DEDUP] sid=3a114d67-57d0-4e4a-b4d4-ca8fa2a66a13 sha=a366b93d47913064 多重発火検出、skip
2026-04-26T04:51:32Z	[BLOCK] sid=7b4a1a74-f9be-458b-a042-3a2e5e8611b8 sha=da2c8dd755381990 violations: §2.25.9 PO 作業発生提案検出 + §2.25.3 メタタグ欠落; §2.25.14 応答末尾 [Review: N rounds, M personas] 付記欠落; 
2026-04-26T04:51:34Z	[BLOCK] sid=95af6c83-6a52-44fd-a992-e6d32865b683 sha=0e327ecd312b3443 violations: §2.25.14 応答末尾 [Review: N rounds, M personas] 付記欠落; 
2026-04-26T04:51:36Z	[BLOCK] sid=5ed82244-dc14-44c6-968d-6d40660d84b3 sha=365f589a56cd2533 violations: §2.25.14 応答末尾 [Review: N rounds, M personas] 付記欠落; 
2026-04-26T04:51:39Z	[BLOCK] sid=47a60a01-ad15-437b-8a2a-8a17f004855d sha=291afc10b82299cf violations: §2.25.12 外部 CLI/API 言及 + 引用元 or 「未確認」欠落; §2.25.14 応答末尾 [Review: N rounds, M personas] 付記欠落; 
2026-04-26T04:51:41Z	[PASS] sid=5ed82244-dc14-44c6-968d-6d40660d84b3 sha=04ce721d316e3bf9 ev=Stop
2026-04-26T04:51:44Z	[PASS] sid=95af6c83-6a52-44fd-a992-e6d32865b683 sha=20370c4984b70062 ev=Stop
2026-04-26T04:51:59Z	[BLOCK] sid=c32d2adb-f777-45b6-8034-e3d77a656b65 sha=e37b6c98a92461b1 violations: §2.25.14 応答末尾 [Review: N rounds, M personas] 付記欠落; 
2026-04-26T04:52:01Z	[BLOCK] sid=2c1d69c6-d966-4534-85b8-081d6d57e345 sha=e5f74901d6784d71 violations: §2.25.14 応答末尾 [Review: N rounds, M personas] 付記欠落; 
2026-04-26T04:52:04Z	[PASS] sid=c32d2adb-f777-45b6-8034-e3d77a656b65 sha=389d40cfbf159e45 ev=Stop
2026-04-26T04:52:10Z	[BLOCK] sid=3a9b2dc2-5809-4301-a685-fd84381e6c3e sha=c5296cd64cf4c7db violations: §2.25.9 PO 作業発生提案検出 + §2.25.3 メタタグ欠落; §2.25.14 応答末尾 [Review: N rounds, M personas] 付記欠落; 
2026-04-26T04:52:18Z	[BLOCK] sid=467e5739-956e-411d-b3a6-b256b4807fa4 sha=b4a99c657cfaec40 violations: §2.25.9 PO 作業発生提案検出 + §2.25.3 メタタグ欠落; §2.25.14 応答末尾 [Review: N rounds, M personas] 付記欠落; 
2026-04-26T04:52:21Z	[BLOCK] sid=8dd85542-21ce-4330-a8a5-45348903fc72 sha=ee40891810d8ff4e violations: §2.25.14 応答末尾 [Review: N rounds, M personas] 付記欠落; 
2026-04-26T04:52:27Z	[BLOCK] sid=8dd85542-21ce-4330-a8a5-45348903fc72 sha=5adcf7ab39e3722e violations: §2.25.14 応答末尾 [Review: N rounds, M personas] 付記欠落; 
2026-04-26T04:52:28Z	[BLOCK] sid=43ffdf74-48ec-4a09-a742-d4464c1d40dd sha=99f0db07b80924d7 violations: §2.25.9 PO 作業発生提案検出 + §2.25.3 メタタグ欠落; §2.25.11 直前 3T 立場矛盾 + 撤回宣言欠落; §2.25.14 応答末尾 [Review: N rounds, M personas] 付記欠落; 
2026-04-26T04:52:38Z	[BLOCK] sid=3a114d67-57d0-4e4a-b4d4-ca8fa2a66a13 sha=249786c27fb014ba violations: §2.25.9 PO 作業発生提案検出 + §2.25.3 メタタグ欠落; 
2026-04-26T04:52:43Z	[PASS] sid=8dd85542-21ce-4330-a8a5-45348903fc72 sha=d1c20043f36d59d9 ev=Stop
2026-04-26T04:52:44Z	[BLOCK] sid=2c1d69c6-d966-4534-85b8-081d6d57e345 sha=383759c439e862c7 violations: §2.25.11 直前 3T 立場矛盾 + 撤回宣言欠落; §2.25.14 応答末尾 [Review: N rounds, M personas] 付記欠落; 
2026-04-26T04:52:46Z	[PASS] sid=3a114d67-57d0-4e4a-b4d4-ca8fa2a66a13 sha=3dd12a29480216ee ev=Stop
2026-04-26T04:53:00Z	[PASS] sid=47a60a01-ad15-437b-8a2a-8a17f004855d sha=84f7e010a0408706 ev=Stop
2026-04-26T04:54:11Z	[PASS] sid=2c1d69c6-d966-4534-85b8-081d6d57e345 sha=0aa34d923ef959cf ev=Stop
2026-04-26T04:54:35Z	[BLOCK] sid=3a9b2dc2-5809-4301-a685-fd84381e6c3e sha=d98d6b85d4e717db violations: §2.25.9 PO 作業発生提案検出 + §2.25.3 メタタグ欠落; 
2026-04-26T04:56:10Z	[BLOCK] sid=467e5739-956e-411d-b3a6-b256b4807fa4 sha=53fd698079f65e3f violations: §2.25.11 直前 3T 立場矛盾 + 撤回宣言欠落; 
2026-04-26T04:57:09Z	[WARN] sid=3a9b2dc2-5809-4301-a685-fd84381e6c3e sha=356d76beea027584 warnings: §2.25.21.2 完了報告 73 行（>30）[warn-mode] 5 行サマリー化推奨; §2.25.13 完了報告 73 行（>8）+ PO 明示要求なし; 
2026-04-26T04:57:09Z	[PASS] sid=3a9b2dc2-5809-4301-a685-fd84381e6c3e sha=356d76beea027584 ev=Stop
2026-04-26T04:57:15Z	[BLOCK] sid=7b4a1a74-f9be-458b-a042-3a2e5e8611b8 sha=a4c641d81ce48e12 violations: §2.25.11 直前 3T 立場矛盾 + 撤回宣言欠落; §2.25.14 応答末尾 [Review: N rounds, M personas] 付記欠落; 
2026-04-26T04:57:35Z	[BLOCK] sid=43ffdf74-48ec-4a09-a742-d4464c1d40dd sha=40eac2b3d6d85a8a violations: §2.25.11 直前 3T 立場矛盾 + 撤回宣言欠落; 
2026-04-26T05:01:03Z	[WARN] sid=43ffdf74-48ec-4a09-a742-d4464c1d40dd sha=a2037fbd6469365c warnings: §2.25.21.2 完了報告 70 行（>30）[warn-mode] 5 行サマリー化推奨; §2.25.13 完了報告 70 行（>8）+ PO 明示要求なし; 
2026-04-26T05:01:03Z	[PASS] sid=43ffdf74-48ec-4a09-a742-d4464c1d40dd sha=a2037fbd6469365c ev=Stop
2026-04-26T05:01:15Z	[WARN] sid=467e5739-956e-411d-b3a6-b256b4807fa4 sha=3d14e87e0ac243e1 warnings: §2.25.21.2 完了報告 52 行（>30）[warn-mode] 5 行サマリー化推奨; §2.25.13 完了報告 52 行（>8）+ PO 明示要求なし; 
2026-04-26T05:01:15Z	[PASS] sid=467e5739-956e-411d-b3a6-b256b4807fa4 sha=3d14e87e0ac243e1 ev=Stop
2026-04-26T05:02:06Z	[PASS] sid=3a114d67-57d0-4e4a-b4d4-ca8fa2a66a13 sha=d4bcb55f00d81428 ev=Stop
2026-04-26T05:06:27Z	[PASS] sid=3a114d67-57d0-4e4a-b4d4-ca8fa2a66a13 sha=78c8bdcfea9a7f69 ev=Stop
2026-04-26T05:08:00Z	[BLOCK] sid=3a114d67-57d0-4e4a-b4d4-ca8fa2a66a13 sha=1aecbb186e2394a8 violations: §2.25.12 外部 CLI/API 言及 + 引用元 or 「未確認」欠落; 
2026-04-26T05:08:15Z	[WARN] sid=3a114d67-57d0-4e4a-b4d4-ca8fa2a66a13 sha=41002f70a81a20d1 warnings: §2.25.6 暗号略称検出 [warn-mode] PATCH-XXX, ; 
2026-04-26T05:08:15Z	[PASS] sid=3a114d67-57d0-4e4a-b4d4-ca8fa2a66a13 sha=41002f70a81a20d1 ev=Stop
2026-04-26T05:09:57Z	[BLOCK] sid=3a114d67-57d0-4e4a-b4d4-ca8fa2a66a13 sha=3f9e168e11e2435e violations: §2.25.14 応答末尾 [Review: N rounds, M personas] 付記欠落; 
2026-04-26T05:10:10Z	[BLOCK] sid=3a114d67-57d0-4e4a-b4d4-ca8fa2a66a13 sha=18aca4513284dff5 violations: §2.25.12 外部 CLI/API 言及 + 引用元 or 「未確認」欠落; 
2026-04-26T05:10:21Z	[PASS] sid=3a114d67-57d0-4e4a-b4d4-ca8fa2a66a13 sha=7df07bc7fbfad104 ev=Stop
2026-04-26T05:10:34Z	[BLOCK] [TEST] --test-fail-closed BLOCK 出力テスト
2026-04-26T05:11:58Z	[PASS] sid=3a114d67-57d0-4e4a-b4d4-ca8fa2a66a13 sha=3c482da67de33a7d ev=Stop
2026-04-26T05:14:08Z	[PASS] sid=3a114d67-57d0-4e4a-b4d4-ca8fa2a66a13 sha=a9bd7c7a3a921cc9 ev=Stop
2026-04-26T05:14:16Z	[BLOCK] [TEST] --test-fail-closed BLOCK 出力テスト
2026-04-26T05:14:52Z	[BLOCK] [TEST] --test-fail-closed BLOCK 出力テスト
2026-04-26T05:18:14Z	[BLOCK] [TEST] --test-fail-closed BLOCK 出力テスト
2026-04-26T05:18:40Z	[DEDUP] sid=3a114d67-57d0-4e4a-b4d4-ca8fa2a66a13 sha=a366b93d47913064 多重発火検出、skip
2026-04-26T05:32:02Z	[BLOCK] sid=3a114d67-57d0-4e4a-b4d4-ca8fa2a66a13 sha=edec89d0ee6b1fdc violations: §2.25.12 外部 CLI/API 言及 + 引用元 or 「未確認」欠落; 
2026-04-26T05:32:17Z	[WARN] sid=3a114d67-57d0-4e4a-b4d4-ca8fa2a66a13 sha=ed10c57353c95bfe warnings: §2.25.6 暗号略称検出 [warn-mode] SUBAGENT-XXX, ; 
2026-04-26T05:32:17Z	[PASS] sid=3a114d67-57d0-4e4a-b4d4-ca8fa2a66a13 sha=ed10c57353c95bfe ev=Stop
2026-04-26T05:43:18Z	[WARN] sid=3a114d67-57d0-4e4a-b4d4-ca8fa2a66a13 sha=a47ddbfa4dccd3b3 warnings: §2.25.6 暗号略称検出 [warn-mode] PATCH-XXX, ; §2.25.21.2 完了報告 50 行（>30）[warn-mode] 5 行サマリー化推奨; §2.25.13 完了報告 50 行（>8）+ PO 明示要求なし; 
2026-04-26T05:43:18Z	[PASS] sid=3a114d67-57d0-4e4a-b4d4-ca8fa2a66a13 sha=a47ddbfa4dccd3b3 ev=Stop
2026-04-26T05:43:50Z	[WARN] sid=3a114d67-57d0-4e4a-b4d4-ca8fa2a66a13 sha=705813589694bf5b warnings: §2.25.13 完了報告 17 行（>8）+ PO 明示要求なし; 
2026-04-26T05:43:50Z	[PASS] sid=3a114d67-57d0-4e4a-b4d4-ca8fa2a66a13 sha=705813589694bf5b ev=Stop
2026-04-26T05:46:05Z	[BLOCK] sid=3a114d67-57d0-4e4a-b4d4-ca8fa2a66a13 sha=ddb782a270a5505c violations: §2.25.12 外部 CLI/API 言及 + 引用元 or 「未確認」欠落; 
2026-04-26T05:46:22Z	[WARN] sid=3a114d67-57d0-4e4a-b4d4-ca8fa2a66a13 sha=18cd7483f88dd71c warnings: §2.25.6 暗号略称検出 [warn-mode] SUBAGENT-XXX, ; 
2026-04-26T05:46:22Z	[PASS] sid=3a114d67-57d0-4e4a-b4d4-ca8fa2a66a13 sha=18cd7483f88dd71c ev=Stop
2026-04-26T05:47:42Z	[BLOCK] sid=734326da-68f6-466d-b8e2-92f4fc84ac08 sha=16469bbc7d547c1a violations: §2.25.14 応答末尾 [Review: N rounds, M personas] 付記欠落; 
2026-04-26T05:47:45Z	[BLOCK] sid=915e4f6c-662a-4bb6-92d0-564b4fc0408a sha=a6949fa6877d6cea violations: §2.25.14 応答末尾 [Review: N rounds, M personas] 付記欠落; 
2026-04-26T05:47:45Z	[BLOCK] sid=3f3dd42e-915b-4ed1-8d20-31cc4b6b2b6d sha=e1efe1cab4190637 violations: §2.25.12 外部 CLI/API 言及 + 引用元 or 「未確認」欠落; §2.25.14 応答末尾 [Review: N rounds, M personas] 付記欠落; 
2026-04-26T05:47:48Z	[BLOCK] sid=0a0a981d-76a9-4d78-a58b-b9888b85d510 sha=c47ef0bb4e7f0b14 violations: §2.25.12 外部 CLI/API 言及 + 引用元 or 「未確認」欠落; §2.25.14 応答末尾 [Review: N rounds, M personas] 付記欠落; 
2026-04-26T05:47:48Z	[BLOCK] sid=5f4bb06c-024e-4542-aab3-8b70d3766456 sha=8c99d464d258832c violations: §2.25.14 応答末尾 [Review: N rounds, M personas] 付記欠落; 
2026-04-26T05:47:48Z	[PASS] sid=734326da-68f6-466d-b8e2-92f4fc84ac08 sha=9d26c4bb3eec00ce ev=Stop
2026-04-26T05:47:48Z	[PASS] sid=915e4f6c-662a-4bb6-92d0-564b4fc0408a sha=5a2b070f74d073b1 ev=Stop
2026-04-26T05:47:49Z	[BLOCK] sid=86bccfab-7f4d-4297-97f6-c372dd46b8fd sha=75a9fec5997d602d violations: §2.25.11 直前 3T 立場矛盾 + 撤回宣言欠落; §2.25.14 応答末尾 [Review: N rounds, M personas] 付記欠落; 
2026-04-26T05:47:51Z	[BLOCK] sid=4621fba5-6386-4b86-914b-5409bed279f5 sha=1c0fe08560c96722 violations: §2.25.14 応答末尾 [Review: N rounds, M personas] 付記欠落; 
2026-04-26T05:47:51Z	[BLOCK] sid=125e24a8-224b-4d11-b014-5443384ba957 sha=bdede5a894bd0eaa violations: §2.25.14 応答末尾 [Review: N rounds, M personas] 付記欠落; 
2026-04-26T05:47:51Z	[BLOCK] sid=b311e581-d28c-46b8-9432-2cf425814e0a sha=7a8c51ac61193b6a violations: §2.25.12 外部 CLI/API 言及 + 引用元 or 「未確認」欠落; §2.25.14 応答末尾 [Review: N rounds, M personas] 付記欠落; 
2026-04-26T05:47:52Z	[BLOCK] sid=ea0c516f-476c-4197-94a7-4ed26cc4689d sha=dc40baa204cd4a0d violations: §2.25.14 応答末尾 [Review: N rounds, M personas] 付記欠落; 
2026-04-26T05:47:52Z	[PASS] sid=3f3dd42e-915b-4ed1-8d20-31cc4b6b2b6d sha=b4cd039ef26bce2c ev=Stop
2026-04-26T05:47:53Z	[BLOCK] sid=5f4bb06c-024e-4542-aab3-8b70d3766456 sha=65600bcd226db676 violations: §2.25.14 応答末尾 [Review: N rounds, M personas] 付記欠落; 
2026-04-26T05:47:56Z	[BLOCK] sid=125e24a8-224b-4d11-b014-5443384ba957 sha=725837ff839999d5 violations: §2.25.14 応答末尾 [Review: N rounds, M personas] 付記欠落; 
2026-04-26T05:47:57Z	[BLOCK] sid=0a0a981d-76a9-4d78-a58b-b9888b85d510 sha=83febfd9d4145e11 violations: §2.25.14 応答末尾 [Review: N rounds, M personas] 付記欠落; 
2026-04-26T05:47:59Z	[BLOCK] sid=b311e581-d28c-46b8-9432-2cf425814e0a sha=b4947382535fb00e violations: §2.25.12 外部 CLI/API 言及 + 引用元 or 「未確認」欠落; 
2026-04-26T05:47:59Z	[PASS] sid=4621fba5-6386-4b86-914b-5409bed279f5 sha=4a10175e6519bb4d ev=Stop
2026-04-26T05:48:02Z	[BLOCK] sid=5f4bb06c-024e-4542-aab3-8b70d3766456 sha=226c0ae9a266a1fe violations: §2.25.14 応答末尾 [Review: N rounds, M personas] 付記欠落; 
2026-04-26T05:48:02Z	[BLOCK] sid=ea0c516f-476c-4197-94a7-4ed26cc4689d sha=25ced7cd4e4f59c6 violations: §2.25.14 応答末尾 [Review: N rounds, M personas] 付記欠落; 
2026-04-26T05:48:04Z	[BLOCK] sid=5f4bb06c-024e-4542-aab3-8b70d3766456 sha=695326c498f692da violations: §2.25.14 応答末尾 [Review: N rounds, M personas] 付記欠落; 
2026-04-26T05:48:05Z	[BLOCK] sid=b311e581-d28c-46b8-9432-2cf425814e0a sha=aa7d86688dd7f862 violations: §2.25.12 外部 CLI/API 言及 + 引用元 or 「未確認」欠落; 
2026-04-26T05:48:07Z	[PASS] sid=0a0a981d-76a9-4d78-a58b-b9888b85d510 sha=17adb3819f6e3f55 ev=Stop
2026-04-26T05:48:14Z	[PASS] sid=5f4bb06c-024e-4542-aab3-8b70d3766456 sha=879ce3fd5bb7de46 ev=Stop
2026-04-26T05:48:14Z	[BLOCK] sid=b311e581-d28c-46b8-9432-2cf425814e0a sha=5fc89e75150eda50 violations: §2.25.12 外部 CLI/API 言及 + 引用元 or 「未確認」欠落; §2.25.14 応答末尾 [Review: N rounds, M personas] 付記欠落; 
2026-04-26T05:48:19Z	[PASS] sid=ea0c516f-476c-4197-94a7-4ed26cc4689d sha=3b4f1cd2c5417c7d ev=Stop
2026-04-26T05:48:22Z	[PASS] sid=125e24a8-224b-4d11-b014-5443384ba957 sha=eac55c02a5bce613 ev=Stop
2026-04-26T05:48:23Z	[PASS] sid=86bccfab-7f4d-4297-97f6-c372dd46b8fd sha=50834952e5af1b2a ev=Stop
2026-04-26T05:48:33Z	[BLOCK] sid=3a114d67-57d0-4e4a-b4d4-ca8fa2a66a13 sha=d013fe339bb9618e violations: §2.25.14 応答末尾 [Review: N rounds, M personas] 付記欠落; 
2026-04-26T05:48:40Z	[PASS] sid=3a114d67-57d0-4e4a-b4d4-ca8fa2a66a13 sha=71bbf5c2b8a4c3ce ev=Stop
2026-04-26T05:49:39Z	[BLOCK] sid=71f9921a-30bf-451d-ae70-4566906090fa sha=a954ff6477ca37aa violations: §2.25.14 応答末尾 [Review: N rounds, M personas] 付記欠落; 
2026-04-26T05:49:39Z	[BLOCK] sid=1aef4dc6-4494-47a6-92de-87cba1b86477 sha=06f0c09773dd12ca violations: §2.25.14 応答末尾 [Review: N rounds, M personas] 付記欠落; 
2026-04-26T05:49:42Z	[PASS] sid=71f9921a-30bf-451d-ae70-4566906090fa sha=59942d551ac13a0a ev=Stop
2026-04-26T05:49:42Z	[BLOCK] sid=05f3d51b-c6a7-4f63-bcd9-68a491d89158 sha=bd2b0f963d69e09b violations: §2.25.14 応答末尾 [Review: N rounds, M personas] 付記欠落; 
2026-04-26T05:49:43Z	[BLOCK] sid=996794f5-eb20-4569-9916-46c7f4a5695e sha=50e8dd8af64d45bf violations: §2.25.12 外部 CLI/API 言及 + 引用元 or 「未確認」欠落; §2.25.14 応答末尾 [Review: N rounds, M personas] 付記欠落; 
2026-04-26T05:49:44Z	[PASS] sid=1aef4dc6-4494-47a6-92de-87cba1b86477 sha=6adafacfaa49129f ev=Stop
2026-04-26T05:49:45Z	[BLOCK] sid=78308462-0113-4005-a816-6b86c1b852f7 sha=3f55cfe61c43006d violations: §2.25.14 応答末尾 [Review: N rounds, M personas] 付記欠落; 
2026-04-26T05:49:45Z	[BLOCK] sid=c9d7766a-9026-4cfe-a5ef-93bb2208fcaa sha=788c66e9a9347a79 violations: §2.25.14 応答末尾 [Review: N rounds, M personas] 付記欠落; 
2026-04-26T05:49:45Z	[PASS] sid=05f3d51b-c6a7-4f63-bcd9-68a491d89158 sha=f2f6ebcbced6e247 ev=Stop
2026-04-26T05:49:46Z	[BLOCK] sid=f88aa608-35a2-48f3-aa1b-994219e445a5 sha=f6a575e7a7bb8b48 violations: §2.25.9 PO 作業発生提案検出 + §2.25.3 メタタグ欠落; §2.25.12 外部 CLI/API 言及 + 引用元 or 「未確認」欠落; §2.25.14 応答末尾 [Review: N rounds, M personas] 付記欠落; 
2026-04-26T05:49:48Z	[BLOCK] sid=76f78db4-459f-44dc-bc11-d17139c63520 sha=6f94f1e821f32394 violations: §2.25.14 応答末尾 [Review: N rounds, M personas] 付記欠落; 
2026-04-26T05:49:48Z	[BLOCK] sid=996794f5-eb20-4569-9916-46c7f4a5695e sha=a82c473586d9a56e violations: §2.25.12 外部 CLI/API 言及 + 引用元 or 「未確認」欠落; 
2026-04-26T05:49:49Z	[PASS] sid=78308462-0113-4005-a816-6b86c1b852f7 sha=e39b59c679385914 ev=Stop
2026-04-26T05:49:49Z	[BLOCK] sid=b97b43f0-36cf-4a40-88a3-8db4bda8eb69 sha=190c85f64448b697 violations: §2.25.9 PO 作業発生提案検出 + §2.25.3 メタタグ欠落; §2.25.12 外部 CLI/API 言及 + 引用元 or 「未確認」欠落; §2.25.14 応答末尾 [Review: N rounds, M personas] 付記欠落; 
2026-04-26T05:49:50Z	[PASS] sid=c9d7766a-9026-4cfe-a5ef-93bb2208fcaa sha=038eb22162d8d6b5 ev=Stop
2026-04-26T05:49:51Z	[PASS] sid=76f78db4-459f-44dc-bc11-d17139c63520 sha=b44b1c77422266cf ev=Stop
2026-04-26T05:49:56Z	[PASS] sid=996794f5-eb20-4569-9916-46c7f4a5695e sha=867637e533275b2c ev=Stop
2026-04-26T05:49:59Z	[BLOCK] sid=b97b43f0-36cf-4a40-88a3-8db4bda8eb69 sha=6b4923e54972a070 violations: §2.25.9 PO 作業発生提案検出 + §2.25.3 メタタグ欠落; §2.25.12 外部 CLI/API 言及 + 引用元 or 「未確認」欠落; §2.25.14 応答末尾 [Review: N rounds, M personas] 付記欠落; 
2026-04-26T05:49:59Z	[BLOCK] sid=f88aa608-35a2-48f3-aa1b-994219e445a5 sha=158e99fababc68ab violations: §2.25.9 PO 作業発生提案検出 + §2.25.3 メタタグ欠落; §2.25.12 外部 CLI/API 言及 + 引用元 or 「未確認」欠落; 
2026-04-26T05:50:01Z	[BLOCK] sid=57fe6bf6-e568-45a8-9a39-6c9f7156c873 sha=82c6b493d0f5f60a violations: §2.25.14 応答末尾 [Review: N rounds, M personas] 付記欠落; 
2026-04-26T05:50:08Z	[BLOCK] sid=b97b43f0-36cf-4a40-88a3-8db4bda8eb69 sha=251cabe24ce926df violations: §2.25.9 PO 作業発生提案検出 + §2.25.3 メタタグ欠落; §2.25.12 外部 CLI/API 言及 + 引用元 or 「未確認」欠落; §2.25.14 応答末尾 [Review: N rounds, M personas] 付記欠落; 
2026-04-26T05:50:09Z	[PASS] sid=57fe6bf6-e568-45a8-9a39-6c9f7156c873 sha=cecce5bc3d847bed ev=Stop
2026-04-26T05:50:18Z	[BLOCK] sid=f88aa608-35a2-48f3-aa1b-994219e445a5 sha=2426219b880b52e8 violations: §2.25.14 応答末尾 [Review: N rounds, M personas] 付記欠落; 
2026-04-26T05:50:20Z	[BLOCK] sid=b97b43f0-36cf-4a40-88a3-8db4bda8eb69 sha=5d87925f640738ea violations: §2.25.14 応答末尾 [Review: N rounds, M personas] 付記欠落; 
2026-04-26T05:50:24Z	[PASS] sid=f88aa608-35a2-48f3-aa1b-994219e445a5 sha=4595e13435c4b5dd ev=Stop
2026-04-26T05:50:30Z	[BLOCK] sid=3a114d67-57d0-4e4a-b4d4-ca8fa2a66a13 sha=4ebcdaea7ad8419b violations: §2.25.11 直前 3T 立場矛盾 + 撤回宣言欠落; §2.25.14 応答末尾 [Review: N rounds, M personas] 付記欠落; 
2026-04-26T05:50:40Z	[BLOCK] sid=3a114d67-57d0-4e4a-b4d4-ca8fa2a66a13 sha=c2259a15d4ec2bb7 violations: §2.25.11 直前 3T 立場矛盾 + 撤回宣言欠落; 
2026-04-26T05:51:11Z	[PASS] sid=3a114d67-57d0-4e4a-b4d4-ca8fa2a66a13 sha=9fa1a7e9e04ca699 ev=Stop
2026-04-26T05:52:25Z	[BLOCK] sid=88487dbf-3c6c-4d8f-8b22-b4de35d794a2 sha=8fbcf006e61dc379 violations: §2.25.12 外部 CLI/API 言及 + 引用元 or 「未確認」欠落; §2.25.14 応答末尾 [Review: N rounds, M personas] 付記欠落; 
2026-04-26T05:52:25Z	[BLOCK] sid=adae4d62-ef33-4578-89e5-9460f4032a01 sha=4644be7330476d21 violations: §2.25.12 外部 CLI/API 言及 + 引用元 or 「未確認」欠落; §2.25.14 応答末尾 [Review: N rounds, M personas] 付記欠落; 
2026-04-26T05:52:28Z	[BLOCK] sid=4c26ce8d-fed3-42c4-a0a3-7ffc919b00e0 sha=018694ed75851fc2 violations: §2.25.12 外部 CLI/API 言及 + 引用元 or 「未確認」欠落; §2.25.14 応答末尾 [Review: N rounds, M personas] 付記欠落; 
2026-04-26T05:52:32Z	[BLOCK] sid=adae4d62-ef33-4578-89e5-9460f4032a01 sha=107b7291d6f2b856 violations: §2.25.12 外部 CLI/API 言及 + 引用元 or 「未確認」欠落; §2.25.14 応答末尾 [Review: N rounds, M personas] 付記欠落; 
2026-04-26T05:52:32Z	[BLOCK] sid=88487dbf-3c6c-4d8f-8b22-b4de35d794a2 sha=fea919d7cc3a3ee3 violations: §2.25.12 外部 CLI/API 言及 + 引用元 or 「未確認」欠落; §2.25.14 応答末尾 [Review: N rounds, M personas] 付記欠落; 
2026-04-26T05:52:32Z	[BLOCK] sid=e3fd0023-c9cb-4545-a8ad-ae67497191b1 sha=b1c735e3fcd23eef violations: §2.25.12 外部 CLI/API 言及 + 引用元 or 「未確認」欠落; §2.25.14 応答末尾 [Review: N rounds, M personas] 付記欠落; 
2026-04-26T05:52:35Z	[BLOCK] sid=88487dbf-3c6c-4d8f-8b22-b4de35d794a2 sha=fe491b0c6c08035f violations: §2.25.14 応答末尾 [Review: N rounds, M personas] 付記欠落; 
2026-04-26T05:52:36Z	[BLOCK] sid=adae4d62-ef33-4578-89e5-9460f4032a01 sha=464950d3b7d7f5de violations: §2.25.14 応答末尾 [Review: N rounds, M personas] 付記欠落; 
2026-04-26T05:52:36Z	[BLOCK] sid=4c26ce8d-fed3-42c4-a0a3-7ffc919b00e0 sha=d84827c68b328680 violations: §2.25.12 外部 CLI/API 言及 + 引用元 or 「未確認」欠落; §2.25.14 応答末尾 [Review: N rounds, M personas] 付記欠落; 
2026-04-26T05:52:37Z	[BLOCK] sid=93ca69c4-be0a-408b-acc0-5fa440e5df4b sha=69fd40455b76024d violations: §2.25.12 外部 CLI/API 言及 + 引用元 or 「未確認」欠落; §2.25.14 応答末尾 [Review: N rounds, M personas] 付記欠落; 
2026-04-26T05:52:38Z	[BLOCK] sid=88487dbf-3c6c-4d8f-8b22-b4de35d794a2 sha=5cd702ebb7c07d90 violations: §2.25.14 応答末尾 [Review: N rounds, M personas] 付記欠落; 
2026-04-26T05:52:40Z	[BLOCK] sid=88487dbf-3c6c-4d8f-8b22-b4de35d794a2 sha=d6e287b450dbac40 violations: §2.25.14 応答末尾 [Review: N rounds, M personas] 付記欠落; 
2026-04-26T05:52:40Z	[BLOCK] sid=adae4d62-ef33-4578-89e5-9460f4032a01 sha=793024ab97bc228c violations: §2.25.14 応答末尾 [Review: N rounds, M personas] 付記欠落; 
2026-04-26T05:52:41Z	[BLOCK] sid=e3fd0023-c9cb-4545-a8ad-ae67497191b1 sha=5de9f5ae64aa4081 violations: §2.25.14 応答末尾 [Review: N rounds, M personas] 付記欠落; 
2026-04-26T05:52:43Z	[BLOCK] sid=88487dbf-3c6c-4d8f-8b22-b4de35d794a2 sha=05063b828f913715 violations: §2.25.14 応答末尾 [Review: N rounds, M personas] 付記欠落; 
2026-04-26T05:52:43Z	[BLOCK] sid=4c26ce8d-fed3-42c4-a0a3-7ffc919b00e0 sha=c7c7ee8804752edb violations: §2.25.12 外部 CLI/API 言及 + 引用元 or 「未確認」欠落; §2.25.14 応答末尾 [Review: N rounds, M personas] 付記欠落; 
2026-04-26T05:52:43Z	[BLOCK] sid=adae4d62-ef33-4578-89e5-9460f4032a01 sha=f3b9433adf728f40 violations: §2.25.14 応答末尾 [Review: N rounds, M personas] 付記欠落; 
2026-04-26T05:52:44Z	[BLOCK] sid=e3fd0023-c9cb-4545-a8ad-ae67497191b1 sha=376ba6072cbd2612 violations: §2.25.14 応答末尾 [Review: N rounds, M personas] 付記欠落; 
2026-04-26T05:52:45Z	[BLOCK] sid=88487dbf-3c6c-4d8f-8b22-b4de35d794a2 sha=598e1b708564217a violations: §2.25.14 応答末尾 [Review: N rounds, M personas] 付記欠落; 
2026-04-26T05:52:47Z	[BLOCK] sid=e3fd0023-c9cb-4545-a8ad-ae67497191b1 sha=9a4df02391100a9e violations: §2.25.14 応答末尾 [Review: N rounds, M personas] 付記欠落; 
2026-04-26T05:52:47Z	[BLOCK] sid=88487dbf-3c6c-4d8f-8b22-b4de35d794a2 sha=b8b9f1367ad62698 violations: §2.25.14 応答末尾 [Review: N rounds, M personas] 付記欠落; 
2026-04-26T05:52:48Z	[BLOCK] sid=4c26ce8d-fed3-42c4-a0a3-7ffc919b00e0 sha=48d3c6e3c4fa48fe violations: §2.25.12 外部 CLI/API 言及 + 引用元 or 「未確認」欠落; §2.25.14 応答末尾 [Review: N rounds, M personas] 付記欠落; 
2026-04-26T05:52:48Z	[BLOCK] sid=adae4d62-ef33-4578-89e5-9460f4032a01 sha=3744a530dbec8165 violations: §2.25.14 応答末尾 [Review: N rounds, M personas] 付記欠落; 
2026-04-26T05:52:49Z	[DEDUP] sid=88487dbf-3c6c-4d8f-8b22-b4de35d794a2 sha=b8b9f1367ad62698 多重発火検出、skip
2026-04-26T05:52:49Z	[BLOCK] sid=e3fd0023-c9cb-4545-a8ad-ae67497191b1 sha=c4b1feb06b5cdc80 violations: §2.25.14 応答末尾 [Review: N rounds, M personas] 付記欠落; 
2026-04-26T05:52:49Z	[BLOCK] sid=93ca69c4-be0a-408b-acc0-5fa440e5df4b sha=595160427f84208a violations: §2.25.9 PO 作業発生提案検出 + §2.25.3 メタタグ欠落; §2.25.14 応答末尾 [Review: N rounds, M personas] 付記欠落; 
2026-04-26T05:52:51Z	[BLOCK] sid=adae4d62-ef33-4578-89e5-9460f4032a01 sha=cab5d43b88436285 violations: §2.25.14 応答末尾 [Review: N rounds, M personas] 付記欠落; 
2026-04-26T05:52:52Z	[BLOCK] sid=e3fd0023-c9cb-4545-a8ad-ae67497191b1 sha=fd6e6ae3d1e99f42 violations: §2.25.14 応答末尾 [Review: N rounds, M personas] 付記欠落; 
2026-04-26T05:52:54Z	[BLOCK] sid=4c26ce8d-fed3-42c4-a0a3-7ffc919b00e0 sha=864df313888b4b20 violations: §2.25.14 応答末尾 [Review: N rounds, M personas] 付記欠落; 
2026-04-26T05:52:54Z	[BLOCK] sid=e3fd0023-c9cb-4545-a8ad-ae67497191b1 sha=dd453e706cfd68bb violations: §2.25.14 応答末尾 [Review: N rounds, M personas] 付記欠落; 
2026-04-26T05:52:55Z	[BLOCK] sid=adae4d62-ef33-4578-89e5-9460f4032a01 sha=846321941026f4a0 violations: §2.25.14 応答末尾 [Review: N rounds, M personas] 付記欠落; 
2026-04-26T05:52:56Z	[BLOCK] sid=e3fd0023-c9cb-4545-a8ad-ae67497191b1 sha=fc435eb06739e0a5 violations: §2.25.14 応答末尾 [Review: N rounds, M personas] 付記欠落; 
2026-04-26T05:52:57Z	[BLOCK] sid=4c26ce8d-fed3-42c4-a0a3-7ffc919b00e0 sha=d50474d5c04ba73e violations: §2.25.14 応答末尾 [Review: N rounds, M personas] 付記欠落; 
2026-04-26T05:52:58Z	[BLOCK] sid=adae4d62-ef33-4578-89e5-9460f4032a01 sha=7aa499b82bf54e83 violations: §2.25.9 PO 作業発生提案検出 + §2.25.3 メタタグ欠落; §2.25.14 応答末尾 [Review: N rounds, M personas] 付記欠落; 
2026-04-26T05:52:59Z	[BLOCK] sid=e3fd0023-c9cb-4545-a8ad-ae67497191b1 sha=de8337c7632516ef violations: §2.25.14 応答末尾 [Review: N rounds, M personas] 付記欠落; 
2026-04-26T05:52:59Z	[BLOCK] sid=4c26ce8d-fed3-42c4-a0a3-7ffc919b00e0 sha=adc91d7c4146fc24 violations: §2.25.14 応答末尾 [Review: N rounds, M personas] 付記欠落; 
2026-04-26T05:53:01Z	[BLOCK] sid=e3fd0023-c9cb-4545-a8ad-ae67497191b1 sha=696db70f3dbff6fa violations: §2.25.14 応答末尾 [Review: N rounds, M personas] 付記欠落; 
2026-04-26T05:53:01Z	[BLOCK] sid=adae4d62-ef33-4578-89e5-9460f4032a01 sha=2d588a9db7c903f0 violations: §2.25.14 応答末尾 [Review: N rounds, M personas] 付記欠落; 
2026-04-26T05:53:01Z	[BLOCK] sid=93ca69c4-be0a-408b-acc0-5fa440e5df4b sha=2633220354b5a080 violations: §2.25.14 応答末尾 [Review: N rounds, M personas] 付記欠落; 
2026-04-26T05:53:02Z	[BLOCK] sid=4c26ce8d-fed3-42c4-a0a3-7ffc919b00e0 sha=30b88c19c3125eed violations: §2.25.9 PO 作業発生提案検出 + §2.25.3 メタタグ欠落; §2.25.14 応答末尾 [Review: N rounds, M personas] 付記欠落; 
2026-04-26T05:53:02Z	[BLOCK] sid=e3fd0023-c9cb-4545-a8ad-ae67497191b1 sha=8d889bfde87868b2 violations: §2.25.14 応答末尾 [Review: N rounds, M personas] 付記欠落; 
2026-04-26T05:53:03Z	[BLOCK] sid=adae4d62-ef33-4578-89e5-9460f4032a01 sha=915b10c3f57f637d violations: §2.25.14 応答末尾 [Review: N rounds, M personas] 付記欠落; 
2026-04-26T05:53:03Z	[BLOCK] sid=e3fd0023-c9cb-4545-a8ad-ae67497191b1 sha=c6a1c273ff674033 violations: §2.25.14 応答末尾 [Review: N rounds, M personas] 付記欠落; 
2026-04-26T05:53:05Z	[BLOCK] sid=4c26ce8d-fed3-42c4-a0a3-7ffc919b00e0 sha=6e5b267fdd4ad302 violations: §2.25.9 PO 作業発生提案検出 + §2.25.3 メタタグ欠落; §2.25.14 応答末尾 [Review: N rounds, M personas] 付記欠落; 
2026-04-26T05:53:05Z	[BLOCK] sid=adae4d62-ef33-4578-89e5-9460f4032a01 sha=36f62b9496b86b20 violations: §2.25.14 応答末尾 [Review: N rounds, M personas] 付記欠落; 
2026-04-26T05:53:06Z	[BLOCK] sid=e3fd0023-c9cb-4545-a8ad-ae67497191b1 sha=ee637b00b8d781ba violations: §2.25.14 応答末尾 [Review: N rounds, M personas] 付記欠落; 
2026-04-26T05:53:07Z	[BLOCK] sid=e3fd0023-c9cb-4545-a8ad-ae67497191b1 sha=6d507438cbadd0fa violations: §2.25.14 応答末尾 [Review: N rounds, M personas] 付記欠落; 
2026-04-26T05:53:08Z	[BLOCK] sid=adae4d62-ef33-4578-89e5-9460f4032a01 sha=3d21381020cc5695 violations: §2.25.14 応答末尾 [Review: N rounds, M personas] 付記欠落; 
2026-04-26T05:53:09Z	[BLOCK] sid=e3fd0023-c9cb-4545-a8ad-ae67497191b1 sha=d17b71f443d00774 violations: §2.25.14 応答末尾 [Review: N rounds, M personas] 付記欠落; 
2026-04-26T05:53:09Z	[BLOCK] sid=4c26ce8d-fed3-42c4-a0a3-7ffc919b00e0 sha=dc4eee32707526ef violations: §2.25.14 応答末尾 [Review: N rounds, M personas] 付記欠落; 
2026-04-26T05:53:10Z	[BLOCK] sid=adae4d62-ef33-4578-89e5-9460f4032a01 sha=a1c99b0c9304f3e8 violations: §2.25.14 応答末尾 [Review: N rounds, M personas] 付記欠落; 
2026-04-26T05:53:10Z	[BLOCK] sid=e3fd0023-c9cb-4545-a8ad-ae67497191b1 sha=3b07837128f4c994 violations: §2.25.14 応答末尾 [Review: N rounds, M personas] 付記欠落; 
2026-04-26T05:53:12Z	[DEDUP] sid=adae4d62-ef33-4578-89e5-9460f4032a01 sha=3d21381020cc5695 多重発火検出、skip
2026-04-26T05:53:12Z	[BLOCK] sid=93ca69c4-be0a-408b-acc0-5fa440e5df4b sha=26cd43fb68fe4dd4 violations: §2.25.14 応答末尾 [Review: N rounds, M personas] 付記欠落; 
2026-04-26T05:53:12Z	[BLOCK] sid=e3fd0023-c9cb-4545-a8ad-ae67497191b1 sha=9c86aa77a70edb55 violations: §2.25.14 応答末尾 [Review: N rounds, M personas] 付記欠落; 
2026-04-26T05:53:12Z	[BLOCK] sid=4c26ce8d-fed3-42c4-a0a3-7ffc919b00e0 sha=dd9fee8b1ea2b5b6 violations: §2.25.14 応答末尾 [Review: N rounds, M personas] 付記欠落; 
2026-04-26T05:53:15Z	[BLOCK] sid=4c26ce8d-fed3-42c4-a0a3-7ffc919b00e0 sha=64269679c61f9b56 violations: §2.25.14 応答末尾 [Review: N rounds, M personas] 付記欠落; 
2026-04-26T05:53:16Z	[BLOCK] sid=e3fd0023-c9cb-4545-a8ad-ae67497191b1 sha=6e69e5d4a79e7e13 violations: §2.25.14 応答末尾 [Review: N rounds, M personas] 付記欠落; 
2026-04-26T05:53:17Z	[BLOCK] sid=4c26ce8d-fed3-42c4-a0a3-7ffc919b00e0 sha=54e7a14b93507dc1 violations: §2.25.14 応答末尾 [Review: N rounds, M personas] 付記欠落; 
2026-04-26T05:53:19Z	[BLOCK] sid=4c26ce8d-fed3-42c4-a0a3-7ffc919b00e0 sha=4189609171c95100 violations: §2.25.14 応答末尾 [Review: N rounds, M personas] 付記欠落; 
2026-04-26T05:53:20Z	[BLOCK] sid=93ca69c4-be0a-408b-acc0-5fa440e5df4b sha=d9ff3899062462ae violations: §2.25.14 応答末尾 [Review: N rounds, M personas] 付記欠落; 
2026-04-26T05:53:20Z	[BLOCK] sid=e3fd0023-c9cb-4545-a8ad-ae67497191b1 sha=a2a6472c9ef90170 violations: §2.25.14 応答末尾 [Review: N rounds, M personas] 付記欠落; 
2026-04-26T05:53:21Z	[BLOCK] sid=4c26ce8d-fed3-42c4-a0a3-7ffc919b00e0 sha=a0599491682993e8 violations: §2.25.14 応答末尾 [Review: N rounds, M personas] 付記欠落; 
2026-04-26T05:53:22Z	[BLOCK] sid=e3fd0023-c9cb-4545-a8ad-ae67497191b1 sha=b20ab6ab9a34ed42 violations: §2.25.14 応答末尾 [Review: N rounds, M personas] 付記欠落; 
2026-04-26T05:53:24Z	[BLOCK] sid=4c26ce8d-fed3-42c4-a0a3-7ffc919b00e0 sha=7c1bfe9ceffe5ef9 violations: §2.25.14 応答末尾 [Review: N rounds, M personas] 付記欠落; 
2026-04-26T05:53:24Z	[BLOCK] sid=e3fd0023-c9cb-4545-a8ad-ae67497191b1 sha=8eac761c3ea73bdf violations: §2.25.14 応答末尾 [Review: N rounds, M personas] 付記欠落; 
2026-04-26T05:53:25Z	[BLOCK] sid=e3fd0023-c9cb-4545-a8ad-ae67497191b1 sha=0d9bff8b8c341a45 violations: §2.25.14 応答末尾 [Review: N rounds, M personas] 付記欠落; 
2026-04-26T05:53:27Z	[BLOCK] sid=e3fd0023-c9cb-4545-a8ad-ae67497191b1 sha=98596864c36f64b6 violations: §2.25.14 応答末尾 [Review: N rounds, M personas] 付記欠落; 
2026-04-26T05:53:28Z	[PASS] sid=93ca69c4-be0a-408b-acc0-5fa440e5df4b sha=a9e941f2f5aac9f2 ev=Stop
2026-04-26T05:53:28Z	[BLOCK] sid=4c26ce8d-fed3-42c4-a0a3-7ffc919b00e0 sha=0caad40672d779da violations: §2.25.14 応答末尾 [Review: N rounds, M personas] 付記欠落; 
2026-04-26T05:53:29Z	[BLOCK] sid=e3fd0023-c9cb-4545-a8ad-ae67497191b1 sha=a3fa8feb05b4c378 violations: §2.25.14 応答末尾 [Review: N rounds, M personas] 付記欠落; 
2026-04-26T05:53:30Z	[BLOCK] sid=4c26ce8d-fed3-42c4-a0a3-7ffc919b00e0 sha=d18fbe708347a57a violations: §2.25.14 応答末尾 [Review: N rounds, M personas] 付記欠落; 
2026-04-26T05:53:32Z	[BLOCK] sid=e3fd0023-c9cb-4545-a8ad-ae67497191b1 sha=3d6ccff716c3bdaf violations: §2.25.14 応答末尾 [Review: N rounds, M personas] 付記欠落; 
2026-04-26T05:53:32Z	[DEDUP] sid=4c26ce8d-fed3-42c4-a0a3-7ffc919b00e0 sha=54e7a14b93507dc1 多重発火検出、skip
2026-04-26T05:53:34Z	[BLOCK] sid=e3fd0023-c9cb-4545-a8ad-ae67497191b1 sha=8d02d46eb715b817 violations: §2.25.14 応答末尾 [Review: N rounds, M personas] 付記欠落; 
2026-04-26T05:53:35Z	[BLOCK] sid=e3fd0023-c9cb-4545-a8ad-ae67497191b1 sha=7e2973028d19f2c8 violations: §2.25.14 応答末尾 [Review: N rounds, M personas] 付記欠落; 
2026-04-26T05:53:38Z	[BLOCK] sid=e3fd0023-c9cb-4545-a8ad-ae67497191b1 sha=8843281f672679ef violations: §2.25.14 応答末尾 [Review: N rounds, M personas] 付記欠落; 
2026-04-26T05:53:40Z	[BLOCK] sid=e3fd0023-c9cb-4545-a8ad-ae67497191b1 sha=90c2a1f76f11bee6 violations: §2.25.14 応答末尾 [Review: N rounds, M personas] 付記欠落; 
2026-04-26T05:53:42Z	[BLOCK] sid=e3fd0023-c9cb-4545-a8ad-ae67497191b1 sha=df9deebbb44e4103 violations: §2.25.14 応答末尾 [Review: N rounds, M personas] 付記欠落; 
2026-04-26T05:53:45Z	[BLOCK] sid=e3fd0023-c9cb-4545-a8ad-ae67497191b1 sha=5abac64f420e6eee violations: §2.25.14 応答末尾 [Review: N rounds, M personas] 付記欠落; 
2026-04-26T05:53:46Z	[BLOCK] sid=e3fd0023-c9cb-4545-a8ad-ae67497191b1 sha=65f50c1cfee6f795 violations: §2.25.14 応答末尾 [Review: N rounds, M personas] 付記欠落; 
2026-04-26T05:53:48Z	[BLOCK] sid=e3fd0023-c9cb-4545-a8ad-ae67497191b1 sha=6cc3b10b34f1a3d7 violations: §2.25.14 応答末尾 [Review: N rounds, M personas] 付記欠落; 
2026-04-26T05:53:50Z	[BLOCK] sid=e3fd0023-c9cb-4545-a8ad-ae67497191b1 sha=f478a388cdb74800 violations: §2.25.14 応答末尾 [Review: N rounds, M personas] 付記欠落; 
2026-04-26T05:53:52Z	[BLOCK] sid=e3fd0023-c9cb-4545-a8ad-ae67497191b1 sha=1c5a3a4713d8cd6f violations: §2.25.14 応答末尾 [Review: N rounds, M personas] 付記欠落; 
2026-04-26T05:53:54Z	[BLOCK] sid=e3fd0023-c9cb-4545-a8ad-ae67497191b1 sha=12011cde817d165c violations: §2.25.14 応答末尾 [Review: N rounds, M personas] 付記欠落; 
2026-04-26T05:53:55Z	[BLOCK] sid=e3fd0023-c9cb-4545-a8ad-ae67497191b1 sha=74e8795efb46bb89 violations: §2.25.14 応答末尾 [Review: N rounds, M personas] 付記欠落; 
2026-04-26T05:53:57Z	[BLOCK] sid=e3fd0023-c9cb-4545-a8ad-ae67497191b1 sha=1b11b25fa9155e5c violations: §2.25.14 応答末尾 [Review: N rounds, M personas] 付記欠落; 
2026-04-26T05:53:59Z	[BLOCK] sid=e3fd0023-c9cb-4545-a8ad-ae67497191b1 sha=f2f9b05709c09a44 violations: §2.25.14 応答末尾 [Review: N rounds, M personas] 付記欠落; 
2026-04-26T05:54:01Z	[BLOCK] sid=e3fd0023-c9cb-4545-a8ad-ae67497191b1 sha=fad1843f6889b42e violations: §2.25.14 応答末尾 [Review: N rounds, M personas] 付記欠落; 
2026-04-26T05:54:04Z	[BLOCK] sid=e3fd0023-c9cb-4545-a8ad-ae67497191b1 sha=cd023e6bb6781086 violations: §2.25.14 応答末尾 [Review: N rounds, M personas] 付記欠落; 
2026-04-26T05:54:06Z	[BLOCK] sid=e3fd0023-c9cb-4545-a8ad-ae67497191b1 sha=39e3bcc379213125 violations: §2.25.14 応答末尾 [Review: N rounds, M personas] 付記欠落; 
2026-04-26T05:54:08Z	[BLOCK] sid=e3fd0023-c9cb-4545-a8ad-ae67497191b1 sha=5661e72eb9653e88 violations: §2.25.14 応答末尾 [Review: N rounds, M personas] 付記欠落; 
2026-04-26T05:54:09Z	[BLOCK] sid=e3fd0023-c9cb-4545-a8ad-ae67497191b1 sha=3b39d8a46061cf79 violations: §2.25.14 応答末尾 [Review: N rounds, M personas] 付記欠落; 
2026-04-26T05:54:11Z	[BLOCK] sid=e3fd0023-c9cb-4545-a8ad-ae67497191b1 sha=f3c298b7d2eeb881 violations: §2.25.14 応答末尾 [Review: N rounds, M personas] 付記欠落; 
2026-04-26T05:54:13Z	[BLOCK] sid=e3fd0023-c9cb-4545-a8ad-ae67497191b1 sha=837930d76aae3b1d violations: §2.25.14 応答末尾 [Review: N rounds, M personas] 付記欠落; 
2026-04-26T05:54:14Z	[BLOCK] sid=e3fd0023-c9cb-4545-a8ad-ae67497191b1 sha=c8c73a91bc42671c violations: §2.25.14 応答末尾 [Review: N rounds, M personas] 付記欠落; 
2026-04-26T05:54:17Z	[BLOCK] sid=e3fd0023-c9cb-4545-a8ad-ae67497191b1 sha=668c98af1090abd0 violations: §2.25.14 応答末尾 [Review: N rounds, M personas] 付記欠落; 
2026-04-26T05:54:19Z	[BLOCK] sid=e3fd0023-c9cb-4545-a8ad-ae67497191b1 sha=7945e2ed1532a2c8 violations: §2.25.14 応答末尾 [Review: N rounds, M personas] 付記欠落; 
2026-04-26T05:54:20Z	[BLOCK] sid=e3fd0023-c9cb-4545-a8ad-ae67497191b1 sha=d0ed9a0e6b897dab violations: §2.25.14 応答末尾 [Review: N rounds, M personas] 付記欠落; 
2026-04-26T05:54:22Z	[BLOCK] sid=e3fd0023-c9cb-4545-a8ad-ae67497191b1 sha=1de68c7407355b72 violations: §2.25.14 応答末尾 [Review: N rounds, M personas] 付記欠落; 
2026-04-26T05:54:24Z	[BLOCK] sid=e3fd0023-c9cb-4545-a8ad-ae67497191b1 sha=1ab1143a6c865bbf violations: §2.25.14 応答末尾 [Review: N rounds, M personas] 付記欠落; 
2026-04-26T05:54:26Z	[BLOCK] sid=e3fd0023-c9cb-4545-a8ad-ae67497191b1 sha=3ddcb204fc311d53 violations: §2.25.14 応答末尾 [Review: N rounds, M personas] 付記欠落; 
2026-04-26T05:54:28Z	[BLOCK] sid=e3fd0023-c9cb-4545-a8ad-ae67497191b1 sha=f34d5521b97e778d violations: §2.25.14 応答末尾 [Review: N rounds, M personas] 付記欠落; 
2026-04-26T05:54:30Z	[BLOCK] sid=e3fd0023-c9cb-4545-a8ad-ae67497191b1 sha=5726a7fd121ccc9c violations: §2.25.14 応答末尾 [Review: N rounds, M personas] 付記欠落; 
2026-04-26T05:54:32Z	[BLOCK] sid=e3fd0023-c9cb-4545-a8ad-ae67497191b1 sha=2c3abf5eced72829 violations: §2.25.14 応答末尾 [Review: N rounds, M personas] 付記欠落; 
2026-04-26T05:54:34Z	[BLOCK] sid=e3fd0023-c9cb-4545-a8ad-ae67497191b1 sha=d72409e78318bfd3 violations: §2.25.14 応答末尾 [Review: N rounds, M personas] 付記欠落; 
2026-04-26T05:54:36Z	[BLOCK] sid=e3fd0023-c9cb-4545-a8ad-ae67497191b1 sha=22a0052fd2cb5462 violations: §2.25.14 応答末尾 [Review: N rounds, M personas] 付記欠落; 
2026-04-26T05:54:38Z	[BLOCK] sid=e3fd0023-c9cb-4545-a8ad-ae67497191b1 sha=c3aa3cedda2db28f violations: §2.25.14 応答末尾 [Review: N rounds, M personas] 付記欠落; 
2026-04-26T05:54:39Z	[BLOCK] sid=e3fd0023-c9cb-4545-a8ad-ae67497191b1 sha=af7e15c6bcff4a16 violations: §2.25.14 応答末尾 [Review: N rounds, M personas] 付記欠落; 
2026-04-26T05:54:41Z	[BLOCK] sid=e3fd0023-c9cb-4545-a8ad-ae67497191b1 sha=3c084b8d487aa447 violations: §2.25.14 応答末尾 [Review: N rounds, M personas] 付記欠落; 
2026-04-26T05:54:43Z	[BLOCK] sid=e3fd0023-c9cb-4545-a8ad-ae67497191b1 sha=37216ee4e732c920 violations: §2.25.14 応答末尾 [Review: N rounds, M personas] 付記欠落; 
2026-04-26T05:54:45Z	[BLOCK] sid=e3fd0023-c9cb-4545-a8ad-ae67497191b1 sha=5c9b621c77565601 violations: §2.25.14 応答末尾 [Review: N rounds, M personas] 付記欠落; 
2026-04-26T05:54:46Z	[BLOCK] sid=e3fd0023-c9cb-4545-a8ad-ae67497191b1 sha=756712eac17327ec violations: §2.25.14 応答末尾 [Review: N rounds, M personas] 付記欠落; 
2026-04-26T05:54:48Z	[BLOCK] sid=e3fd0023-c9cb-4545-a8ad-ae67497191b1 sha=81b47cc5bb6f5340 violations: §2.25.14 応答末尾 [Review: N rounds, M personas] 付記欠落; 
2026-04-26T05:54:50Z	[BLOCK] sid=e3fd0023-c9cb-4545-a8ad-ae67497191b1 sha=ffbe3f8554ff87f0 violations: §2.25.14 応答末尾 [Review: N rounds, M personas] 付記欠落; 
2026-04-26T05:54:52Z	[BLOCK] sid=e3fd0023-c9cb-4545-a8ad-ae67497191b1 sha=e97aa6373ec7237a violations: §2.25.14 応答末尾 [Review: N rounds, M personas] 付記欠落; 
2026-04-26T05:54:53Z	[BLOCK] sid=e3fd0023-c9cb-4545-a8ad-ae67497191b1 sha=016fbcb604ededa6 violations: §2.25.14 応答末尾 [Review: N rounds, M personas] 付記欠落; 
2026-04-26T05:54:55Z	[BLOCK] sid=e3fd0023-c9cb-4545-a8ad-ae67497191b1 sha=d5f819a8a7780fc9 violations: §2.25.14 応答末尾 [Review: N rounds, M personas] 付記欠落; 
2026-04-26T05:54:56Z	[BLOCK] sid=e3fd0023-c9cb-4545-a8ad-ae67497191b1 sha=6c345a161679fa4c violations: §2.25.14 応答末尾 [Review: N rounds, M personas] 付記欠落; 
2026-04-26T05:54:58Z	[BLOCK] sid=e3fd0023-c9cb-4545-a8ad-ae67497191b1 sha=6a44bb5dcf1851d6 violations: §2.25.14 応答末尾 [Review: N rounds, M personas] 付記欠落; 
2026-04-26T05:54:59Z	[BLOCK] sid=e3fd0023-c9cb-4545-a8ad-ae67497191b1 sha=388457fa133eec12 violations: §2.25.14 応答末尾 [Review: N rounds, M personas] 付記欠落; 
2026-04-26T05:55:01Z	[BLOCK] sid=e3fd0023-c9cb-4545-a8ad-ae67497191b1 sha=de58eebf7a72beca violations: §2.25.14 応答末尾 [Review: N rounds, M personas] 付記欠落; 
2026-04-26T05:55:05Z	[BLOCK] sid=e3fd0023-c9cb-4545-a8ad-ae67497191b1 sha=673bc480f3865122 violations: §2.25.14 応答末尾 [Review: N rounds, M personas] 付記欠落; 
2026-04-26T05:55:08Z	[BLOCK] sid=e3fd0023-c9cb-4545-a8ad-ae67497191b1 sha=9668cdc25e987cc9 violations: §2.25.14 応答末尾 [Review: N rounds, M personas] 付記欠落; 
2026-04-26T05:55:09Z	[BLOCK] sid=e3fd0023-c9cb-4545-a8ad-ae67497191b1 sha=abe07c6bd5876bc9 violations: §2.25.14 応答末尾 [Review: N rounds, M personas] 付記欠落; 
2026-04-26T05:55:11Z	[BLOCK] sid=e3fd0023-c9cb-4545-a8ad-ae67497191b1 sha=ed6bd7d6a3cfb091 violations: §2.25.14 応答末尾 [Review: N rounds, M personas] 付記欠落; 
2026-04-26T05:55:13Z	[BLOCK] sid=e3fd0023-c9cb-4545-a8ad-ae67497191b1 sha=28a27776d77c42d9 violations: §2.25.14 応答末尾 [Review: N rounds, M personas] 付記欠落; 
2026-04-26T05:55:14Z	[BLOCK] sid=e3fd0023-c9cb-4545-a8ad-ae67497191b1 sha=2ec6c508cf2bfa30 violations: §2.25.14 応答末尾 [Review: N rounds, M personas] 付記欠落; 
2026-04-26T05:55:16Z	[BLOCK] sid=e3fd0023-c9cb-4545-a8ad-ae67497191b1 sha=eb3f4169164c8e3c violations: §2.25.14 応答末尾 [Review: N rounds, M personas] 付記欠落; 
2026-04-26T05:55:18Z	[BLOCK] sid=e3fd0023-c9cb-4545-a8ad-ae67497191b1 sha=0ba43c26666f296a violations: §2.25.14 応答末尾 [Review: N rounds, M personas] 付記欠落; 
2026-04-26T05:55:20Z	[BLOCK] sid=e3fd0023-c9cb-4545-a8ad-ae67497191b1 sha=c46c35f8f8bced05 violations: §2.25.14 応答末尾 [Review: N rounds, M personas] 付記欠落; 
2026-04-26T05:55:22Z	[BLOCK] sid=e3fd0023-c9cb-4545-a8ad-ae67497191b1 sha=dd29df5d41b0a7ce violations: §2.25.14 応答末尾 [Review: N rounds, M personas] 付記欠落; 
2026-04-26T05:55:23Z	[BLOCK] sid=e3fd0023-c9cb-4545-a8ad-ae67497191b1 sha=1448832f392f9d04 violations: §2.25.14 応答末尾 [Review: N rounds, M personas] 付記欠落; 
2026-04-26T05:55:24Z	[BLOCK] sid=e3fd0023-c9cb-4545-a8ad-ae67497191b1 sha=27b444d2d3305af7 violations: §2.25.14 応答末尾 [Review: N rounds, M personas] 付記欠落; 
2026-04-26T05:55:28Z	[BLOCK] sid=e3fd0023-c9cb-4545-a8ad-ae67497191b1 sha=e73819ed4d8a293c violations: §2.25.14 応答末尾 [Review: N rounds, M personas] 付記欠落; 
2026-04-26T05:55:30Z	[BLOCK] sid=e3fd0023-c9cb-4545-a8ad-ae67497191b1 sha=7247d357d631ccd0 violations: §2.25.14 応答末尾 [Review: N rounds, M personas] 付記欠落; 
2026-04-26T05:55:31Z	[BLOCK] sid=e3fd0023-c9cb-4545-a8ad-ae67497191b1 sha=24e4e9f757c125ce violations: §2.25.14 応答末尾 [Review: N rounds, M personas] 付記欠落; 
2026-04-26T05:55:33Z	[BLOCK] sid=e3fd0023-c9cb-4545-a8ad-ae67497191b1 sha=8c6f2bd17d77fef5 violations: §2.25.14 応答末尾 [Review: N rounds, M personas] 付記欠落; 
2026-04-26T05:55:35Z	[BLOCK] sid=e3fd0023-c9cb-4545-a8ad-ae67497191b1 sha=ecc35af2870d8664 violations: §2.25.14 応答末尾 [Review: N rounds, M personas] 付記欠落; 
2026-04-26T05:55:36Z	[BLOCK] sid=e3fd0023-c9cb-4545-a8ad-ae67497191b1 sha=751b444c3ee40d5d violations: §2.25.14 応答末尾 [Review: N rounds, M personas] 付記欠落; 
2026-04-26T05:55:38Z	[BLOCK] sid=e3fd0023-c9cb-4545-a8ad-ae67497191b1 sha=f5aeec9ba4e16a76 violations: §2.25.14 応答末尾 [Review: N rounds, M personas] 付記欠落; 
2026-04-26T05:55:41Z	[BLOCK] sid=e3fd0023-c9cb-4545-a8ad-ae67497191b1 sha=525f0d4b4c921cb5 violations: §2.25.14 応答末尾 [Review: N rounds, M personas] 付記欠落; 
2026-04-26T05:55:42Z	[BLOCK] sid=e3fd0023-c9cb-4545-a8ad-ae67497191b1 sha=dabcbf6bf2f19108 violations: §2.25.14 応答末尾 [Review: N rounds, M personas] 付記欠落; 
2026-04-26T05:55:44Z	[BLOCK] sid=e3fd0023-c9cb-4545-a8ad-ae67497191b1 sha=add8b38db8586561 violations: §2.25.14 応答末尾 [Review: N rounds, M personas] 付記欠落; 
2026-04-26T05:55:45Z	[BLOCK] sid=e3fd0023-c9cb-4545-a8ad-ae67497191b1 sha=913f9e4639c296a0 violations: §2.25.14 応答末尾 [Review: N rounds, M personas] 付記欠落; 
2026-04-26T05:55:47Z	[BLOCK] sid=e3fd0023-c9cb-4545-a8ad-ae67497191b1 sha=885da5e9217dc8b0 violations: §2.25.14 応答末尾 [Review: N rounds, M personas] 付記欠落; 
2026-04-26T05:55:49Z	[BLOCK] sid=e3fd0023-c9cb-4545-a8ad-ae67497191b1 sha=8c4e1fe473109fb5 violations: §2.25.14 応答末尾 [Review: N rounds, M personas] 付記欠落; 
2026-04-26T05:55:52Z	[BLOCK] sid=e3fd0023-c9cb-4545-a8ad-ae67497191b1 sha=70f23096bdb2624a violations: §2.25.14 応答末尾 [Review: N rounds, M personas] 付記欠落; 
2026-04-26T05:55:53Z	[BLOCK] sid=e3fd0023-c9cb-4545-a8ad-ae67497191b1 sha=e4b97b5d335f3df5 violations: §2.25.14 応答末尾 [Review: N rounds, M personas] 付記欠落; 
2026-04-26T05:55:54Z	[BLOCK] sid=e3fd0023-c9cb-4545-a8ad-ae67497191b1 sha=3a52ce780950d4d9 violations: §2.25.14 応答末尾 [Review: N rounds, M personas] 付記欠落; 
2026-04-26T05:55:55Z	[BLOCK] sid=e3fd0023-c9cb-4545-a8ad-ae67497191b1 sha=54d06e15919814ac violations: §2.25.14 応答末尾 [Review: N rounds, M personas] 付記欠落; 
2026-04-26T05:55:57Z	[BLOCK] sid=e3fd0023-c9cb-4545-a8ad-ae67497191b1 sha=95ad651dae16f848 violations: §2.25.14 応答末尾 [Review: N rounds, M personas] 付記欠落; 
2026-04-26T05:56:00Z	[WARN] sid=3a114d67-57d0-4e4a-b4d4-ca8fa2a66a13 sha=af9c58c2d13afbeb warnings: §2.25.6 暗号略称検出 [warn-mode] PATCH-XXX, ; §2.25.13 完了報告 12 行（>8）+ PO 明示要求なし; 
2026-04-26T05:56:00Z	[PASS] sid=3a114d67-57d0-4e4a-b4d4-ca8fa2a66a13 sha=af9c58c2d13afbeb ev=Stop
2026-04-26T05:56:01Z	[BLOCK] sid=e3fd0023-c9cb-4545-a8ad-ae67497191b1 sha=c88c0c7d67399793 violations: §2.25.14 応答末尾 [Review: N rounds, M personas] 付記欠落; 
2026-04-26T05:56:04Z	[BLOCK] sid=e3fd0023-c9cb-4545-a8ad-ae67497191b1 sha=8e49db357d5daf0f violations: §2.25.14 応答末尾 [Review: N rounds, M personas] 付記欠落; 
2026-04-26T05:56:05Z	[BLOCK] sid=e3fd0023-c9cb-4545-a8ad-ae67497191b1 sha=50a3bf2b208c3292 violations: §2.25.14 応答末尾 [Review: N rounds, M personas] 付記欠落; 
2026-04-26T05:56:06Z	[BLOCK] sid=e3fd0023-c9cb-4545-a8ad-ae67497191b1 sha=6425f29a70bd98bd violations: §2.25.14 応答末尾 [Review: N rounds, M personas] 付記欠落; 
2026-04-26T05:56:07Z	[BLOCK] sid=e3fd0023-c9cb-4545-a8ad-ae67497191b1 sha=a2e6c9f76444419a violations: §2.25.14 応答末尾 [Review: N rounds, M personas] 付記欠落; 
2026-04-26T05:56:09Z	[BLOCK] sid=e3fd0023-c9cb-4545-a8ad-ae67497191b1 sha=b6dc8db72c6de0c1 violations: §2.25.14 応答末尾 [Review: N rounds, M personas] 付記欠落; 
2026-04-26T05:56:10Z	[BLOCK] sid=e3fd0023-c9cb-4545-a8ad-ae67497191b1 sha=906e369bd497aaf8 violations: §2.25.14 応答末尾 [Review: N rounds, M personas] 付記欠落; 
2026-04-26T05:56:11Z	[BLOCK] sid=e3fd0023-c9cb-4545-a8ad-ae67497191b1 sha=e8854fd0d9fa8826 violations: §2.25.14 応答末尾 [Review: N rounds, M personas] 付記欠落; 
2026-04-26T05:56:13Z	[BLOCK] sid=e3fd0023-c9cb-4545-a8ad-ae67497191b1 sha=5a79c00ba87e5afb violations: §2.25.14 応答末尾 [Review: N rounds, M personas] 付記欠落; 
2026-04-26T05:56:15Z	[BLOCK] sid=e3fd0023-c9cb-4545-a8ad-ae67497191b1 sha=600925879c0369eb violations: §2.25.14 応答末尾 [Review: N rounds, M personas] 付記欠落; 
2026-04-26T05:56:17Z	[BLOCK] sid=e3fd0023-c9cb-4545-a8ad-ae67497191b1 sha=0a4755c801fd9105 violations: §2.25.14 応答末尾 [Review: N rounds, M personas] 付記欠落; 
2026-04-26T05:56:19Z	[BLOCK] sid=e3fd0023-c9cb-4545-a8ad-ae67497191b1 sha=6f26d76d4a07511f violations: §2.25.14 応答末尾 [Review: N rounds, M personas] 付記欠落; 
2026-04-26T05:56:21Z	[BLOCK] sid=e3fd0023-c9cb-4545-a8ad-ae67497191b1 sha=602c206ee276e136 violations: §2.25.14 応答末尾 [Review: N rounds, M personas] 付記欠落; 
2026-04-26T05:56:22Z	[BLOCK] sid=e3fd0023-c9cb-4545-a8ad-ae67497191b1 sha=f1b67c4d7c9aabeb violations: §2.25.14 応答末尾 [Review: N rounds, M personas] 付記欠落; 
2026-04-26T05:56:24Z	[BLOCK] sid=e3fd0023-c9cb-4545-a8ad-ae67497191b1 sha=f1c998ca29cb2b21 violations: §2.25.14 応答末尾 [Review: N rounds, M personas] 付記欠落; 
2026-04-26T05:56:25Z	[BLOCK] sid=e3fd0023-c9cb-4545-a8ad-ae67497191b1 sha=cad86534fd5178ce violations: §2.25.14 応答末尾 [Review: N rounds, M personas] 付記欠落; 
2026-04-26T05:56:26Z	[BLOCK] sid=e3fd0023-c9cb-4545-a8ad-ae67497191b1 sha=16e0ba5e1bd958c7 violations: §2.25.14 応答末尾 [Review: N rounds, M personas] 付記欠落; 
2026-04-26T05:56:28Z	[BLOCK] sid=e3fd0023-c9cb-4545-a8ad-ae67497191b1 sha=d64ad2696e5bdf43 violations: §2.25.14 応答末尾 [Review: N rounds, M personas] 付記欠落; 
2026-04-26T05:56:30Z	[BLOCK] sid=e3fd0023-c9cb-4545-a8ad-ae67497191b1 sha=f393741c09e18df3 violations: §2.25.14 応答末尾 [Review: N rounds, M personas] 付記欠落; 
2026-04-26T05:56:31Z	[BLOCK] sid=e3fd0023-c9cb-4545-a8ad-ae67497191b1 sha=b4fa3383bd7d561f violations: §2.25.14 応答末尾 [Review: N rounds, M personas] 付記欠落; 
2026-04-26T05:56:32Z	[BLOCK] sid=e3fd0023-c9cb-4545-a8ad-ae67497191b1 sha=58b63e273b964039 violations: §2.25.14 応答末尾 [Review: N rounds, M personas] 付記欠落; 
2026-04-26T05:56:34Z	[BLOCK] sid=e3fd0023-c9cb-4545-a8ad-ae67497191b1 sha=2badc480d237d81e violations: §2.25.14 応答末尾 [Review: N rounds, M personas] 付記欠落; 
2026-04-26T05:56:35Z	[BLOCK] sid=e3fd0023-c9cb-4545-a8ad-ae67497191b1 sha=4d31797be4f69eb8 violations: §2.25.14 応答末尾 [Review: N rounds, M personas] 付記欠落; 
2026-04-26T05:56:37Z	[BLOCK] sid=e3fd0023-c9cb-4545-a8ad-ae67497191b1 sha=e4e8082105d0ae44 violations: §2.25.14 応答末尾 [Review: N rounds, M personas] 付記欠落; 
2026-04-26T05:56:38Z	[DEDUP] sid=e3fd0023-c9cb-4545-a8ad-ae67497191b1 sha=3a52ce780950d4d9 多重発火検出、skip
2026-04-26T06:00:54Z	[BLOCK] sid=3a114d67-57d0-4e4a-b4d4-ca8fa2a66a13 sha=936475e6e2b18b7a violations: §2.25.11 直前 3T 立場矛盾 + 撤回宣言欠落; 
2026-04-26T06:01:20Z	[PASS] sid=3a114d67-57d0-4e4a-b4d4-ca8fa2a66a13 sha=8dafc3da6bcf1cc7 ev=Stop
2026-04-26T06:45:19Z	[BLOCK] sid=01a7e44e-a605-460a-a601-45df91c2c890 sha=5f664344bceaca6c violations: §2.25.14 応答末尾 [Review: N rounds, M personas] 付記欠落; 
2026-04-26T06:45:37Z	[BLOCK] sid=cd570216-490d-4a15-b4f7-79e67c6b305c sha=4c6a7e484ca255a5 violations: §2.25.14 応答末尾 [Review: N rounds, M personas] 付記欠落; 
2026-04-26T06:45:50Z	[BLOCK] sid=3a114d67-57d0-4e4a-b4d4-ca8fa2a66a13 sha=66780d52d48408c3 violations: §2.25.14 応答末尾 [Review: N rounds, M personas] 付記欠落; 
2026-04-26T07:49:09Z	[BLOCK] sid=3a114d67-57d0-4e4a-b4d4-ca8fa2a66a13 sha=aabbb6959ad1c2d8 violations: §2.25.14 応答末尾 [Review: N rounds, M personas] 付記欠落; 
2026-04-26T07:49:15Z	[PASS] sid=3a114d67-57d0-4e4a-b4d4-ca8fa2a66a13 sha=2ec24e9d621b7d70 ev=Stop
2026-04-26T07:55:32Z	[BLOCK] sid=3a114d67-57d0-4e4a-b4d4-ca8fa2a66a13 sha=00a2ac4c22d62d09 violations: §2.25.12 外部 CLI/API 言及 + 引用元 or 「未確認」欠落; 
2026-04-26T07:55:48Z	[WARN] sid=3a114d67-57d0-4e4a-b4d4-ca8fa2a66a13 sha=2c99af51280e6291 warnings: §2.25.13 完了報告 10 行（>8）+ PO 明示要求なし; 
2026-04-26T07:55:48Z	[PASS] sid=3a114d67-57d0-4e4a-b4d4-ca8fa2a66a13 sha=2c99af51280e6291 ev=Stop
2026-04-26T08:11:47Z	[BLOCK] sid=3a114d67-57d0-4e4a-b4d4-ca8fa2a66a13 sha=afdf46567cf8a9ab violations: §2.25.12 外部 CLI/API 言及 + 引用元 or 「未確認」欠落; 
2026-04-26T08:12:02Z	[PASS] sid=3a114d67-57d0-4e4a-b4d4-ca8fa2a66a13 sha=7275cc2c63562609 ev=Stop
2026-04-26T08:12:54Z	[BLOCK] sid=3a114d67-57d0-4e4a-b4d4-ca8fa2a66a13 sha=72f033853cf533a2 violations: §2.25.12 外部 CLI/API 言及 + 引用元 or 「未確認」欠落; 
2026-04-26T08:13:07Z	[WARN] sid=3a114d67-57d0-4e4a-b4d4-ca8fa2a66a13 sha=ca725aca9f78fa24 warnings: §2.25.6 暗号略称検出 [warn-mode] SUBAGENT-XXX, ; 
2026-04-26T08:13:07Z	[PASS] sid=3a114d67-57d0-4e4a-b4d4-ca8fa2a66a13 sha=ca725aca9f78fa24 ev=Stop
2026-04-26T08:13:28Z	[BLOCK] sid=6437da16-39c9-4001-9520-c546da7add14 sha=aaaf39d859bdf8ff violations: §2.25.9 PO 作業発生提案検出 + §2.25.3 メタタグ欠落; §2.25.14 応答末尾 [Review: N rounds, M personas] 付記欠落; 
2026-04-26T08:13:31Z	[BLOCK] sid=a617be9e-674b-4485-9b8e-1f5404a8621d sha=5df7619bcd8517cb violations: §2.25.14 応答末尾 [Review: N rounds, M personas] 付記欠落; 
2026-04-26T08:13:32Z	[BLOCK] sid=8cb4d40b-9702-445c-9dd8-cf2189dcae93 sha=0b77c4c8197a10e8 violations: §2.25.9 PO 作業発生提案検出 + §2.25.3 メタタグ欠落; §2.25.14 応答末尾 [Review: N rounds, M personas] 付記欠落; 
2026-04-26T08:13:35Z	[BLOCK] sid=aa21c672-cff8-4664-b315-7603f3416651 sha=1b93c5c0df6fc120 violations: §2.25.14 応答末尾 [Review: N rounds, M personas] 付記欠落; 
2026-04-26T08:13:35Z	[PASS] sid=a617be9e-674b-4485-9b8e-1f5404a8621d sha=d57e9a42ab7d032d ev=Stop
2026-04-26T08:13:36Z	[BLOCK] sid=1adf23a9-8aba-4345-b686-eb8c05daab82 sha=99a29270dc7ac285 violations: §2.25.14 応答末尾 [Review: N rounds, M personas] 付記欠落; 
2026-04-26T08:13:37Z	[BLOCK] sid=5ebadd8a-fb6a-42f3-8152-594f9661851c sha=191ff22151e618c9 violations: §2.25.14 応答末尾 [Review: N rounds, M personas] 付記欠落; 
2026-04-26T08:13:37Z	[BLOCK] sid=6437da16-39c9-4001-9520-c546da7add14 sha=75add3138630fe51 violations: §2.25.9 PO 作業発生提案検出 + §2.25.3 メタタグ欠落; §2.25.14 応答末尾 [Review: N rounds, M personas] 付記欠落; 
2026-04-26T08:13:38Z	[PASS] sid=aa21c672-cff8-4664-b315-7603f3416651 sha=b873b84c929bfe5a ev=Stop
2026-04-26T08:13:40Z	[BLOCK] sid=ed35ea20-8baa-4225-acbc-58584427ebb9 sha=5399ee199e80ee12 violations: §2.25.14 応答末尾 [Review: N rounds, M personas] 付記欠落; 
2026-04-26T08:13:41Z	[PASS] sid=1adf23a9-8aba-4345-b686-eb8c05daab82 sha=40ac416939d885b5 ev=Stop
2026-04-26T08:13:41Z	[BLOCK] sid=f5017572-4fcd-4fd8-921b-0b8dca89d279 sha=c080eef097305c93 violations: §2.25.14 応答末尾 [Review: N rounds, M personas] 付記欠落; 
2026-04-26T08:13:42Z	[PASS] sid=5ebadd8a-fb6a-42f3-8152-594f9661851c sha=ec79a32f0206528e ev=Stop
2026-04-26T08:13:43Z	[BLOCK] sid=8cb4d40b-9702-445c-9dd8-cf2189dcae93 sha=f32cedecf650a720 violations: §2.25.9 PO 作業発生提案検出 + §2.25.3 メタタグ欠落; §2.25.12 外部 CLI/API 言及 + 引用元 or 「未確認」欠落; 
2026-04-26T08:13:45Z	[PASS] sid=f5017572-4fcd-4fd8-921b-0b8dca89d279 sha=5d56a0ab369b7858 ev=Stop
2026-04-26T08:13:46Z	[BLOCK] sid=cb93023d-dc73-4c8b-a2f9-019978e94749 sha=47a84ba15099cbb2 violations: §2.25.14 応答末尾 [Review: N rounds, M personas] 付記欠落; 
2026-04-26T08:13:48Z	[PASS] sid=ed35ea20-8baa-4225-acbc-58584427ebb9 sha=135a026de620732c ev=Stop
2026-04-26T08:13:50Z	[PASS] sid=cb93023d-dc73-4c8b-a2f9-019978e94749 sha=03d0654a4560bff8 ev=Stop
2026-04-26T08:13:54Z	[BLOCK] sid=8cb4d40b-9702-445c-9dd8-cf2189dcae93 sha=1db11fb535f837ca violations: §2.25.9 PO 作業発生提案検出 + §2.25.3 メタタグ欠落; 
2026-04-26T08:14:06Z	[BLOCK] sid=a50d10f3-0ebc-4bc7-baf5-b6ab7d252944 sha=0482bfbca68b44e6 violations: §2.25.14 応答末尾 [Review: N rounds, M personas] 付記欠落; 
2026-04-26T08:14:07Z	[BLOCK] sid=8cb4d40b-9702-445c-9dd8-cf2189dcae93 sha=48927d9389a4a307 violations: §2.25.9 PO 作業発生提案検出 + §2.25.3 メタタグ欠落; 
2026-04-26T08:14:10Z	[BLOCK] sid=6437da16-39c9-4001-9520-c546da7add14 sha=268c344917da21fd violations: §2.25.14 応答末尾 [Review: N rounds, M personas] 付記欠落; 
2026-04-26T08:14:14Z	[PASS] sid=a50d10f3-0ebc-4bc7-baf5-b6ab7d252944 sha=b87faa354162cbc2 ev=Stop
2026-04-26T08:14:16Z	[BLOCK] sid=8cb4d40b-9702-445c-9dd8-cf2189dcae93 sha=43021d50baee3387 violations: §2.25.12 外部 CLI/API 言及 + 引用元 or 「未確認」欠落; §2.25.14 応答末尾 [Review: N rounds, M personas] 付記欠落; 
2026-04-26T08:14:17Z	[PASS] sid=6437da16-39c9-4001-9520-c546da7add14 sha=47db33b3a817e84d ev=Stop
2026-04-26T08:14:25Z	[BLOCK] sid=3a114d67-57d0-4e4a-b4d4-ca8fa2a66a13 sha=79df5bc69b10bcab violations: §2.25.14 応答末尾 [Review: N rounds, M personas] 付記欠落; 
2026-04-26T08:14:58Z	[BLOCK] sid=3a114d67-57d0-4e4a-b4d4-ca8fa2a66a13 sha=42958e906049448b violations: §2.25.12 外部 CLI/API 言及 + 引用元 or 「未確認」欠落; 
2026-04-26T08:15:11Z	[WARN] sid=3a114d67-57d0-4e4a-b4d4-ca8fa2a66a13 sha=7da9953396b1ce7f warnings: §2.25.6 暗号略称検出 [warn-mode] PATCH-XXX, ; 
2026-04-26T08:15:11Z	[PASS] sid=3a114d67-57d0-4e4a-b4d4-ca8fa2a66a13 sha=7da9953396b1ce7f ev=Stop
2026-04-26T08:16:22Z	[WARN] sid=3a114d67-57d0-4e4a-b4d4-ca8fa2a66a13 sha=e9fbfce7ab370f33 warnings: §2.25.6 暗号略称検出 [warn-mode] PATCH-XXX, ; 
2026-04-26T08:16:22Z	[PASS] sid=3a114d67-57d0-4e4a-b4d4-ca8fa2a66a13 sha=e9fbfce7ab370f33 ev=Stop
2026-04-26T08:17:23Z	[PASS] sid=3a114d67-57d0-4e4a-b4d4-ca8fa2a66a13 sha=c72d2a90b2ef60e4 ev=Stop
2026-04-26T08:19:53Z	[BLOCK] sid=3a114d67-57d0-4e4a-b4d4-ca8fa2a66a13 sha=2b5c33668dad377a violations: §2.25.11 直前 3T 立場矛盾 + 撤回宣言欠落; §2.25.12 外部 CLI/API 言及 + 引用元 or 「未確認」欠落; 
2026-04-26T08:20:22Z	[BLOCK] sid=3a114d67-57d0-4e4a-b4d4-ca8fa2a66a13 sha=9ded2b6bce5d2ef7 violations: §2.25.11 直前 3T 立場矛盾 + 撤回宣言欠落; 
2026-04-26T08:20:46Z	[BLOCK] sid=3a114d67-57d0-4e4a-b4d4-ca8fa2a66a13 sha=39e0ede21ef3119c violations: §2.25.14 応答末尾 [Review: N rounds, M personas] 付記欠落; 
2026-04-26T08:20:50Z	[DEDUP] sid=3a114d67-57d0-4e4a-b4d4-ca8fa2a66a13 sha=a366b93d47913064 多重発火検出、skip
2026-04-26T08:21:21Z	[WARN] sid=3a114d67-57d0-4e4a-b4d4-ca8fa2a66a13 sha=df554744e96d3b4e warnings: §2.25.13 完了報告 16 行（>8）+ PO 明示要求なし; 
2026-04-26T08:21:21Z	[PASS] sid=3a114d67-57d0-4e4a-b4d4-ca8fa2a66a13 sha=df554744e96d3b4e ev=Stop
2026-04-26T08:21:48Z	[PASS] sid=3a114d67-57d0-4e4a-b4d4-ca8fa2a66a13 sha=bef5551fc6f21ac1 ev=Stop
2026-04-26T08:23:07Z	[WARN] sid=3a114d67-57d0-4e4a-b4d4-ca8fa2a66a13 sha=3d504fa095c8b56f warnings: §2.25.13 完了報告 19 行（>8）+ PO 明示要求なし; 
2026-04-26T08:23:07Z	[PASS] sid=3a114d67-57d0-4e4a-b4d4-ca8fa2a66a13 sha=3d504fa095c8b56f ev=Stop
2026-04-26T08:26:16Z	[PASS] sid=3a114d67-57d0-4e4a-b4d4-ca8fa2a66a13 sha=f18f6d1f1ee7ce4f ev=Stop
2026-04-26T08:27:16Z	[BLOCK] sid=3a114d67-57d0-4e4a-b4d4-ca8fa2a66a13 sha=3275c538133e1c8e violations: §2.25.9 PO 作業発生提案検出 + §2.25.3 メタタグ欠落; §2.25.12 外部 CLI/API 言及 + 引用元 or 「未確認」欠落; 
2026-04-26T08:27:34Z	[BLOCK] sid=3a114d67-57d0-4e4a-b4d4-ca8fa2a66a13 sha=52be57ab9108c22b violations: §2.25.12 外部 CLI/API 言及 + 引用元 or 「未確認」欠落; 
2026-04-26T08:27:45Z	[WARN] sid=3a114d67-57d0-4e4a-b4d4-ca8fa2a66a13 sha=6c94b3c5f241a2bd warnings: §2.25.6 暗号略称検出 [warn-mode] PATCH-XXX, ; 
2026-04-26T08:27:45Z	[PASS] sid=3a114d67-57d0-4e4a-b4d4-ca8fa2a66a13 sha=6c94b3c5f241a2bd ev=Stop
2026-04-26T08:28:53Z	[BLOCK] sid=3a114d67-57d0-4e4a-b4d4-ca8fa2a66a13 sha=122f4da611e9654a violations: §2.25.9 PO 作業発生提案検出 + §2.25.3 メタタグ欠落; §2.25.12 外部 CLI/API 言及 + 引用元 or 「未確認」欠落; 
2026-04-26T08:29:12Z	[BLOCK] sid=3a114d67-57d0-4e4a-b4d4-ca8fa2a66a13 sha=6146e690a160f3a9 violations: §2.25.12 外部 CLI/API 言及 + 引用元 or 「未確認」欠落; 
2026-04-26T08:29:44Z	[BLOCK] sid=cbd05279-0156-4dbd-8a90-7042b58d0ef6 sha=89fbe4cf9ae55b0b violations: §2.25.14 応答末尾 [Review: N rounds, M personas] 付記欠落; 
2026-04-26T08:29:46Z	[BLOCK] sid=259e6cf3-8560-425a-930e-8ad741a2ccef sha=d4011744552cbdd6 violations: §2.25.9 PO 作業発生提案検出 + §2.25.3 メタタグ欠落; §2.25.14 応答末尾 [Review: N rounds, M personas] 付記欠落; 
2026-04-26T08:29:47Z	[BLOCK] sid=5cb1358e-f58d-4295-8fe1-667cbb8b37ad sha=00f450f3860e69ac violations: §2.25.14 応答末尾 [Review: N rounds, M personas] 付記欠落; 
2026-04-26T08:29:48Z	[BLOCK] sid=8177eb1c-2ca1-42b2-927e-93851d3f9eea sha=835b6570e755b41b violations: §2.25.9 PO 作業発生提案検出 + §2.25.3 メタタグ欠落; §2.25.14 応答末尾 [Review: N rounds, M personas] 付記欠落; 
2026-04-26T08:29:49Z	[PASS] sid=cbd05279-0156-4dbd-8a90-7042b58d0ef6 sha=930710d4cf1646b5 ev=Stop
2026-04-26T08:29:50Z	[BLOCK] sid=f636f36b-a73c-4112-9a59-c21a1ac283f0 sha=74b67d18e0be888f violations: §2.25.9 PO 作業発生提案検出 + §2.25.3 メタタグ欠落; §2.25.14 応答末尾 [Review: N rounds, M personas] 付記欠落; 
2026-04-26T08:29:51Z	[BLOCK] sid=bc409b84-3700-4a71-9a53-014f7f7a7703 sha=4ca3efe394ebc2c9 violations: §2.25.12 外部 CLI/API 言及 + 引用元 or 「未確認」欠落; §2.25.14 応答末尾 [Review: N rounds, M personas] 付記欠落; 
2026-04-26T08:29:53Z	[BLOCK] sid=71ff22b9-bc72-400b-92f0-49e470225a21 sha=95f96acd1a0c60fd violations: §2.25.14 応答末尾 [Review: N rounds, M personas] 付記欠落; 
2026-04-26T08:29:54Z	[BLOCK] sid=52c7f8bb-f631-4ca1-af82-edf5bd6bef08 sha=650bd9a9a07f50b9 violations: §2.25.14 応答末尾 [Review: N rounds, M personas] 付記欠落; 
2026-04-26T08:29:55Z	[BLOCK] sid=259e6cf3-8560-425a-930e-8ad741a2ccef sha=2250fb6eed897472 violations: §2.25.14 応答末尾 [Review: N rounds, M personas] 付記欠落; 
2026-04-26T08:29:56Z	[BLOCK] sid=176996e4-c96e-4199-b835-835d0226aeb2 sha=657db1b957b4b609 violations: §2.25.14 応答末尾 [Review: N rounds, M personas] 付記欠落; 
2026-04-26T08:29:57Z	[PASS] sid=5cb1358e-f58d-4295-8fe1-667cbb8b37ad sha=0bb1538bca9714f3 ev=Stop
2026-04-26T08:29:57Z	[BLOCK] sid=890a6358-0bd7-4840-a2e0-deadb69d38d9 sha=922ec92eea771d67 violations: §2.25.14 応答末尾 [Review: N rounds, M personas] 付記欠落; 
2026-04-26T08:29:58Z	[BLOCK] sid=259e6cf3-8560-425a-930e-8ad741a2ccef sha=cd728481bd97e3de violations: §2.25.14 応答末尾 [Review: N rounds, M personas] 付記欠落; 
2026-04-26T08:29:59Z	[PASS] sid=71ff22b9-bc72-400b-92f0-49e470225a21 sha=301460ec4d59c0bb ev=Stop
2026-04-26T08:29:59Z	[BLOCK] sid=bc409b84-3700-4a71-9a53-014f7f7a7703 sha=c107bd3ba5497be0 violations: §2.25.14 応答末尾 [Review: N rounds, M personas] 付記欠落; 
2026-04-26T08:30:00Z	[BLOCK] sid=176996e4-c96e-4199-b835-835d0226aeb2 sha=f8ca273dd62dcc4e violations: §2.25.14 応答末尾 [Review: N rounds, M personas] 付記欠落; 
2026-04-26T08:30:02Z	[BLOCK] sid=259e6cf3-8560-425a-930e-8ad741a2ccef sha=45b95505702acb29 violations: §2.25.14 応答末尾 [Review: N rounds, M personas] 付記欠落; 
2026-04-26T08:30:02Z	[PASS] sid=890a6358-0bd7-4840-a2e0-deadb69d38d9 sha=85da0c5a2957bbfa ev=Stop
2026-04-26T08:30:03Z	[BLOCK] sid=52c7f8bb-f631-4ca1-af82-edf5bd6bef08 sha=7966bde64e2502a4 violations: §2.25.14 応答末尾 [Review: N rounds, M personas] 付記欠落; 
2026-04-26T08:30:08Z	[BLOCK] sid=bc409b84-3700-4a71-9a53-014f7f7a7703 sha=29525f34146f761b violations: §2.25.12 外部 CLI/API 言及 + 引用元 or 「未確認」欠落; 
2026-04-26T08:30:08Z	[PASS] sid=176996e4-c96e-4199-b835-835d0226aeb2 sha=f5b6d26e43779996 ev=Stop
2026-04-26T08:30:14Z	[BLOCK] sid=52c7f8bb-f631-4ca1-af82-edf5bd6bef08 sha=141f7a1f480bed78 violations: §2.25.11 直前 3T 立場矛盾 + 撤回宣言欠落; §2.25.12 外部 CLI/API 言及 + 引用元 or 「未確認」欠落; §2.25.14 応答末尾 [Review: N rounds, M personas] 付記欠落; 
2026-04-26T08:30:15Z	[PASS] sid=259e6cf3-8560-425a-930e-8ad741a2ccef sha=0f6fa3987d79875f ev=Stop
2026-04-26T08:30:16Z	[BLOCK] sid=40de02a5-ed87-49cf-bd4d-4b2b0ec5ea9f sha=c60d19d6fc3026b6 violations: §2.25.14 応答末尾 [Review: N rounds, M personas] 付記欠落; 
2026-04-26T08:30:17Z	[BLOCK] sid=afbf84fb-f033-413a-afa5-b46d82ffb320 sha=146453e1f9466473 violations: §2.25.14 応答末尾 [Review: N rounds, M personas] 付記欠落; 
2026-04-26T08:30:17Z	[BLOCK] sid=f636f36b-a73c-4112-9a59-c21a1ac283f0 sha=d667403a20e9a50d violations: §2.25.9 PO 作業発生提案検出 + §2.25.3 メタタグ欠落; 
2026-04-26T08:30:18Z	[BLOCK] sid=09bff485-767b-4042-aab3-0afb4f80af09 sha=e4e25be44166ae4b violations: §2.25.14 応答末尾 [Review: N rounds, M personas] 付記欠落; 
2026-04-26T08:30:18Z	[PASS] sid=bc409b84-3700-4a71-9a53-014f7f7a7703 sha=03ab5fac5d497e05 ev=Stop
2026-04-26T08:30:18Z	[BLOCK] sid=e3e24c43-6467-4f89-a09b-ace4a811dd13 sha=039e8126070b0186 violations: §2.25.12 外部 CLI/API 言及 + 引用元 or 「未確認」欠落; §2.25.14 応答末尾 [Review: N rounds, M personas] 付記欠落; 
2026-04-26T08:30:19Z	[BLOCK] sid=5b8a9404-3b38-4edc-ad84-5b557e32e58e sha=e426f1f57c0072a2 violations: §2.25.14 応答末尾 [Review: N rounds, M personas] 付記欠落; 
2026-04-26T08:30:19Z	[BLOCK] sid=09415e67-eaff-493a-bcb5-f5e5a19e50c6 sha=137e6ffbb680f5e6 violations: §2.25.14 応答末尾 [Review: N rounds, M personas] 付記欠落; 
2026-04-26T08:30:19Z	[PASS] sid=40de02a5-ed87-49cf-bd4d-4b2b0ec5ea9f sha=7bd7b36544402f88 ev=Stop
2026-04-26T08:30:21Z	[BLOCK] sid=b127f368-7649-4a66-96e0-e9a22bbdaea4 sha=4585de16384ce144 violations: §2.25.14 応答末尾 [Review: N rounds, M personas] 付記欠落; 
2026-04-26T08:30:21Z	[BLOCK] sid=115af366-5ed3-4374-b0ce-4d16028464a0 sha=f990875b5e45d4fd violations: §2.25.14 応答末尾 [Review: N rounds, M personas] 付記欠落; 
2026-04-26T08:30:22Z	[BLOCK] sid=b5a933d7-c5f6-47be-af8b-2bfb4ff92f50 sha=dc29388909ff9579 violations: §2.25.14 応答末尾 [Review: N rounds, M personas] 付記欠落; 
2026-04-26T08:30:23Z	[PASS] sid=09bff485-767b-4042-aab3-0afb4f80af09 sha=b18495ed668954cb ev=Stop
2026-04-26T08:30:24Z	[PASS] sid=115af366-5ed3-4374-b0ce-4d16028464a0 sha=e66f6b013bff1b35 ev=Stop
2026-04-26T08:30:24Z	[PASS] sid=e3e24c43-6467-4f89-a09b-ace4a811dd13 sha=e61e40a68058e30c ev=Stop
2026-04-26T08:30:25Z	[PASS] sid=b5a933d7-c5f6-47be-af8b-2bfb4ff92f50 sha=f632219800babea3 ev=Stop
2026-04-26T08:30:26Z	[PASS] sid=5b8a9404-3b38-4edc-ad84-5b557e32e58e sha=daccd3cd6f2ff2f0 ev=Stop
2026-04-26T08:30:26Z	[PASS] sid=09415e67-eaff-493a-bcb5-f5e5a19e50c6 sha=e5311533221f22c1 ev=Stop
2026-04-26T08:30:27Z	[BLOCK] sid=afbf84fb-f033-413a-afa5-b46d82ffb320 sha=e81527d0ab10133b violations: §2.25.14 応答末尾 [Review: N rounds, M personas] 付記欠落; 
2026-04-26T08:30:30Z	[PASS] sid=b127f368-7649-4a66-96e0-e9a22bbdaea4 sha=e458a8911a383b94 ev=Stop
2026-04-26T08:30:30Z	[BLOCK] sid=ca698b34-3d86-45f0-ad47-5da3cda78214 sha=c6ff31c649b5f1fd violations: §2.25.14 応答末尾 [Review: N rounds, M personas] 付記欠落; 
2026-04-26T08:30:31Z	[BLOCK] sid=52c7f8bb-f631-4ca1-af82-edf5bd6bef08 sha=32863556433e65ad violations: §2.25.12 外部 CLI/API 言及 + 引用元 or 「未確認」欠落; §2.25.14 応答末尾 [Review: N rounds, M personas] 付記欠落; 
2026-04-26T08:30:32Z	[BLOCK] sid=f636f36b-a73c-4112-9a59-c21a1ac283f0 sha=b564d6468afad4b9 violations: §2.25.12 外部 CLI/API 言及 + 引用元 or 「未確認」欠落; §2.25.14 応答末尾 [Review: N rounds, M personas] 付記欠落; 
2026-04-26T08:30:35Z	[PASS] sid=ca698b34-3d86-45f0-ad47-5da3cda78214 sha=732fb8000173a8c2 ev=Stop
2026-04-26T08:30:38Z	[BLOCK] sid=3a114d67-57d0-4e4a-b4d4-ca8fa2a66a13 sha=858287e8066f48e1 violations: §2.25.14 応答末尾 [Review: N rounds, M personas] 付記欠落; 
2026-04-26T08:30:40Z	[BLOCK] sid=afbf84fb-f033-413a-afa5-b46d82ffb320 sha=2e75de22e3cea190 violations: §2.25.14 応答末尾 [Review: N rounds, M personas] 付記欠落; 
2026-04-26T08:30:43Z	[PASS] sid=3a114d67-57d0-4e4a-b4d4-ca8fa2a66a13 sha=0eb7c14416b5237b ev=Stop
2026-04-26T08:30:54Z	[PASS] sid=afbf84fb-f033-413a-afa5-b46d82ffb320 sha=e929b8c65014f1a8 ev=Stop
2026-04-26T08:32:56Z	[BLOCK] sid=8f94df83-3cb2-4d7a-9d0c-c343cb2b08b6 sha=5b9442823460a7bc violations: §2.25.12 外部 CLI/API 言及 + 引用元 or 「未確認」欠落; §2.25.14 応答末尾 [Review: N rounds, M personas] 付記欠落; 
2026-04-26T08:33:00Z	[BLOCK] sid=fdbd313c-017a-465e-8637-9517333f3dd7 sha=8d8e1700a99952cd violations: §2.25.14 応答末尾 [Review: N rounds, M personas] 付記欠落; 
2026-04-26T08:33:00Z	[BLOCK] sid=1c4865e1-8e39-4208-b1f9-8b4415fa8450 sha=ab662a3eaf2cd532 violations: §2.25.9 PO 作業発生提案検出 + §2.25.3 メタタグ欠落; §2.25.14 応答末尾 [Review: N rounds, M personas] 付記欠落; 
2026-04-26T08:33:01Z	[BLOCK] sid=836170ab-e30c-403d-acc3-bdbe1bc19f4b sha=6ce33c41e49a156e violations: §2.25.12 外部 CLI/API 言及 + 引用元 or 「未確認」欠落; §2.25.14 応答末尾 [Review: N rounds, M personas] 付記欠落; 
2026-04-26T08:33:02Z	[BLOCK] sid=31fbd76d-1317-4e1e-8582-71066bd5caee sha=40af6abd9d1fa008 violations: §2.25.14 応答末尾 [Review: N rounds, M personas] 付記欠落; 
2026-04-26T08:33:02Z	[BLOCK] sid=8f94df83-3cb2-4d7a-9d0c-c343cb2b08b6 sha=46d3524dd09239f6 violations: §2.25.12 外部 CLI/API 言及 + 引用元 or 「未確認」欠落; 
2026-04-26T08:33:03Z	[BLOCK] sid=19c844dc-aea3-4101-8242-45d42eb4f719 sha=0e9c7a097ad91439 violations: §2.25.12 外部 CLI/API 言及 + 引用元 or 「未確認」欠落; §2.25.14 応答末尾 [Review: N rounds, M personas] 付記欠落; 
2026-04-26T08:33:03Z	[BLOCK] sid=7a3d8aee-62d3-41b5-9bfa-847fc95bf416 sha=55bbc8853505273b violations: §2.25.14 応答末尾 [Review: N rounds, M personas] 付記欠落; 
2026-04-26T08:33:05Z	[PASS] sid=fdbd313c-017a-465e-8637-9517333f3dd7 sha=84f16097273b33c3 ev=Stop
2026-04-26T08:33:06Z	[PASS] sid=31fbd76d-1317-4e1e-8582-71066bd5caee sha=02d4f84d2f13218b ev=Stop
2026-04-26T08:33:06Z	[BLOCK] sid=bbf78884-0662-47d6-91fa-300c21021ac3 sha=ea9c98fd8e677740 violations: §2.25.12 外部 CLI/API 言及 + 引用元 or 「未確認」欠落; §2.25.14 応答末尾 [Review: N rounds, M personas] 付記欠落; 
2026-04-26T08:33:08Z	[BLOCK] sid=8f94df83-3cb2-4d7a-9d0c-c343cb2b08b6 sha=d2c6e24597f5864e violations: §2.25.12 外部 CLI/API 言及 + 引用元 or 「未確認」欠落; 
2026-04-26T08:33:08Z	[BLOCK] sid=836170ab-e30c-403d-acc3-bdbe1bc19f4b sha=8c275cd794c8fe3c violations: §2.25.14 応答末尾 [Review: N rounds, M personas] 付記欠落; 
2026-04-26T08:33:09Z	[PASS] sid=7a3d8aee-62d3-41b5-9bfa-847fc95bf416 sha=cb623cea435e388f ev=Stop
2026-04-26T08:33:09Z	[BLOCK] sid=19c844dc-aea3-4101-8242-45d42eb4f719 sha=5aa63ea32f919c29 violations: §2.25.14 応答末尾 [Review: N rounds, M personas] 付記欠落; 
2026-04-26T08:33:09Z	[BLOCK] sid=79616693-f993-4b91-b9dc-7d42da7c2ad9 sha=ea0b2cee93e8b68e violations: §2.25.12 外部 CLI/API 言及 + 引用元 or 「未確認」欠落; §2.25.14 応答末尾 [Review: N rounds, M personas] 付記欠落; 
2026-04-26T08:33:10Z	[BLOCK] sid=486eb529-7b45-4bad-b7ef-24ce637c7418 sha=76764cc756171404 violations: §2.25.9 PO 作業発生提案検出 + §2.25.3 メタタグ欠落; §2.25.12 外部 CLI/API 言及 + 引用元 or 「未確認」欠落; §2.25.14 応答末尾 [Review: N rounds, M personas] 付記欠落; 
2026-04-26T08:33:12Z	[BLOCK] sid=1c4865e1-8e39-4208-b1f9-8b4415fa8450 sha=8a9d74d5c92839f5 violations: §2.25.9 PO 作業発生提案検出 + §2.25.3 メタタグ欠落; 
2026-04-26T08:33:13Z	[BLOCK] sid=836170ab-e30c-403d-acc3-bdbe1bc19f4b sha=874de972f3a62b0b violations: §2.25.12 外部 CLI/API 言及 + 引用元 or 「未確認」欠落; 
2026-04-26T08:33:13Z	[PASS] sid=19c844dc-aea3-4101-8242-45d42eb4f719 sha=e5abc41ce099e28f ev=Stop
2026-04-26T08:33:14Z	[BLOCK] sid=8f94df83-3cb2-4d7a-9d0c-c343cb2b08b6 sha=86968246ce8ea86f violations: §2.25.12 外部 CLI/API 言及 + 引用元 or 「未確認」欠落; 
2026-04-26T08:33:14Z	[BLOCK] sid=bbf78884-0662-47d6-91fa-300c21021ac3 sha=27f9fb3a62f8ca73 violations: §2.25.12 外部 CLI/API 言及 + 引用元 or 「未確認」欠落; 
2026-04-26T08:33:17Z	[BLOCK] sid=79616693-f993-4b91-b9dc-7d42da7c2ad9 sha=13e54b615b04894d violations: §2.25.12 外部 CLI/API 言及 + 引用元 or 「未確認」欠落; §2.25.14 応答末尾 [Review: N rounds, M personas] 付記欠落; 
2026-04-26T08:33:21Z	[PASS] sid=836170ab-e30c-403d-acc3-bdbe1bc19f4b sha=e614c7ef917f989c ev=Stop
2026-04-26T08:33:21Z	[BLOCK] sid=79616693-f993-4b91-b9dc-7d42da7c2ad9 sha=bffa463a868d9e5f violations: §2.25.14 応答末尾 [Review: N rounds, M personas] 付記欠落; 
2026-04-26T08:33:23Z	[BLOCK] sid=bbf78884-0662-47d6-91fa-300c21021ac3 sha=5eb00d4afd4cfe9d violations: §2.25.14 応答末尾 [Review: N rounds, M personas] 付記欠落; 
2026-04-26T08:33:24Z	[PASS] sid=8f94df83-3cb2-4d7a-9d0c-c343cb2b08b6 sha=3616951665c35d67 ev=Stop
2026-04-26T08:33:24Z	[BLOCK] sid=486eb529-7b45-4bad-b7ef-24ce637c7418 sha=e60c41d737a7fb96 violations: §2.25.9 PO 作業発生提案検出 + §2.25.3 メタタグ欠落; §2.25.12 外部 CLI/API 言及 + 引用元 or 「未確認」欠落; 
2026-04-26T08:33:31Z	[BLOCK] sid=1c4865e1-8e39-4208-b1f9-8b4415fa8450 sha=e651fc435ad9f69d violations: §2.25.9 PO 作業発生提案検出 + §2.25.3 メタタグ欠落; §2.25.12 外部 CLI/API 言及 + 引用元 or 「未確認」欠落; §2.25.14 応答末尾 [Review: N rounds, M personas] 付記欠落; 
2026-04-26T08:33:33Z	[PASS] sid=bbf78884-0662-47d6-91fa-300c21021ac3 sha=5fc1bae496ec3618 ev=Stop
2026-04-26T08:33:33Z	[BLOCK] sid=79616693-f993-4b91-b9dc-7d42da7c2ad9 sha=641a477400c41876 violations: §2.25.14 応答末尾 [Review: N rounds, M personas] 付記欠落; 
2026-04-26T08:33:37Z	[BLOCK] sid=486eb529-7b45-4bad-b7ef-24ce637c7418 sha=1fe8c781a7878865 violations: §2.25.9 PO 作業発生提案検出 + §2.25.3 メタタグ欠落; 
2026-04-26T08:33:44Z	[BLOCK] sid=1c4865e1-8e39-4208-b1f9-8b4415fa8450 sha=700ae3bf79372c8f violations: §2.25.9 PO 作業発生提案検出 + §2.25.3 メタタグ欠落; 
2026-04-26T08:33:44Z	[BLOCK] sid=79616693-f993-4b91-b9dc-7d42da7c2ad9 sha=c19b1092ce9a96b7 violations: §2.25.14 応答末尾 [Review: N rounds, M personas] 付記欠落; 
2026-04-26T08:33:47Z	[BLOCK] sid=3a114d67-57d0-4e4a-b4d4-ca8fa2a66a13 sha=ffbf1a389fe0309f violations: §2.25.14 応答末尾 [Review: N rounds, M personas] 付記欠落; 
2026-04-26T08:34:10Z	[WARN] sid=3a114d67-57d0-4e4a-b4d4-ca8fa2a66a13 sha=152fbed67fcd57e6 warnings: §2.25.13 完了報告 17 行（>8）+ PO 明示要求なし; 
2026-04-26T08:34:10Z	[PASS] sid=3a114d67-57d0-4e4a-b4d4-ca8fa2a66a13 sha=152fbed67fcd57e6 ev=Stop
2026-04-26T08:34:52Z	[BLOCK] sid=3a114d67-57d0-4e4a-b4d4-ca8fa2a66a13 sha=317b49b14395e515 violations: §2.25.11 直前 3T 立場矛盾 + 撤回宣言欠落; 
2026-04-26T08:35:04Z	[SKIP] §2.25.11 self-ref-loop skip sid=3a114d67-57d0-4e4a-b4d4-ca8fa2a66a13 sha=090621ed2084ea17
2026-04-26T08:35:04Z	[BLOCK] sid=3a114d67-57d0-4e4a-b4d4-ca8fa2a66a13 sha=090621ed2084ea17 mode=clean critical=[] internal=[§2.25.12 外部 CLI/API 言及 + 引用元 or 「未確認」欠落; ]
2026-04-26T08:35:04Z	[CLEAN-PASS] sid=3a114d67-57d0-4e4a-b4d4-ca8fa2a66a13 sha=090621ed2084ea17 INTERNAL のみ、PO 表示なし
2026-04-26T08:35:06Z	[BLOCK] [TEST] --test-fail-closed BLOCK 出力テスト
2026-04-26T08:35:17Z	[FAIL] hook input JSON parse 失敗: PARSE_ERROR	Unterminated string starting at: line 1 column 202 (char 201)
2026-04-26T08:35:17Z	[FAIL] hook input JSON parse 失敗: PARSE_ERROR	Unterminated string starting at: line 1 column 202 (char 201)
2026-04-26T08:35:27Z	[BLOCK] sid=test-clean-internal-only-001 sha=990ac936fc6dccb3 mode=clean critical=[§2.25.9 PO 作業発生提案検出 + §2.25.3 メタタグ欠落; ] internal=[§2.25.12 外部 CLI/API 言及 + 引用元 or 「未確認」欠落; §2.25.14 応答末尾 [Review: N rounds, M personas] 付記欠落; ]
2026-04-26T08:35:27Z	[BLOCK] sid=test-strict-internal-only-002 sha=990ac936fc6dccb3 mode=strict critical=[§2.25.9 PO 作業発生提案検出 + §2.25.3 メタタグ欠落; ] internal=[§2.25.12 外部 CLI/API 言及 + 引用元 or 「未確認」欠落; §2.25.14 応答末尾 [Review: N rounds, M personas] 付記欠落; ]
2026-04-26T08:35:38Z	[BLOCK] sid=3a114d67-57d0-4e4a-b4d4-ca8fa2a66a13 sha=6868cf5e75b945b2 mode=clean critical=[] internal=[§2.25.11 直前 3T 立場矛盾 + 撤回宣言欠落; ]
2026-04-26T08:35:38Z	[CLEAN-PASS] sid=3a114d67-57d0-4e4a-b4d4-ca8fa2a66a13 sha=6868cf5e75b945b2 INTERNAL のみ、PO 表示なし
2026-04-26T08:35:40Z	[BLOCK] sid=test-internal-only-pure-003 sha=372333bd3301456b mode=clean critical=[] internal=[§2.25.12 外部 CLI/API 言及 + 引用元 or 「未確認」欠落; §2.25.14 応答末尾 [Review: N rounds, M personas] 付記欠落; ]
2026-04-26T08:35:40Z	[CLEAN-PASS] sid=test-internal-only-pure-003 sha=372333bd3301456b INTERNAL のみ、PO 表示なし
2026-04-26T08:35:40Z	[BLOCK] sid=test-internal-only-pure-004 sha=372333bd3301456b mode=strict critical=[] internal=[§2.25.12 外部 CLI/API 言及 + 引用元 or 「未確認」欠落; §2.25.14 応答末尾 [Review: N rounds, M personas] 付記欠落; ]
2026-04-26T08:35:51Z	[SKIP] §2.25.11 self-ref-loop skip sid=test-self-ref-skip-005 sha=b712dbf8929db85f
2026-04-26T08:35:51Z	[PASS] sid=test-self-ref-skip-005 sha=b712dbf8929db85f ev=Stop mode=clean
2026-04-26T08:36:40Z	[BLOCK] sid=d4c7c6bf-870a-41a4-a55c-898a67d7ad7b sha=104ca60a427adb12 mode=clean critical=[] internal=[§2.25.14 応答末尾 [Review: N rounds, M personas] 付記欠落; ]
2026-04-26T08:36:40Z	[CLEAN-PASS] sid=d4c7c6bf-870a-41a4-a55c-898a67d7ad7b sha=104ca60a427adb12 INTERNAL のみ、PO 表示なし
2026-04-26T08:36:43Z	[BLOCK] sid=3bf712eb-a0d1-413c-9b57-69ac58daf4c9 sha=024af4bb25d62372 mode=clean critical=[] internal=[§2.25.14 応答末尾 [Review: N rounds, M personas] 付記欠落; ]
2026-04-26T08:36:43Z	[CLEAN-PASS] sid=3bf712eb-a0d1-413c-9b57-69ac58daf4c9 sha=024af4bb25d62372 INTERNAL のみ、PO 表示なし
2026-04-26T08:36:43Z	[BLOCK] sid=f6c1fac2-d913-4199-909c-fb19614e968f sha=0c23ab7f984497bb mode=clean critical=[] internal=[§2.25.14 応答末尾 [Review: N rounds, M personas] 付記欠落; ]
2026-04-26T08:36:43Z	[CLEAN-PASS] sid=f6c1fac2-d913-4199-909c-fb19614e968f sha=0c23ab7f984497bb INTERNAL のみ、PO 表示なし
2026-04-26T08:36:45Z	[BLOCK] sid=817abffd-b084-487c-ab15-205064c0e18c sha=49c20ecda94ae38d mode=clean critical=[] internal=[§2.25.12 外部 CLI/API 言及 + 引用元 or 「未確認」欠落; §2.25.14 応答末尾 [Review: N rounds, M personas] 付記欠落; ]
2026-04-26T08:36:45Z	[CLEAN-PASS] sid=817abffd-b084-487c-ab15-205064c0e18c sha=49c20ecda94ae38d INTERNAL のみ、PO 表示なし
2026-04-26T08:36:46Z	[BLOCK] sid=0d4e395f-1b3d-4979-bf16-bbf2c8d5c096 sha=e070ba2e1ddba834 mode=clean critical=[] internal=[§2.25.14 応答末尾 [Review: N rounds, M personas] 付記欠落; ]
2026-04-26T08:36:46Z	[CLEAN-PASS] sid=0d4e395f-1b3d-4979-bf16-bbf2c8d5c096 sha=e070ba2e1ddba834 INTERNAL のみ、PO 表示なし
2026-04-26T08:36:47Z	[BLOCK] sid=abf58b1d-322c-4097-981c-8f7f41adde22 sha=f3f5602ed0dbaf7d mode=clean critical=[] internal=[§2.25.14 応答末尾 [Review: N rounds, M personas] 付記欠落; ]
2026-04-26T08:36:47Z	[CLEAN-PASS] sid=abf58b1d-322c-4097-981c-8f7f41adde22 sha=f3f5602ed0dbaf7d INTERNAL のみ、PO 表示なし
2026-04-26T08:36:47Z	[BLOCK] sid=994c38ce-e1de-4da7-93de-a8821c6d6e7e sha=2ce91bfe57336204 mode=clean critical=[§2.25.9 PO 作業発生提案検出 + §2.25.3 メタタグ欠落; ] internal=[§2.25.14 応答末尾 [Review: N rounds, M personas] 付記欠落; ]
2026-04-26T08:36:49Z	[BLOCK] sid=c1bc646b-f73b-4e21-b72f-02c56ab18028 sha=8890b86a38ee8699 mode=clean critical=[] internal=[§2.25.12 外部 CLI/API 言及 + 引用元 or 「未確認」欠落; §2.25.14 応答末尾 [Review: N rounds, M personas] 付記欠落; ]
2026-04-26T08:36:49Z	[CLEAN-PASS] sid=c1bc646b-f73b-4e21-b72f-02c56ab18028 sha=8890b86a38ee8699 INTERNAL のみ、PO 表示なし
2026-04-26T08:36:49Z	[BLOCK] sid=32d32c51-bebd-4131-a531-06f29aa837e6 sha=45fc708a0e38cae8 mode=clean critical=[] internal=[§2.25.14 応答末尾 [Review: N rounds, M personas] 付記欠落; ]
2026-04-26T08:36:49Z	[CLEAN-PASS] sid=32d32c51-bebd-4131-a531-06f29aa837e6 sha=45fc708a0e38cae8 INTERNAL のみ、PO 表示なし
2026-04-26T08:36:54Z	[BLOCK] sid=294071d4-7381-42fc-b86d-0b8dc00c609b sha=62b65bf7cc5f370c mode=clean critical=[] internal=[§2.25.14 応答末尾 [Review: N rounds, M personas] 付記欠落; ]
2026-04-26T08:36:54Z	[CLEAN-PASS] sid=294071d4-7381-42fc-b86d-0b8dc00c609b sha=62b65bf7cc5f370c INTERNAL のみ、PO 表示なし
2026-04-26T08:37:05Z	[BLOCK] sid=994c38ce-e1de-4da7-93de-a8821c6d6e7e sha=4b961a02e2e27f09 mode=clean critical=[] internal=[§2.25.14 応答末尾 [Review: N rounds, M personas] 付記欠落; ]
2026-04-26T08:37:05Z	[CLEAN-PASS] sid=994c38ce-e1de-4da7-93de-a8821c6d6e7e sha=4b961a02e2e27f09 INTERNAL のみ、PO 表示なし
2026-04-26T08:37:07Z	[SKIP] §2.25.11 self-ref-loop skip sid=3a114d67-57d0-4e4a-b4d4-ca8fa2a66a13 sha=7de1b40ceb0ddada
2026-04-26T08:37:07Z	[BLOCK] sid=3a114d67-57d0-4e4a-b4d4-ca8fa2a66a13 sha=7de1b40ceb0ddada mode=clean critical=[] internal=[§2.25.14 応答末尾 [Review: N rounds, M personas] 付記欠落; ]
2026-04-26T08:37:07Z	[CLEAN-PASS] sid=3a114d67-57d0-4e4a-b4d4-ca8fa2a66a13 sha=7de1b40ceb0ddada INTERNAL のみ、PO 表示なし
2026-04-26T08:37:54Z	[SKIP] §2.25.11 self-ref-loop skip sid=3a114d67-57d0-4e4a-b4d4-ca8fa2a66a13 sha=672829b99f8707a2
2026-04-26T08:37:54Z	[BLOCK] sid=3a114d67-57d0-4e4a-b4d4-ca8fa2a66a13 sha=672829b99f8707a2 mode=clean critical=[§2.25.9 PO 作業発生提案検出 + §2.25.3 メタタグ欠落; ] internal=[§2.25.12 外部 CLI/API 言及 + 引用元 or 「未確認」欠落; ]
2026-04-26T08:38:06Z	[PASS] sid=3a114d67-57d0-4e4a-b4d4-ca8fa2a66a13 sha=e57011bedd91ab94 ev=Stop mode=clean
2026-04-26T08:38:13Z	[PASS] sid=3a114d67-57d0-4e4a-b4d4-ca8fa2a66a13 sha=d422ea79a8038f46 ev=Stop mode=clean
2026-04-26T08:40:19Z	[SKIP] §2.25.11 self-ref-loop skip sid=3a114d67-57d0-4e4a-b4d4-ca8fa2a66a13 sha=b8c35c0251e70571
2026-04-26T08:40:19Z	[BLOCK] sid=3a114d67-57d0-4e4a-b4d4-ca8fa2a66a13 sha=b8c35c0251e70571 mode=clean critical=[§2.25.9 PO 作業発生提案検出 + §2.25.3 メタタグ欠落; ] internal=[§2.25.12 外部 CLI/API 言及 + 引用元 or 「未確認」欠落; ]
2026-04-26T08:40:24Z	[BLOCK] [TEST] --test-fail-closed BLOCK 出力テスト
2026-04-26T08:40:24Z	[BLOCK] sid=final-t2 sha=372333bd3301456b mode=clean critical=[] internal=[§2.25.12 外部 CLI/API 言及 + 引用元 or 「未確認」欠落; §2.25.14 応答末尾 [Review: N rounds, M personas] 付記欠落; ]
2026-04-26T08:40:24Z	[CLEAN-PASS] sid=final-t2 sha=372333bd3301456b INTERNAL のみ、PO 表示なし
2026-04-26T08:40:24Z	[BLOCK] sid=final-t3 sha=8189a6a00332a936 mode=clean critical=[§2.25.9 PO 作業発生提案検出 + §2.25.3 メタタグ欠落; ] internal=[§2.25.12 外部 CLI/API 言及 + 引用元 or 「未確認」欠落; §2.25.14 応答末尾 [Review: N rounds, M personas] 付記欠落; ]
2026-04-26T08:40:24Z	[BLOCK] sid=final-t4 sha=8189a6a00332a936 mode=strict critical=[§2.25.9 PO 作業発生提案検出 + §2.25.3 メタタグ欠落; ] internal=[§2.25.12 外部 CLI/API 言及 + 引用元 or 「未確認」欠落; §2.25.14 応答末尾 [Review: N rounds, M personas] 付記欠落; ]
2026-04-26T08:40:24Z	[SKIP] §2.25.11 self-ref-loop skip sid=final-t5-self-ref sha=b712dbf8929db85f
2026-04-26T08:40:24Z	[PASS] sid=final-t5-self-ref sha=b712dbf8929db85f ev=Stop mode=clean
2026-04-26T08:40:38Z	[SKIP] §2.25.11 self-ref-loop skip sid=3a114d67-57d0-4e4a-b4d4-ca8fa2a66a13 sha=57be4b433b75eab9
2026-04-26T08:40:38Z	[BLOCK] sid=3a114d67-57d0-4e4a-b4d4-ca8fa2a66a13 sha=57be4b433b75eab9 mode=clean critical=[] internal=[§2.25.12 外部 CLI/API 言及 + 引用元 or 「未確認」欠落; ]
2026-04-26T08:40:38Z	[CLEAN-PASS] sid=3a114d67-57d0-4e4a-b4d4-ca8fa2a66a13 sha=57be4b433b75eab9 INTERNAL のみ、PO 表示なし
2026-04-26T08:41:13Z	[SKIP] §2.25.11 self-ref-loop skip sid=3a114d67-57d0-4e4a-b4d4-ca8fa2a66a13 sha=c436b6ec20aa89db
2026-04-26T08:41:13Z	[WARN] sid=3a114d67-57d0-4e4a-b4d4-ca8fa2a66a13 sha=c436b6ec20aa89db warnings: §2.25.13 完了報告 12 行（>8）+ PO 明示要求なし; 
2026-04-26T08:41:13Z	[PASS] sid=3a114d67-57d0-4e4a-b4d4-ca8fa2a66a13 sha=c436b6ec20aa89db ev=Stop mode=clean
2026-04-26T08:41:47Z	[BLOCK] sid=3a114d67-57d0-4e4a-b4d4-ca8fa2a66a13 sha=f8492534e483d42a mode=clean critical=[§2.25.9 PO 作業発生提案検出 + §2.25.3 メタタグ欠落; ] internal=[§2.25.12 外部 CLI/API 言及 + 引用元 or 「未確認」欠落; ]
2026-04-26T08:42:06Z	[SKIP] §2.25.11 self-ref-loop skip sid=3a114d67-57d0-4e4a-b4d4-ca8fa2a66a13 sha=16d73adcda84dc9d
2026-04-26T08:42:06Z	[BLOCK] sid=3a114d67-57d0-4e4a-b4d4-ca8fa2a66a13 sha=16d73adcda84dc9d mode=clean critical=[] internal=[§2.25.12 外部 CLI/API 言及 + 引用元 or 「未確認」欠落; ]
2026-04-26T08:42:06Z	[CLEAN-PASS] sid=3a114d67-57d0-4e4a-b4d4-ca8fa2a66a13 sha=16d73adcda84dc9d INTERNAL のみ、PO 表示なし
2026-04-26T08:43:58Z	[BLOCK] sid=3a114d67-57d0-4e4a-b4d4-ca8fa2a66a13 sha=3b7ef13067cb5af5 mode=clean critical=[§2.25.9 PO 作業発生提案検出 + §2.25.3 メタタグ欠落; ] internal=[§2.25.12 外部 CLI/API 言及 + 引用元 or 「未確認」欠落; ]
2026-04-26T08:44:18Z	[SKIP] §2.25.11 self-ref-loop skip sid=3a114d67-57d0-4e4a-b4d4-ca8fa2a66a13 sha=6cb8412dfc6b3cb0
2026-04-26T08:44:18Z	[BLOCK] sid=3a114d67-57d0-4e4a-b4d4-ca8fa2a66a13 sha=6cb8412dfc6b3cb0 mode=clean critical=[] internal=[§2.25.12 外部 CLI/API 言及 + 引用元 or 「未確認」欠落; ]
2026-04-26T08:44:18Z	[CLEAN-PASS] sid=3a114d67-57d0-4e4a-b4d4-ca8fa2a66a13 sha=6cb8412dfc6b3cb0 INTERNAL のみ、PO 表示なし
2026-04-26T08:46:03Z	[BLOCK] sid=ee984b1d-3151-432f-a6d9-fc5fba5302d8 sha=a97d2ec54f749d8f mode=clean critical=[] internal=[§2.25.14 応答末尾 [Review: N rounds, M personas] 付記欠落; ]
2026-04-26T08:46:03Z	[CLEAN-PASS] sid=ee984b1d-3151-432f-a6d9-fc5fba5302d8 sha=a97d2ec54f749d8f INTERNAL のみ、PO 表示なし
2026-04-26T08:46:07Z	[BLOCK] sid=25b162bf-fb86-4552-8324-7ae734543a01 sha=25165fd1e6ace8de mode=clean critical=[] internal=[§2.25.14 応答末尾 [Review: N rounds, M personas] 付記欠落; ]
2026-04-26T08:46:07Z	[CLEAN-PASS] sid=25b162bf-fb86-4552-8324-7ae734543a01 sha=25165fd1e6ace8de INTERNAL のみ、PO 表示なし
2026-04-26T08:46:09Z	[BLOCK] sid=1d5e9f25-df82-4573-8d20-62a8f3356320 sha=cd2ab46e6ff469d1 mode=clean critical=[§2.25.9 PO 作業発生提案検出 + §2.25.3 メタタグ欠落; ] internal=[§2.25.14 応答末尾 [Review: N rounds, M personas] 付記欠落; ]
2026-04-26T08:46:09Z	[BLOCK] sid=e1a4eb91-d53f-491f-9856-440a384197c3 sha=2fc70526b34b4a1a mode=clean critical=[] internal=[§2.25.14 応答末尾 [Review: N rounds, M personas] 付記欠落; ]
2026-04-26T08:46:09Z	[CLEAN-PASS] sid=e1a4eb91-d53f-491f-9856-440a384197c3 sha=2fc70526b34b4a1a INTERNAL のみ、PO 表示なし
2026-04-26T08:46:10Z	[BLOCK] sid=a6d5d8b8-14a0-4129-825e-8415ba14dd26 sha=a863cb3d2e723c1a mode=clean critical=[] internal=[§2.25.14 応答末尾 [Review: N rounds, M personas] 付記欠落; ]
2026-04-26T08:46:10Z	[CLEAN-PASS] sid=a6d5d8b8-14a0-4129-825e-8415ba14dd26 sha=a863cb3d2e723c1a INTERNAL のみ、PO 表示なし
2026-04-26T08:46:13Z	[BLOCK] sid=87f338f1-b638-4911-bc9e-3bf5cad16ed9 sha=f03359035374c769 mode=clean critical=[] internal=[§2.25.14 応答末尾 [Review: N rounds, M personas] 付記欠落; ]
2026-04-26T08:46:13Z	[CLEAN-PASS] sid=87f338f1-b638-4911-bc9e-3bf5cad16ed9 sha=f03359035374c769 INTERNAL のみ、PO 表示なし
2026-04-26T08:46:13Z	[BLOCK] sid=5fdb0747-f219-49bd-bf49-145f7bcfd4d6 sha=66ad59d6b12abe72 mode=clean critical=[] internal=[§2.25.14 応答末尾 [Review: N rounds, M personas] 付記欠落; ]
2026-04-26T08:46:13Z	[CLEAN-PASS] sid=5fdb0747-f219-49bd-bf49-145f7bcfd4d6 sha=66ad59d6b12abe72 INTERNAL のみ、PO 表示なし
2026-04-26T08:46:13Z	[BLOCK] sid=7ee93213-5c84-43ce-b37e-7b69a5596efa sha=2d6e634fdfd5baea mode=clean critical=[] internal=[§2.25.14 応答末尾 [Review: N rounds, M personas] 付記欠落; ]
2026-04-26T08:46:13Z	[CLEAN-PASS] sid=7ee93213-5c84-43ce-b37e-7b69a5596efa sha=2d6e634fdfd5baea INTERNAL のみ、PO 表示なし
2026-04-26T08:46:14Z	[BLOCK] sid=1f49fcd5-a54c-4d22-bb6e-fd0f248bbd92 sha=e7eacd73c610e093 mode=clean critical=[§2.25.9 PO 作業発生提案検出 + §2.25.3 メタタグ欠落; ] internal=[§2.25.14 応答末尾 [Review: N rounds, M personas] 付記欠落; ]
2026-04-26T08:46:18Z	[BLOCK] sid=1d5e9f25-df82-4573-8d20-62a8f3356320 sha=d9dbf3bb0b4b2631 mode=clean critical=[] internal=[§2.25.14 応答末尾 [Review: N rounds, M personas] 付記欠落; ]
2026-04-26T08:46:18Z	[CLEAN-PASS] sid=1d5e9f25-df82-4573-8d20-62a8f3356320 sha=d9dbf3bb0b4b2631 INTERNAL のみ、PO 表示なし
2026-04-26T08:46:19Z	[BLOCK] sid=a5b7006c-3534-4cdc-8e43-f187a3a37633 sha=4fdc611539f042a4 mode=clean critical=[] internal=[§2.25.14 応答末尾 [Review: N rounds, M personas] 付記欠落; ]
2026-04-26T08:46:19Z	[CLEAN-PASS] sid=a5b7006c-3534-4cdc-8e43-f187a3a37633 sha=4fdc611539f042a4 INTERNAL のみ、PO 表示なし
2026-04-26T08:46:25Z	[BLOCK] sid=1f49fcd5-a54c-4d22-bb6e-fd0f248bbd92 sha=701f4b2ff02d5c98 mode=clean critical=[§2.25.9 PO 作業発生提案検出 + §2.25.3 メタタグ欠落; ] internal=[§2.25.14 応答末尾 [Review: N rounds, M personas] 付記欠落; ]
2026-04-26T08:46:40Z	[BLOCK] sid=1f49fcd5-a54c-4d22-bb6e-fd0f248bbd92 sha=5ffea87f3a79f241 mode=clean critical=[] internal=[§2.25.14 応答末尾 [Review: N rounds, M personas] 付記欠落; ]
2026-04-26T08:46:40Z	[CLEAN-PASS] sid=1f49fcd5-a54c-4d22-bb6e-fd0f248bbd92 sha=5ffea87f3a79f241 INTERNAL のみ、PO 表示なし
2026-04-26T08:46:43Z	[SKIP] §2.25.11 self-ref-loop skip sid=3a114d67-57d0-4e4a-b4d4-ca8fa2a66a13 sha=6418fc8b85ed4ef8
2026-04-26T08:46:43Z	[BLOCK] sid=3a114d67-57d0-4e4a-b4d4-ca8fa2a66a13 sha=6418fc8b85ed4ef8 mode=clean critical=[§2.25.9 PO 作業発生提案検出 + §2.25.3 メタタグ欠落; ] internal=[§2.25.14 応答末尾 [Review: N rounds, M personas] 付記欠落; ]
2026-04-26T08:46:48Z	[PASS] sid=3a114d67-57d0-4e4a-b4d4-ca8fa2a66a13 sha=615865458519c3dc ev=Stop mode=clean
2026-04-26T08:48:16Z	[WARN] sid=3a114d67-57d0-4e4a-b4d4-ca8fa2a66a13 sha=42908ef81bde1097 warnings: §2.25.13 完了報告 15 行（>8）+ PO 明示要求なし; 
2026-04-26T08:48:16Z	[PASS] sid=3a114d67-57d0-4e4a-b4d4-ca8fa2a66a13 sha=42908ef81bde1097 ev=Stop mode=clean
2026-04-26T08:48:22Z	[BLOCK] sid=246eae8f-36fd-4394-bfdf-de40e5b30258 sha=a14f62d5989f7f3d mode=clean critical=[] internal=[§2.25.14 応答末尾 [Review: N rounds, M personas] 付記欠落; ]
2026-04-26T08:48:22Z	[CLEAN-PASS] sid=246eae8f-36fd-4394-bfdf-de40e5b30258 sha=a14f62d5989f7f3d INTERNAL のみ、PO 表示なし
2026-04-26T08:48:30Z	[BLOCK] sid=ce3fc283-22d9-40f4-98cf-1dfa3bda6afc sha=0aa5aa659b2a08b4 mode=clean critical=[] internal=[§2.25.12 外部 CLI/API 言及 + 引用元 or 「未確認」欠落; §2.25.14 応答末尾 [Review: N rounds, M personas] 付記欠落; ]
2026-04-26T08:48:30Z	[CLEAN-PASS] sid=ce3fc283-22d9-40f4-98cf-1dfa3bda6afc sha=0aa5aa659b2a08b4 INTERNAL のみ、PO 表示なし
2026-04-26T08:48:30Z	[BLOCK] sid=414208f3-6ca6-4daa-a61f-7c902def9148 sha=ff81f2ac96554ea9 mode=clean critical=[] internal=[§2.25.12 外部 CLI/API 言及 + 引用元 or 「未確認」欠落; §2.25.14 応答末尾 [Review: N rounds, M personas] 付記欠落; ]
2026-04-26T08:48:30Z	[CLEAN-PASS] sid=414208f3-6ca6-4daa-a61f-7c902def9148 sha=ff81f2ac96554ea9 INTERNAL のみ、PO 表示なし
2026-04-26T08:48:33Z	[BLOCK] sid=3eda92cf-3cf9-4c8a-bba2-21cec0b6846e sha=f4f142ef39f71c44 mode=clean critical=[] internal=[§2.25.14 応答末尾 [Review: N rounds, M personas] 付記欠落; ]
2026-04-26T08:48:33Z	[CLEAN-PASS] sid=3eda92cf-3cf9-4c8a-bba2-21cec0b6846e sha=f4f142ef39f71c44 INTERNAL のみ、PO 表示なし
2026-04-26T08:48:40Z	[BLOCK] sid=e6ecb391-342a-4582-a585-7e5b5b1e4f35 sha=1347ef47ad8c441d mode=clean critical=[] internal=[§2.25.12 外部 CLI/API 言及 + 引用元 or 「未確認」欠落; §2.25.14 応答末尾 [Review: N rounds, M personas] 付記欠落; ]
2026-04-26T08:48:40Z	[CLEAN-PASS] sid=e6ecb391-342a-4582-a585-7e5b5b1e4f35 sha=1347ef47ad8c441d INTERNAL のみ、PO 表示なし
2026-04-26T08:48:44Z	[BLOCK] sid=3fb35162-ae5e-40df-97ff-9e4fe30682c9 sha=936609c2d672421f mode=clean critical=[] internal=[§2.25.14 応答末尾 [Review: N rounds, M personas] 付記欠落; ]
2026-04-26T08:48:44Z	[CLEAN-PASS] sid=3fb35162-ae5e-40df-97ff-9e4fe30682c9 sha=936609c2d672421f INTERNAL のみ、PO 表示なし
2026-04-26T08:48:53Z	[BLOCK] sid=d909d6ac-86eb-4b5b-8ae6-375dab184dd0 sha=71ceefd66645f9d0 mode=clean critical=[] internal=[§2.25.14 応答末尾 [Review: N rounds, M personas] 付記欠落; ]
2026-04-26T08:48:53Z	[CLEAN-PASS] sid=d909d6ac-86eb-4b5b-8ae6-375dab184dd0 sha=71ceefd66645f9d0 INTERNAL のみ、PO 表示なし
2026-04-26T08:49:13Z	[BLOCK] sid=c86a8dd2-8aba-4517-ac87-74509f0c4627 sha=7acbaa3adc1c207c mode=clean critical=[] internal=[§2.25.12 外部 CLI/API 言及 + 引用元 or 「未確認」欠落; §2.25.14 応答末尾 [Review: N rounds, M personas] 付記欠落; ]
2026-04-26T08:49:13Z	[CLEAN-PASS] sid=c86a8dd2-8aba-4517-ac87-74509f0c4627 sha=7acbaa3adc1c207c INTERNAL のみ、PO 表示なし
2026-04-26T08:49:39Z	[BLOCK] sid=7063a5ec-dc13-40ca-aa37-00da6b37c001 sha=67dac87e14a2eb32 mode=clean critical=[] internal=[§2.25.14 応答末尾 [Review: N rounds, M personas] 付記欠落; ]
2026-04-26T08:49:39Z	[CLEAN-PASS] sid=7063a5ec-dc13-40ca-aa37-00da6b37c001 sha=67dac87e14a2eb32 INTERNAL のみ、PO 表示なし
2026-04-26T08:50:11Z	[BLOCK] sid=51e94cae-57f9-469c-8282-ea1daa91b901 sha=612df7dc5289a074 mode=clean critical=[] internal=[§2.25.14 応答末尾 [Review: N rounds, M personas] 付記欠落; ]
2026-04-26T08:50:11Z	[CLEAN-PASS] sid=51e94cae-57f9-469c-8282-ea1daa91b901 sha=612df7dc5289a074 INTERNAL のみ、PO 表示なし
2026-04-26T08:52:01Z	[BLOCK] sid=3a114d67-57d0-4e4a-b4d4-ca8fa2a66a13 sha=d153233eba203c91 mode=clean critical=[§2.25.9 PO 作業発生提案検出 + §2.25.3 メタタグ欠落; ] internal=[§2.25.12 外部 CLI/API 言及 + 引用元 or 「未確認」欠落; ]
2026-04-26T08:52:14Z	[PASS] sid=3a114d67-57d0-4e4a-b4d4-ca8fa2a66a13 sha=c610c2622a85d684 ev=Stop mode=clean
2026-04-26T09:20:17Z	[BLOCK] sid=3a114d67-57d0-4e4a-b4d4-ca8fa2a66a13 sha=e58bae429b58f7fe mode=clean critical=[] internal=[§2.25.12 外部 CLI/API 言及 + 引用元 or 「未確認」欠落; ]
2026-04-26T09:20:17Z	[CLEAN-PASS] sid=3a114d67-57d0-4e4a-b4d4-ca8fa2a66a13 sha=e58bae429b58f7fe INTERNAL のみ、PO 表示なし
2026-04-26T09:23:03Z	[BLOCK] sid=8a784f0b-2dfc-43bf-b1bd-d53c5d10f376 sha=54cd2a5df4aaae3a mode=clean critical=[] internal=[§2.25.14 応答末尾 [Review: N rounds, M personas] 付記欠落; ]
2026-04-26T09:23:03Z	[CLEAN-PASS] sid=8a784f0b-2dfc-43bf-b1bd-d53c5d10f376 sha=54cd2a5df4aaae3a INTERNAL のみ、PO 表示なし
2026-04-26T09:23:04Z	[BLOCK] sid=80e8848e-a119-433e-96b4-5c34a39fccf4 sha=fa3f78ed13c1c78d mode=clean critical=[] internal=[§2.25.14 応答末尾 [Review: N rounds, M personas] 付記欠落; ]
2026-04-26T09:23:04Z	[CLEAN-PASS] sid=80e8848e-a119-433e-96b4-5c34a39fccf4 sha=fa3f78ed13c1c78d INTERNAL のみ、PO 表示なし
2026-04-26T09:23:08Z	[BLOCK] sid=0486722f-7da1-4036-bdba-a7dec8582470 sha=bd12a6f252ba3ef8 mode=clean critical=[] internal=[§2.25.14 応答末尾 [Review: N rounds, M personas] 付記欠落; ]
2026-04-26T09:23:08Z	[CLEAN-PASS] sid=0486722f-7da1-4036-bdba-a7dec8582470 sha=bd12a6f252ba3ef8 INTERNAL のみ、PO 表示なし
2026-04-26T09:23:09Z	[BLOCK] sid=3eae1d45-a6f7-44e3-a3df-5f89bd76a418 sha=ecf2cacc76054760 mode=clean critical=[] internal=[§2.25.14 応答末尾 [Review: N rounds, M personas] 付記欠落; ]
2026-04-26T09:23:09Z	[CLEAN-PASS] sid=3eae1d45-a6f7-44e3-a3df-5f89bd76a418 sha=ecf2cacc76054760 INTERNAL のみ、PO 表示なし
2026-04-26T09:23:13Z	[BLOCK] sid=327d60ca-5cc3-4d19-aa30-cee4f4d50f4e sha=a923e7f91dbae18d mode=clean critical=[] internal=[§2.25.14 応答末尾 [Review: N rounds, M personas] 付記欠落; ]
2026-04-26T09:23:13Z	[CLEAN-PASS] sid=327d60ca-5cc3-4d19-aa30-cee4f4d50f4e sha=a923e7f91dbae18d INTERNAL のみ、PO 表示なし
2026-04-26T09:23:14Z	[BLOCK] sid=94901cd6-cc8d-4f69-967c-a2810cea633a sha=6e4a83d2d9402e32 mode=clean critical=[] internal=[§2.25.12 外部 CLI/API 言及 + 引用元 or 「未確認」欠落; §2.25.14 応答末尾 [Review: N rounds, M personas] 付記欠落; ]
2026-04-26T09:23:14Z	[CLEAN-PASS] sid=94901cd6-cc8d-4f69-967c-a2810cea633a sha=6e4a83d2d9402e32 INTERNAL のみ、PO 表示なし
2026-04-26T09:23:19Z	[BLOCK] sid=7a3b5d30-f3c9-40e1-b249-83564de2d55c sha=bae7d1fad11d6327 mode=clean critical=[] internal=[§2.25.14 応答末尾 [Review: N rounds, M personas] 付記欠落; ]
2026-04-26T09:23:19Z	[CLEAN-PASS] sid=7a3b5d30-f3c9-40e1-b249-83564de2d55c sha=bae7d1fad11d6327 INTERNAL のみ、PO 表示なし
2026-04-26T09:23:22Z	[BLOCK] sid=93628d45-4238-4a26-9a94-cd406f47145a sha=67e10211ecdb0ed0 mode=clean critical=[] internal=[§2.25.14 応答末尾 [Review: N rounds, M personas] 付記欠落; ]
2026-04-26T09:23:22Z	[CLEAN-PASS] sid=93628d45-4238-4a26-9a94-cd406f47145a sha=67e10211ecdb0ed0 INTERNAL のみ、PO 表示なし
2026-04-26T09:23:24Z	[BLOCK] sid=1a3b8e57-cd37-44e8-a99e-23d9d36b61ec sha=520c6979517c541b mode=clean critical=[] internal=[§2.25.14 応答末尾 [Review: N rounds, M personas] 付記欠落; ]
2026-04-26T09:23:24Z	[CLEAN-PASS] sid=1a3b8e57-cd37-44e8-a99e-23d9d36b61ec sha=520c6979517c541b INTERNAL のみ、PO 表示なし
2026-04-26T09:23:34Z	[BLOCK] sid=bb1f6558-9fed-4c2c-8f07-fee2865aa69f sha=8264a054fcd0bf7f mode=clean critical=[] internal=[§2.25.14 応答末尾 [Review: N rounds, M personas] 付記欠落; ]
2026-04-26T09:23:34Z	[CLEAN-PASS] sid=bb1f6558-9fed-4c2c-8f07-fee2865aa69f sha=8264a054fcd0bf7f INTERNAL のみ、PO 表示なし
2026-04-26T09:23:37Z	[BLOCK] sid=3a114d67-57d0-4e4a-b4d4-ca8fa2a66a13 sha=dfb8f9a8f29055e3 mode=clean critical=[] internal=[§2.25.14 応答末尾 [Review: N rounds, M personas] 付記欠落; ]
2026-04-26T09:23:37Z	[CLEAN-PASS] sid=3a114d67-57d0-4e4a-b4d4-ca8fa2a66a13 sha=dfb8f9a8f29055e3 INTERNAL のみ、PO 表示なし
2026-04-26T09:23:46Z	[DEDUP] sid=3a114d67-57d0-4e4a-b4d4-ca8fa2a66a13 sha=dfb8f9a8f29055e3 多重発火検出、skip
2026-04-26T09:24:26Z	[BLOCK] sid=39cec1d9-455a-4120-b35f-811801c9b379 sha=901b64d9a4ce30ae mode=clean critical=[] internal=[§2.25.12 外部 CLI/API 言及 + 引用元 or 「未確認」欠落; §2.25.14 応答末尾 [Review: N rounds, M personas] 付記欠落; ]
2026-04-26T09:24:26Z	[CLEAN-PASS] sid=39cec1d9-455a-4120-b35f-811801c9b379 sha=901b64d9a4ce30ae INTERNAL のみ、PO 表示なし
2026-04-26T09:24:27Z	[BLOCK] sid=8e766f81-1ed5-4742-9bde-dcb0a3dc25c3 sha=fdf412964635ccaf mode=clean critical=[] internal=[§2.25.14 応答末尾 [Review: N rounds, M personas] 付記欠落; ]
2026-04-26T09:24:27Z	[CLEAN-PASS] sid=8e766f81-1ed5-4742-9bde-dcb0a3dc25c3 sha=fdf412964635ccaf INTERNAL のみ、PO 表示なし
2026-04-26T09:24:27Z	[BLOCK] sid=5abeef30-1c50-4110-a66b-2b724ab29380 sha=732ca4e5651186cd mode=clean critical=[] internal=[§2.25.14 応答末尾 [Review: N rounds, M personas] 付記欠落; ]
2026-04-26T09:24:27Z	[CLEAN-PASS] sid=5abeef30-1c50-4110-a66b-2b724ab29380 sha=732ca4e5651186cd INTERNAL のみ、PO 表示なし
2026-04-26T09:24:29Z	[BLOCK] sid=f611cdf5-d26d-4ddd-951d-c90131c0158a sha=d68201780206aaac mode=clean critical=[] internal=[§2.25.14 応答末尾 [Review: N rounds, M personas] 付記欠落; ]
2026-04-26T09:24:29Z	[CLEAN-PASS] sid=f611cdf5-d26d-4ddd-951d-c90131c0158a sha=d68201780206aaac INTERNAL のみ、PO 表示なし
2026-04-26T09:24:34Z	[BLOCK] sid=17aafb73-8e95-458e-88c9-64d553f6919b sha=b6a95068781183ec mode=clean critical=[] internal=[§2.25.14 応答末尾 [Review: N rounds, M personas] 付記欠落; ]
2026-04-26T09:24:34Z	[CLEAN-PASS] sid=17aafb73-8e95-458e-88c9-64d553f6919b sha=b6a95068781183ec INTERNAL のみ、PO 表示なし
2026-04-26T09:24:34Z	[BLOCK] sid=51ab3597-0fe5-4037-a464-52d97c242e63 sha=4d49a127aff20867 mode=clean critical=[] internal=[§2.25.12 外部 CLI/API 言及 + 引用元 or 「未確認」欠落; §2.25.14 応答末尾 [Review: N rounds, M personas] 付記欠落; ]
2026-04-26T09:24:34Z	[CLEAN-PASS] sid=51ab3597-0fe5-4037-a464-52d97c242e63 sha=4d49a127aff20867 INTERNAL のみ、PO 表示なし
2026-04-26T09:24:35Z	[BLOCK] sid=a9644bfe-fbfd-49e5-a636-50848e13700c sha=ad48eb5851eeb0b6 mode=clean critical=[] internal=[§2.25.12 外部 CLI/API 言及 + 引用元 or 「未確認」欠落; §2.25.14 応答末尾 [Review: N rounds, M personas] 付記欠落; ]
2026-04-26T09:24:35Z	[CLEAN-PASS] sid=a9644bfe-fbfd-49e5-a636-50848e13700c sha=ad48eb5851eeb0b6 INTERNAL のみ、PO 表示なし
2026-04-26T09:24:36Z	[BLOCK] sid=3b71bfdf-0567-45cc-82d1-43445df900a0 sha=b24cfea332fac05c mode=clean critical=[] internal=[§2.25.14 応答末尾 [Review: N rounds, M personas] 付記欠落; ]
2026-04-26T09:24:36Z	[CLEAN-PASS] sid=3b71bfdf-0567-45cc-82d1-43445df900a0 sha=b24cfea332fac05c INTERNAL のみ、PO 表示なし
2026-04-26T09:24:42Z	[BLOCK] sid=231958d2-65ef-400c-a85e-92911425c9e7 sha=7bff1c35db87ce12 mode=clean critical=[] internal=[§2.25.14 応答末尾 [Review: N rounds, M personas] 付記欠落; ]
2026-04-26T09:24:42Z	[CLEAN-PASS] sid=231958d2-65ef-400c-a85e-92911425c9e7 sha=7bff1c35db87ce12 INTERNAL のみ、PO 表示なし
2026-04-26T09:24:52Z	[BLOCK] sid=16fb2f80-d951-4120-960b-1f9ad89a2dfd sha=a7b41e7a02412955 mode=clean critical=[] internal=[§2.25.14 応答末尾 [Review: N rounds, M personas] 付記欠落; ]
2026-04-26T09:24:52Z	[CLEAN-PASS] sid=16fb2f80-d951-4120-960b-1f9ad89a2dfd sha=a7b41e7a02412955 INTERNAL のみ、PO 表示なし
2026-04-26T09:24:54Z	[BLOCK] sid=3a114d67-57d0-4e4a-b4d4-ca8fa2a66a13 sha=309ac8fe26fbe4f0 mode=clean critical=[§2.25.9 PO 作業発生提案検出 + §2.25.3 メタタグ欠落; ] internal=[§2.25.14 応答末尾 [Review: N rounds, M personas] 付記欠落; ]
2026-04-26T09:25:20Z	[DEDUP] sid=3a114d67-57d0-4e4a-b4d4-ca8fa2a66a13 sha=a366b93d47913064 多重発火検出、skip
2026-04-26T09:25:24Z	[BLOCK] sid=664508c8-91be-4e2d-adfa-992ba7abb806 sha=b375d18fc04d4d02 mode=clean critical=[] internal=[§2.25.12 外部 CLI/API 言及 + 引用元 or 「未確認」欠落; §2.25.14 応答末尾 [Review: N rounds, M personas] 付記欠落; ]
2026-04-26T09:25:24Z	[CLEAN-PASS] sid=664508c8-91be-4e2d-adfa-992ba7abb806 sha=b375d18fc04d4d02 INTERNAL のみ、PO 表示なし
2026-04-26T09:25:30Z	[BLOCK] sid=34cf586c-96b2-4a01-8c61-b5d76e658637 sha=faabbd3797bbe857 mode=clean critical=[] internal=[§2.25.12 外部 CLI/API 言及 + 引用元 or 「未確認」欠落; §2.25.14 応答末尾 [Review: N rounds, M personas] 付記欠落; ]
2026-04-26T09:25:30Z	[CLEAN-PASS] sid=34cf586c-96b2-4a01-8c61-b5d76e658637 sha=faabbd3797bbe857 INTERNAL のみ、PO 表示なし
2026-04-26T09:25:34Z	[BLOCK] sid=fbb1d946-110e-4f93-ba35-79cb9aae1c90 sha=0df815ce3b5a6608 mode=clean critical=[] internal=[§2.25.12 外部 CLI/API 言及 + 引用元 or 「未確認」欠落; §2.25.14 応答末尾 [Review: N rounds, M personas] 付記欠落; ]
2026-04-26T09:25:34Z	[CLEAN-PASS] sid=fbb1d946-110e-4f93-ba35-79cb9aae1c90 sha=0df815ce3b5a6608 INTERNAL のみ、PO 表示なし
2026-04-26T09:25:41Z	[BLOCK] sid=fe18df2d-d1d1-4374-8301-9b2bf041eabb sha=ab3fec7b011e78f0 mode=clean critical=[] internal=[§2.25.12 外部 CLI/API 言及 + 引用元 or 「未確認」欠落; §2.25.14 応答末尾 [Review: N rounds, M personas] 付記欠落; ]
2026-04-26T09:25:41Z	[CLEAN-PASS] sid=fe18df2d-d1d1-4374-8301-9b2bf041eabb sha=ab3fec7b011e78f0 INTERNAL のみ、PO 表示なし
2026-04-26T09:25:42Z	[BLOCK] sid=3e60fb16-2717-40c7-822a-0273aba62f30 sha=998ac59210fea47c mode=clean critical=[] internal=[§2.25.12 外部 CLI/API 言及 + 引用元 or 「未確認」欠落; §2.25.14 応答末尾 [Review: N rounds, M personas] 付記欠落; ]
2026-04-26T09:25:42Z	[CLEAN-PASS] sid=3e60fb16-2717-40c7-822a-0273aba62f30 sha=998ac59210fea47c INTERNAL のみ、PO 表示なし
2026-04-26T09:25:46Z	[BLOCK] sid=dc41360c-b05c-4e9f-baa7-65a88d998e4e sha=b7ffe68d2498c6dc mode=clean critical=[] internal=[§2.25.12 外部 CLI/API 言及 + 引用元 or 「未確認」欠落; §2.25.14 応答末尾 [Review: N rounds, M personas] 付記欠落; ]
2026-04-26T09:25:46Z	[CLEAN-PASS] sid=dc41360c-b05c-4e9f-baa7-65a88d998e4e sha=b7ffe68d2498c6dc INTERNAL のみ、PO 表示なし
2026-04-26T09:25:57Z	[BLOCK] sid=5a5e4251-f0a2-42c6-abca-512990dda628 sha=a1e292633ff3d430 mode=clean critical=[] internal=[§2.25.12 外部 CLI/API 言及 + 引用元 or 「未確認」欠落; §2.25.14 応答末尾 [Review: N rounds, M personas] 付記欠落; ]
2026-04-26T09:25:57Z	[CLEAN-PASS] sid=5a5e4251-f0a2-42c6-abca-512990dda628 sha=a1e292633ff3d430 INTERNAL のみ、PO 表示なし
2026-04-26T09:26:05Z	[BLOCK] sid=ee8c8962-adf1-494e-b7f0-d4bce9f5ab57 sha=89ff0578c73635f1 mode=clean critical=[§2.25.9 PO 作業発生提案検出 + §2.25.3 メタタグ欠落; ] internal=[§2.25.12 外部 CLI/API 言及 + 引用元 or 「未確認」欠落; §2.25.14 応答末尾 [Review: N rounds, M personas] 付記欠落; ]
2026-04-26T09:26:07Z	[BLOCK] sid=c7549d2d-c09c-4005-897e-dffbb9db7442 sha=b86637e4ad58dcdf mode=clean critical=[§2.25.9 PO 作業発生提案検出 + §2.25.3 メタタグ欠落; ] internal=[§2.25.12 外部 CLI/API 言及 + 引用元 or 「未確認」欠落; §2.25.14 応答末尾 [Review: N rounds, M personas] 付記欠落; ]
2026-04-26T09:26:13Z	[BLOCK] sid=6cb028a8-34f6-48ad-bad2-bf5dcafaa683 sha=a025e848cc011243 mode=clean critical=[] internal=[§2.25.12 外部 CLI/API 言及 + 引用元 or 「未確認」欠落; §2.25.14 応答末尾 [Review: N rounds, M personas] 付記欠落; ]
2026-04-26T09:26:13Z	[CLEAN-PASS] sid=6cb028a8-34f6-48ad-bad2-bf5dcafaa683 sha=a025e848cc011243 INTERNAL のみ、PO 表示なし
2026-04-26T09:26:59Z	[BLOCK] sid=3a114d67-57d0-4e4a-b4d4-ca8fa2a66a13 sha=cc60df2e0cac4063 mode=clean critical=[] internal=[§2.25.12 外部 CLI/API 言及 + 引用元 or 「未確認」欠落; ]
2026-04-26T09:26:59Z	[CLEAN-PASS] sid=3a114d67-57d0-4e4a-b4d4-ca8fa2a66a13 sha=cc60df2e0cac4063 INTERNAL のみ、PO 表示なし
2026-04-26T09:27:25Z	[WARN] sid=3a114d67-57d0-4e4a-b4d4-ca8fa2a66a13 sha=b71c61791586d4ce warnings: §2.25.13 完了報告 21 行（>8）+ PO 明示要求なし; 
2026-04-26T09:27:25Z	[PASS] sid=3a114d67-57d0-4e4a-b4d4-ca8fa2a66a13 sha=b71c61791586d4ce ev=Stop mode=clean
2026-04-26T09:27:26Z	[BLOCK] sid=c7549d2d-c09c-4005-897e-dffbb9db7442 sha=afa5d88312939095 mode=clean critical=[] internal=[§2.25.12 外部 CLI/API 言及 + 引用元 or 「未確認」欠落; §2.25.14 応答末尾 [Review: N rounds, M personas] 付記欠落; ]
2026-04-26T09:27:26Z	[CLEAN-PASS] sid=c7549d2d-c09c-4005-897e-dffbb9db7442 sha=afa5d88312939095 INTERNAL のみ、PO 表示なし
2026-04-26T09:27:52Z	[BLOCK] sid=ee8c8962-adf1-494e-b7f0-d4bce9f5ab57 sha=1c8ae3ffb6cc140a mode=clean critical=[] internal=[§2.25.12 外部 CLI/API 言及 + 引用元 or 「未確認」欠落; ]
2026-04-26T09:27:52Z	[CLEAN-PASS] sid=ee8c8962-adf1-494e-b7f0-d4bce9f5ab57 sha=1c8ae3ffb6cc140a INTERNAL のみ、PO 表示なし
2026-04-26T09:28:51Z	[BLOCK] sid=3a114d67-57d0-4e4a-b4d4-ca8fa2a66a13 sha=8c59bf79da0f631b mode=clean critical=[] internal=[§2.25.12 外部 CLI/API 言及 + 引用元 or 「未確認」欠落; ]
2026-04-26T09:28:51Z	[CLEAN-PASS] sid=3a114d67-57d0-4e4a-b4d4-ca8fa2a66a13 sha=8c59bf79da0f631b INTERNAL のみ、PO 表示なし
2026-04-26T09:29:04Z	[BLOCK] [TEST] --test-fail-closed BLOCK 出力テスト
2026-04-26T09:30:30Z	[BLOCK] sid=c1997a2e-2ca6-4ecb-9edb-582225eadc73 sha=1b02a371dd0a6784 mode=clean critical=[] internal=[§2.25.14 応答末尾 [Review: N rounds, M personas] 付記欠落; ]
2026-04-26T09:30:30Z	[CLEAN-PASS] sid=c1997a2e-2ca6-4ecb-9edb-582225eadc73 sha=1b02a371dd0a6784 INTERNAL のみ、PO 表示なし
2026-04-26T09:30:30Z	[BLOCK] sid=f8944946-3c4e-4f3a-9524-f25061b1ffff sha=161302de8b3e4184 mode=clean critical=[] internal=[§2.25.12 外部 CLI/API 言及 + 引用元 or 「未確認」欠落; §2.25.14 応答末尾 [Review: N rounds, M personas] 付記欠落; ]
2026-04-26T09:30:30Z	[CLEAN-PASS] sid=f8944946-3c4e-4f3a-9524-f25061b1ffff sha=161302de8b3e4184 INTERNAL のみ、PO 表示なし
2026-04-26T09:30:32Z	[BLOCK] sid=d1ffdb0b-f308-45ba-b487-a271bb7f8be2 sha=e60bf60289f542b8 mode=clean critical=[] internal=[§2.25.14 応答末尾 [Review: N rounds, M personas] 付記欠落; ]
2026-04-26T09:30:32Z	[CLEAN-PASS] sid=d1ffdb0b-f308-45ba-b487-a271bb7f8be2 sha=e60bf60289f542b8 INTERNAL のみ、PO 表示なし
2026-04-26T09:30:32Z	[BLOCK] sid=75f65240-e9ef-4d29-b2ee-994cf9ac1c5e sha=1e3d186b6bfd9b80 mode=clean critical=[§2.25.9 PO 作業発生提案検出 + §2.25.3 メタタグ欠落; ] internal=[§2.25.14 応答末尾 [Review: N rounds, M personas] 付記欠落; ]
2026-04-26T09:30:32Z	[BLOCK] sid=2d09b033-86d4-4d29-8d73-752f290c6d4e sha=eba8a7a0a1176e22 mode=clean critical=[] internal=[§2.25.14 応答末尾 [Review: N rounds, M personas] 付記欠落; ]
2026-04-26T09:30:32Z	[CLEAN-PASS] sid=2d09b033-86d4-4d29-8d73-752f290c6d4e sha=eba8a7a0a1176e22 INTERNAL のみ、PO 表示なし
2026-04-26T09:30:33Z	[BLOCK] sid=746ae924-6321-4c02-a655-14f36c418974 sha=163196131f9e3a23 mode=clean critical=[] internal=[§2.25.14 応答末尾 [Review: N rounds, M personas] 付記欠落; ]
2026-04-26T09:30:33Z	[CLEAN-PASS] sid=746ae924-6321-4c02-a655-14f36c418974 sha=163196131f9e3a23 INTERNAL のみ、PO 表示なし
2026-04-26T09:30:34Z	[BLOCK] sid=781d77db-b57a-4c44-8fc8-be33c52655f3 sha=c13312d34c9d155c mode=clean critical=[] internal=[§2.25.14 応答末尾 [Review: N rounds, M personas] 付記欠落; ]
2026-04-26T09:30:34Z	[CLEAN-PASS] sid=781d77db-b57a-4c44-8fc8-be33c52655f3 sha=c13312d34c9d155c INTERNAL のみ、PO 表示なし
2026-04-26T09:30:35Z	[BLOCK] sid=7a069be8-ce9d-4c59-9025-d68ffe937809 sha=98be0c31b2c62739 mode=clean critical=[] internal=[§2.25.14 応答末尾 [Review: N rounds, M personas] 付記欠落; ]
2026-04-26T09:30:35Z	[BLOCK] sid=be8476a4-c525-4623-828a-aeae50655c31 sha=ba6aaff50dc6410a mode=clean critical=[] internal=[§2.25.14 応答末尾 [Review: N rounds, M personas] 付記欠落; ]
2026-04-26T09:30:35Z	[CLEAN-PASS] sid=be8476a4-c525-4623-828a-aeae50655c31 sha=ba6aaff50dc6410a INTERNAL のみ、PO 表示なし
2026-04-26T09:30:35Z	[CLEAN-PASS] sid=7a069be8-ce9d-4c59-9025-d68ffe937809 sha=98be0c31b2c62739 INTERNAL のみ、PO 表示なし
2026-04-26T09:30:37Z	[BLOCK] sid=47d0a54e-ea5e-4984-8f80-0eff71db64a9 sha=39634a85eac0f1e7 mode=clean critical=[§2.25.9 PO 作業発生提案検出 + §2.25.3 メタタグ欠落; ] internal=[§2.25.14 応答末尾 [Review: N rounds, M personas] 付記欠落; ]
2026-04-26T09:30:43Z	[BLOCK] sid=75f65240-e9ef-4d29-b2ee-994cf9ac1c5e sha=70903f96352e71b5 mode=clean critical=[§2.25.9 PO 作業発生提案検出 + §2.25.3 メタタグ欠落; ] internal=[]
2026-04-26T09:30:52Z	[BLOCK] sid=47d0a54e-ea5e-4984-8f80-0eff71db64a9 sha=08682bc560f05756 mode=clean critical=[] internal=[§2.25.14 応答末尾 [Review: N rounds, M personas] 付記欠落; ]
2026-04-26T09:30:52Z	[CLEAN-PASS] sid=47d0a54e-ea5e-4984-8f80-0eff71db64a9 sha=08682bc560f05756 INTERNAL のみ、PO 表示なし
2026-04-26T09:30:52Z	[BLOCK] sid=75f65240-e9ef-4d29-b2ee-994cf9ac1c5e sha=84042d5dd3c7db5d mode=clean critical=[] internal=[§2.25.14 応答末尾 [Review: N rounds, M personas] 付記欠落; ]
2026-04-26T09:30:52Z	[CLEAN-PASS] sid=75f65240-e9ef-4d29-b2ee-994cf9ac1c5e sha=84042d5dd3c7db5d INTERNAL のみ、PO 表示なし
2026-04-26T09:30:52Z	[BLOCK] sid=test-sid-1777195852 sha=0ac19f08e29fd257 mode=clean critical=[§2.25.21.4 Phase 完了宣言 + 実機 smoke PASS ログ欠落 (logs/realmachine_smoke_results.log に signin_success=true && dashboard_reached=true && result=PASS 行不在、PATCH-LOGIN-TEST-STRUCTURAL-FIX); ] internal=[§2.25.14 応答末尾 [Review: N rounds, M personas] 付記欠落; ]
2026-04-26T09:30:56Z	[BLOCK] sid=3a114d67-57d0-4e4a-b4d4-ca8fa2a66a13 sha=20129b72ff839a11 mode=clean critical=[] internal=[§2.25.14 応答末尾 [Review: N rounds, M personas] 付記欠落; ]
2026-04-26T09:30:56Z	[BLOCK] sid=3a114d67-57d0-4e4a-b4d4-ca8fa2a66a13 sha=20129b72ff839a11 mode=clean critical=[] internal=[§2.25.14 応答末尾 [Review: N rounds, M personas] 付記欠落; ]
2026-04-26T09:30:56Z	[CLEAN-PASS] sid=3a114d67-57d0-4e4a-b4d4-ca8fa2a66a13 sha=20129b72ff839a11 INTERNAL のみ、PO 表示なし
2026-04-26T09:30:56Z	[CLEAN-PASS] sid=3a114d67-57d0-4e4a-b4d4-ca8fa2a66a13 sha=20129b72ff839a11 INTERNAL のみ、PO 表示なし
2026-04-26T09:31:01Z	[PASS] sid=3a114d67-57d0-4e4a-b4d4-ca8fa2a66a13 sha=a366b93d47913064 ev=Stop mode=clean
2026-04-26T09:31:04Z	[BLOCK] sid=test-sid-1777195864 sha=0ac19f08e29fd257 mode=clean critical=[] internal=[§2.25.14 応答末尾 [Review: N rounds, M personas] 付記欠落; ]
2026-04-26T09:31:04Z	[CLEAN-PASS] sid=test-sid-1777195864 sha=0ac19f08e29fd257 INTERNAL のみ、PO 表示なし
2026-04-26T09:31:21Z	[BLOCK] sid=test-sid-1777195881 sha=0ac19f08e29fd257 mode=clean critical=[§2.25.21.4 Phase 完了宣言 + 実機 smoke PASS ログ欠落 (logs/realmachine_smoke_results.log に signin_success=true && dashboard_reached=true && result=PASS 行不在、PATCH-LOGIN-TEST-STRUCTURAL-FIX); ] internal=[§2.25.14 応答末尾 [Review: N rounds, M personas] 付記欠落; ]
2026-04-26T09:31:21Z	[BLOCK] sid=test-sid-1777195881 sha=dcebbb29919588ab mode=clean critical=[] internal=[§2.25.14 応答末尾 [Review: N rounds, M personas] 付記欠落; ]
2026-04-26T09:31:21Z	[CLEAN-PASS] sid=test-sid-1777195881 sha=dcebbb29919588ab INTERNAL のみ、PO 表示なし
2026-04-26T09:35:06Z	[BLOCK] sid=b580d35a-fd19-4859-a12d-b253aead1da3 sha=2bd8780f2ab3ecb2 mode=clean critical=[] internal=[§2.25.14 応答末尾 [Review: N rounds, M personas] 付記欠落; ]
2026-04-26T09:35:06Z	[CLEAN-PASS] sid=b580d35a-fd19-4859-a12d-b253aead1da3 sha=2bd8780f2ab3ecb2 INTERNAL のみ、PO 表示なし
2026-04-26T09:35:08Z	[BLOCK] sid=c4add469-be34-4c7e-b301-0b9bb3fa822d sha=352ed6c61fa5f160 mode=clean critical=[] internal=[§2.25.14 応答末尾 [Review: N rounds, M personas] 付記欠落; ]
2026-04-26T09:35:08Z	[CLEAN-PASS] sid=c4add469-be34-4c7e-b301-0b9bb3fa822d sha=352ed6c61fa5f160 INTERNAL のみ、PO 表示なし
2026-04-26T09:35:08Z	[BLOCK] sid=ffd3e42e-e470-4206-bb1f-f0abaa4e9964 sha=52519e29756d91d9 mode=clean critical=[] internal=[§2.25.12 外部 CLI/API 言及 + 引用元 or 「未確認」欠落; §2.25.14 応答末尾 [Review: N rounds, M personas] 付記欠落; ]
2026-04-26T09:35:08Z	[CLEAN-PASS] sid=ffd3e42e-e470-4206-bb1f-f0abaa4e9964 sha=52519e29756d91d9 INTERNAL のみ、PO 表示なし
2026-04-26T09:35:09Z	[BLOCK] sid=64de2578-9dbf-4743-afbc-809125c4b403 sha=bc13a0af1e71fc20 mode=clean critical=[] internal=[§2.25.14 応答末尾 [Review: N rounds, M personas] 付記欠落; ]
2026-04-26T09:35:09Z	[CLEAN-PASS] sid=64de2578-9dbf-4743-afbc-809125c4b403 sha=bc13a0af1e71fc20 INTERNAL のみ、PO 表示なし
2026-04-26T09:35:09Z	[BLOCK] sid=c100baa6-651e-4fb2-bfa2-42ad763de903 sha=d8ff158839593950 mode=clean critical=[] internal=[§2.25.14 応答末尾 [Review: N rounds, M personas] 付記欠落; ]
2026-04-26T09:35:09Z	[CLEAN-PASS] sid=c100baa6-651e-4fb2-bfa2-42ad763de903 sha=d8ff158839593950 INTERNAL のみ、PO 表示なし
2026-04-26T09:35:10Z	[BLOCK] sid=4cee7a13-ff69-47c3-96f8-a4617d0ab129 sha=c3bf81f5fa9f3427 mode=clean critical=[] internal=[§2.25.14 応答末尾 [Review: N rounds, M personas] 付記欠落; ]
2026-04-26T09:35:10Z	[CLEAN-PASS] sid=4cee7a13-ff69-47c3-96f8-a4617d0ab129 sha=c3bf81f5fa9f3427 INTERNAL のみ、PO 表示なし
2026-04-26T09:35:10Z	[BLOCK] sid=05eb55d1-56dd-4826-a284-b2c023ba1149 sha=26ad3c12021fc8cc mode=clean critical=[§2.25.9 PO 作業発生提案検出 + §2.25.3 メタタグ欠落; ] internal=[§2.25.14 応答末尾 [Review: N rounds, M personas] 付記欠落; ]
2026-04-26T09:35:15Z	[BLOCK] sid=808c1cab-eb51-44a7-9fa5-daf81682f610 sha=be62be72fa672f73 mode=clean critical=[] internal=[§2.25.14 応答末尾 [Review: N rounds, M personas] 付記欠落; ]
2026-04-26T09:35:15Z	[CLEAN-PASS] sid=808c1cab-eb51-44a7-9fa5-daf81682f610 sha=be62be72fa672f73 INTERNAL のみ、PO 表示なし
2026-04-26T09:35:16Z	[BLOCK] sid=9259bc6c-20d8-4cb3-9724-acde52bef016 sha=02d25681577f57ac mode=clean critical=[] internal=[§2.25.14 応答末尾 [Review: N rounds, M personas] 付記欠落; ]
2026-04-26T09:35:16Z	[CLEAN-PASS] sid=9259bc6c-20d8-4cb3-9724-acde52bef016 sha=02d25681577f57ac INTERNAL のみ、PO 表示なし
2026-04-26T09:35:21Z	[PASS] sid=05eb55d1-56dd-4826-a284-b2c023ba1149 sha=cd73b09cb352ca47 ev=Stop mode=clean
2026-04-26T09:35:21Z	[BLOCK] sid=7efd31ee-545a-4bc7-999d-6301353a69f7 sha=bc7245e56f7fb46f mode=clean critical=[] internal=[§2.25.14 応答末尾 [Review: N rounds, M personas] 付記欠落; ]
2026-04-26T09:35:21Z	[CLEAN-PASS] sid=7efd31ee-545a-4bc7-999d-6301353a69f7 sha=bc7245e56f7fb46f INTERNAL のみ、PO 表示なし
2026-04-26T09:35:24Z	[BLOCK] sid=3a114d67-57d0-4e4a-b4d4-ca8fa2a66a13 sha=e3cd30a9667dd622 mode=clean critical=[] internal=[§2.25.14 応答末尾 [Review: N rounds, M personas] 付記欠落; ]
2026-04-26T09:35:24Z	[CLEAN-PASS] sid=3a114d67-57d0-4e4a-b4d4-ca8fa2a66a13 sha=e3cd30a9667dd622 INTERNAL のみ、PO 表示なし
2026-04-26T09:35:48Z	[PASS] sid=3a114d67-57d0-4e4a-b4d4-ca8fa2a66a13 sha=a366b93d47913064 ev=Stop mode=clean
2026-04-26T09:36:04Z	[BLOCK] sid=3a114d67-57d0-4e4a-b4d4-ca8fa2a66a13 sha=b1098cc323b10d2f mode=clean critical=[] internal=[§2.25.12 外部 CLI/API 言及 + 引用元 or 「未確認」欠落; ]
2026-04-26T09:36:04Z	[CLEAN-PASS] sid=3a114d67-57d0-4e4a-b4d4-ca8fa2a66a13 sha=b1098cc323b10d2f INTERNAL のみ、PO 表示なし
2026-04-26T09:36:58Z	[BLOCK] sid=3a114d67-57d0-4e4a-b4d4-ca8fa2a66a13 sha=8550042eca9ada43 mode=clean critical=[] internal=[§2.25.12 外部 CLI/API 言及 + 引用元 or 「未確認」欠落; ]
2026-04-26T09:36:58Z	[CLEAN-PASS] sid=3a114d67-57d0-4e4a-b4d4-ca8fa2a66a13 sha=8550042eca9ada43 INTERNAL のみ、PO 表示なし
2026-04-26T09:38:50Z	[BLOCK] sid=3a114d67-57d0-4e4a-b4d4-ca8fa2a66a13 sha=04784c41bfd7b603 mode=clean critical=[] internal=[§2.25.12 外部 CLI/API 言及 + 引用元 or 「未確認」欠落; ]
2026-04-26T09:38:50Z	[CLEAN-PASS] sid=3a114d67-57d0-4e4a-b4d4-ca8fa2a66a13 sha=04784c41bfd7b603 INTERNAL のみ、PO 表示なし
2026-04-26T09:43:31Z	[PASS] sid=3a114d67-57d0-4e4a-b4d4-ca8fa2a66a13 sha=478bd9046663543b ev=Stop mode=clean
2026-04-26T09:49:41Z	[BLOCK] sid=3a114d67-57d0-4e4a-b4d4-ca8fa2a66a13 sha=9d220e20572e7bae mode=clean critical=[] internal=[§2.25.12 外部 CLI/API 言及 + 引用元 or 「未確認」欠落; ]
2026-04-26T09:49:41Z	[CLEAN-PASS] sid=3a114d67-57d0-4e4a-b4d4-ca8fa2a66a13 sha=9d220e20572e7bae INTERNAL のみ、PO 表示なし
2026-04-26T09:50:23Z	[BLOCK] sid=aaa3e1aa-9c27-435b-9a74-894bb72cad4b sha=a5c64d55a0eb25b5 mode=clean critical=[] internal=[§2.25.14 応答末尾 [Review: N rounds, M personas] 付記欠落; ]
2026-04-26T09:50:23Z	[CLEAN-PASS] sid=aaa3e1aa-9c27-435b-9a74-894bb72cad4b sha=a5c64d55a0eb25b5 INTERNAL のみ、PO 表示なし
2026-04-26T09:50:25Z	[BLOCK] sid=6ef741a7-ec78-4274-8b11-c406cb858c50 sha=8b3a2d663d840de5 mode=clean critical=[] internal=[§2.25.14 応答末尾 [Review: N rounds, M personas] 付記欠落; ]
2026-04-26T09:50:25Z	[BLOCK] sid=55fbe092-6e37-4065-b25f-f1f3a1477257 sha=9adddd697746276a mode=clean critical=[] internal=[§2.25.12 外部 CLI/API 言及 + 引用元 or 「未確認」欠落; §2.25.14 応答末尾 [Review: N rounds, M personas] 付記欠落; ]
2026-04-26T09:50:25Z	[CLEAN-PASS] sid=6ef741a7-ec78-4274-8b11-c406cb858c50 sha=8b3a2d663d840de5 INTERNAL のみ、PO 表示なし
2026-04-26T09:50:25Z	[CLEAN-PASS] sid=55fbe092-6e37-4065-b25f-f1f3a1477257 sha=9adddd697746276a INTERNAL のみ、PO 表示なし
2026-04-26T09:50:27Z	[BLOCK] sid=fa438715-8eb3-41ad-a88f-b71c44468224 sha=04512e196b5fba93 mode=clean critical=[] internal=[§2.25.14 応答末尾 [Review: N rounds, M personas] 付記欠落; ]
2026-04-26T09:50:27Z	[CLEAN-PASS] sid=fa438715-8eb3-41ad-a88f-b71c44468224 sha=04512e196b5fba93 INTERNAL のみ、PO 表示なし
2026-04-26T09:50:28Z	[BLOCK] sid=9469c9ab-bc91-4c5a-9e3d-43c2b6c374b4 sha=d422e4814809beb9 mode=clean critical=[] internal=[§2.25.14 応答末尾 [Review: N rounds, M personas] 付記欠落; ]
2026-04-26T09:50:28Z	[CLEAN-PASS] sid=9469c9ab-bc91-4c5a-9e3d-43c2b6c374b4 sha=d422e4814809beb9 INTERNAL のみ、PO 表示なし
2026-04-26T09:50:29Z	[BLOCK] sid=87df1859-4e57-44e1-a519-69deb8615605 sha=b2af5d9626b75eb9 mode=clean critical=[] internal=[§2.25.12 外部 CLI/API 言及 + 引用元 or 「未確認」欠落; §2.25.14 応答末尾 [Review: N rounds, M personas] 付記欠落; ]
2026-04-26T09:50:29Z	[CLEAN-PASS] sid=87df1859-4e57-44e1-a519-69deb8615605 sha=b2af5d9626b75eb9 INTERNAL のみ、PO 表示なし
2026-04-26T09:50:30Z	[BLOCK] sid=1e0ba756-28b7-44fc-876b-528c2c4878ae sha=d427c28ed22ecee3 mode=clean critical=[] internal=[§2.25.14 応答末尾 [Review: N rounds, M personas] 付記欠落; ]
2026-04-26T09:50:30Z	[CLEAN-PASS] sid=1e0ba756-28b7-44fc-876b-528c2c4878ae sha=d427c28ed22ecee3 INTERNAL のみ、PO 表示なし
2026-04-26T09:50:36Z	[BLOCK] sid=a88e27a9-91a3-45bb-a222-d4471b6b1f74 sha=c15505ee49b9d5f9 mode=clean critical=[] internal=[§2.25.14 応答末尾 [Review: N rounds, M personas] 付記欠落; ]
2026-04-26T09:50:36Z	[CLEAN-PASS] sid=a88e27a9-91a3-45bb-a222-d4471b6b1f74 sha=c15505ee49b9d5f9 INTERNAL のみ、PO 表示なし
2026-04-26T09:50:37Z	[BLOCK] sid=bb7226f7-0087-4a87-b54a-ec097c70cbce sha=94fc9544c77aa997 mode=clean critical=[] internal=[§2.25.14 応答末尾 [Review: N rounds, M personas] 付記欠落; ]
2026-04-26T09:50:37Z	[CLEAN-PASS] sid=bb7226f7-0087-4a87-b54a-ec097c70cbce sha=94fc9544c77aa997 INTERNAL のみ、PO 表示なし
2026-04-26T09:50:44Z	[BLOCK] sid=32d026eb-d5ac-46c8-8df0-0e214bfb3eb6 sha=7f27c31e7f28342b mode=clean critical=[] internal=[§2.25.14 応答末尾 [Review: N rounds, M personas] 付記欠落; ]
2026-04-26T09:50:44Z	[CLEAN-PASS] sid=32d026eb-d5ac-46c8-8df0-0e214bfb3eb6 sha=7f27c31e7f28342b INTERNAL のみ、PO 表示なし
2026-04-26T09:50:47Z	[BLOCK] sid=3a114d67-57d0-4e4a-b4d4-ca8fa2a66a13 sha=ad702a99f8c8faea mode=clean critical=[] internal=[§2.25.14 応答末尾 [Review: N rounds, M personas] 付記欠落; ]
2026-04-26T09:50:47Z	[CLEAN-PASS] sid=3a114d67-57d0-4e4a-b4d4-ca8fa2a66a13 sha=ad702a99f8c8faea INTERNAL のみ、PO 表示なし
2026-04-26T09:50:58Z	[DEDUP] sid=3a114d67-57d0-4e4a-b4d4-ca8fa2a66a13 sha=ad702a99f8c8faea 多重発火検出、skip
2026-04-26T09:51:16Z	[DEDUP] sid=3a114d67-57d0-4e4a-b4d4-ca8fa2a66a13 sha=a366b93d47913064 多重発火検出、skip
2026-04-26T09:57:22Z	[BLOCK] sid=test-adv-rel-violation sha=b389726311bf7ee3 mode=clean critical=[§2.25.21.4 Phase 完了宣言 + mock キーワード検出 (実装未完アラート、PATCH-ADV-REPORT-RELIABILITY): mock_data, setTimeout, INITIAL_*, ; §2.25.21.4 Phase 完了宣言 + mock 比率 66% 超過 (mock=2 / supabase=1、実 Supabase 接続コード比率不足、PATCH-ADV-REPORT-RELIABILITY); §2.25.21.5 PO 報告前 自問項目欠落 5/5 (項目1(実機できる), 項目2(できない), 項目3(実データ保存), 項目4(全画面DB反映), 項目5(PO視点), PATCH-ADV-REPORT-RELIABILITY); ] internal=[§2.25.12 外部 CLI/API 言及 + 引用元 or 「未確認」欠落; ]
2026-04-26T09:57:35Z	[PASS] sid=test-adv-rel-pass-001 sha=e895b39824c42fb2 ev=Stop mode=clean
2026-04-26T09:57:40Z	[PASS] sid=test-adv-rel-skip-002 sha=0acd0da14fc43c69 ev=Stop mode=clean
2026-04-26T09:57:45Z	[PASS] sid=test-adv-rel-nophase-003 sha=5c24352997f874c9 ev=Stop mode=clean
2026-04-26T10:01:32Z	[WARN] sid=3a114d67-57d0-4e4a-b4d4-ca8fa2a66a13 sha=a153b9031400c563 warnings: §2.25.13 完了報告 13 行（>8）+ PO 明示要求なし; 
2026-04-26T10:01:32Z	[PASS] sid=3a114d67-57d0-4e4a-b4d4-ca8fa2a66a13 sha=a153b9031400c563 ev=Stop mode=clean
2026-04-26T12:43:48Z	[BLOCK] sid=3a114d67-57d0-4e4a-b4d4-ca8fa2a66a13 sha=76720e41f8125421 mode=clean critical=[] internal=[§2.25.14 応答末尾 [Review: N rounds, M personas] 付記欠落; ]
2026-04-26T12:43:48Z	[CLEAN-PASS] sid=3a114d67-57d0-4e4a-b4d4-ca8fa2a66a13 sha=76720e41f8125421 INTERNAL のみ、PO 表示なし
2026-04-26T12:44:20Z	[BLOCK] sid=3a114d67-57d0-4e4a-b4d4-ca8fa2a66a13 sha=fb211abde85cc6e6 mode=clean critical=[§2.25.9 PO 作業発生提案検出 + §2.25.3 メタタグ欠落; ] internal=[§2.25.12 外部 CLI/API 言及 + 引用元 or 「未確認」欠落; ]
2026-04-26T12:44:51Z	[BLOCK] sid=3a114d67-57d0-4e4a-b4d4-ca8fa2a66a13 sha=71de0f1195101d0f mode=clean critical=[§2.25.21.4 Phase 完了宣言 + mock キーワード検出 (実装未完アラート、PATCH-ADV-REPORT-RELIABILITY): mock_data, ; §2.25.9 PO 作業発生提案検出 + §2.25.3 メタタグ欠落; ] internal=[§2.25.14 応答末尾 [Review: N rounds, M personas] 付記欠落; ]
2026-04-26T12:44:59Z	[BLOCK] sid=3a114d67-57d0-4e4a-b4d4-ca8fa2a66a13 sha=fe475ff50f82bd13 mode=clean critical=[§2.25.9 PO 作業発生提案検出 + §2.25.3 メタタグ欠落; ] internal=[]
2026-04-26T12:45:10Z	[PASS] sid=3a114d67-57d0-4e4a-b4d4-ca8fa2a66a13 sha=90a67c1b8c68bbd0 ev=Stop mode=clean
2026-04-26T12:48:46Z	[BLOCK] sid=3a114d67-57d0-4e4a-b4d4-ca8fa2a66a13 sha=133305af4daeefc5 mode=clean critical=[§2.25.9 PO 作業発生提案検出 + §2.25.3 メタタグ欠落; ] internal=[§2.25.11 直前 3T 立場矛盾 + 撤回宣言欠落; ]
2026-04-26T12:48:54Z	[PASS] sid=3a114d67-57d0-4e4a-b4d4-ca8fa2a66a13 sha=7ffb70cf52e7cfff ev=Stop mode=clean
2026-04-26T12:49:12Z	[BLOCK] sid=3a114d67-57d0-4e4a-b4d4-ca8fa2a66a13 sha=65299709b7b8f58b mode=clean critical=[] internal=[§2.25.12 外部 CLI/API 言及 + 引用元 or 「未確認」欠落; ]
2026-04-26T12:49:12Z	[CLEAN-PASS] sid=3a114d67-57d0-4e4a-b4d4-ca8fa2a66a13 sha=65299709b7b8f58b INTERNAL のみ、PO 表示なし
2026-04-26T12:49:49Z	[PASS] sid=3a114d67-57d0-4e4a-b4d4-ca8fa2a66a13 sha=66d8c5bbec01338e ev=Stop mode=clean
2026-04-26T12:51:58Z	[BLOCK] sid=3a114d67-57d0-4e4a-b4d4-ca8fa2a66a13 sha=fa621e48a24a9f01 mode=clean critical=[§2.25.9 PO 作業発生提案検出 + §2.25.3 メタタグ欠落; ] internal=[]
2026-04-26T12:52:12Z	[PASS] sid=3a114d67-57d0-4e4a-b4d4-ca8fa2a66a13 sha=2076bc4843394a1a ev=Stop mode=clean
2026-04-26T12:53:04Z	[WARN] sid=3a114d67-57d0-4e4a-b4d4-ca8fa2a66a13 sha=62ae30d1c65fdfcb warnings: §2.25.13 完了報告 17 行（>8）+ PO 明示要求なし; 
2026-04-26T12:53:04Z	[PASS] sid=3a114d67-57d0-4e4a-b4d4-ca8fa2a66a13 sha=62ae30d1c65fdfcb ev=Stop mode=clean
2026-04-26T13:01:45Z	[WARN] sid=3a114d67-57d0-4e4a-b4d4-ca8fa2a66a13 sha=46dcacbb00a90a93 warnings: §2.25.13 完了報告 25 行（>8）+ PO 明示要求なし; 
2026-04-26T13:01:45Z	[PASS] sid=3a114d67-57d0-4e4a-b4d4-ca8fa2a66a13 sha=46dcacbb00a90a93 ev=Stop mode=clean
2026-04-26T13:37:41Z	[BLOCK] sid=3a114d67-57d0-4e4a-b4d4-ca8fa2a66a13 sha=c57ce3ca42d3ae06 mode=clean critical=[§2.25.9 PO 作業発生提案検出 + §2.25.3 メタタグ欠落; ] internal=[§2.25.14 応答末尾 [Review: N rounds, M personas] 付記欠落; ]
2026-04-26T13:37:46Z	[PASS] sid=3a114d67-57d0-4e4a-b4d4-ca8fa2a66a13 sha=a366b93d47913064 ev=Stop mode=clean
2026-04-26T13:38:38Z	[BLOCK] sid=3a114d67-57d0-4e4a-b4d4-ca8fa2a66a13 sha=1fec2e041d3ec281 mode=clean critical=[§2.25.21.5 PO 報告前 自問項目欠落 3/5 (項目2(できない), 項目4(全画面DB反映), 項目5(PO視点), PATCH-ADV-REPORT-RELIABILITY); ] internal=[§2.25.12 外部 CLI/API 言及 + 引用元 or 「未確認」欠落; ]
2026-04-26T13:38:57Z	[WARN] sid=3a114d67-57d0-4e4a-b4d4-ca8fa2a66a13 sha=fd8d15ba0aaf59ad warnings: §2.25.13 完了報告 12 行（>8）+ PO 明示要求なし; 
2026-04-26T13:38:57Z	[PASS] sid=3a114d67-57d0-4e4a-b4d4-ca8fa2a66a13 sha=fd8d15ba0aaf59ad ev=Stop mode=clean
2026-04-26T13:43:05Z	[PASS] sid=3a114d67-57d0-4e4a-b4d4-ca8fa2a66a13 sha=fd50e52de2d16d8c ev=Stop mode=clean
2026-04-26T13:43:56Z	[SKIP] §2.25.11 self-ref-loop skip sid=3a114d67-57d0-4e4a-b4d4-ca8fa2a66a13 sha=3c5acd00fc0f7093
2026-04-26T13:43:56Z	[WARN] sid=3a114d67-57d0-4e4a-b4d4-ca8fa2a66a13 sha=3c5acd00fc0f7093 warnings: §2.25.13 完了報告 26 行（>8）+ PO 明示要求なし; 
2026-04-26T13:43:56Z	[PASS] sid=3a114d67-57d0-4e4a-b4d4-ca8fa2a66a13 sha=3c5acd00fc0f7093 ev=Stop mode=clean
2026-04-26T13:47:47Z	[SKIP] §2.25.11 self-ref-loop skip sid=3a114d67-57d0-4e4a-b4d4-ca8fa2a66a13 sha=510115beb3027d20
2026-04-26T13:47:47Z	[BLOCK] sid=3a114d67-57d0-4e4a-b4d4-ca8fa2a66a13 sha=510115beb3027d20 mode=clean critical=[] internal=[§2.25.14 応答末尾 [Review: N rounds, M personas] 付記欠落; ]
2026-04-26T13:47:47Z	[CLEAN-PASS] sid=3a114d67-57d0-4e4a-b4d4-ca8fa2a66a13 sha=510115beb3027d20 INTERNAL のみ、PO 表示なし
2026-04-26T13:47:52Z	[DEDUP] sid=3a114d67-57d0-4e4a-b4d4-ca8fa2a66a13 sha=a366b93d47913064 多重発火検出、skip
2026-04-26T13:50:52Z	[FAIL] hook input JSON parse 失敗: PARSE_ERROR	Unterminated string starting at: line 1 column 148 (char 147)
2026-04-26T13:51:13Z	[BLOCK] sid=test-G-V2-1-BLOCK-no-backing sha=dc2f76f113b772eb mode=clean critical=[§2.25.21.6 subagent 報告転記時の実態裏付け検証なし: 検出パターン [PASS=N FAIL=N, 修正数 N 件, 新設 N ファイル, realmachine/真 E2E PASS, ]、ログ参照 + 実機検証言及いずれも不在 (PATCH-ADV-REPORT-RELIABILITY-V2); §2.25.21.6 真 E2E PASS 主張 + realmachine_smoke_results.log 参照欠落 (PATCH-ADV-REPORT-RELIABILITY-V2); ] internal=[]
2026-04-26T13:51:13Z	[PASS] sid=test-G-V2-2-PASS-with-backing sha=c60880e3d2d7097c ev=Stop mode=clean
2026-04-26T13:51:13Z	[PASS] sid=test-G-V2-3-skip-spec-only sha=5252702c7c4f5529 ev=Stop mode=clean
2026-04-26T13:51:13Z	[BLOCK] sid=test-G-V2-4-realmachine-strict-block sha=34db40504b0d21ac mode=clean critical=[§2.25.21.6 真 E2E PASS 主張 + realmachine_smoke_results.log 参照欠落 (PATCH-ADV-REPORT-RELIABILITY-V2); ] internal=[]
2026-04-26T13:51:13Z	[PASS] sid=test-G-V2-5-no-trigger-pattern sha=042a7b7ae8c0a7a2 ev=Stop mode=clean
2026-04-26T13:52:31Z	[WARN] sid=3a114d67-57d0-4e4a-b4d4-ca8fa2a66a13 sha=c8aee4eb825bc3cf warnings: §2.25.13 完了報告 23 行（>8）+ PO 明示要求なし; 
2026-04-26T13:52:31Z	[PASS] sid=3a114d67-57d0-4e4a-b4d4-ca8fa2a66a13 sha=c8aee4eb825bc3cf ev=Stop mode=clean
2026-04-26T13:53:43Z	[BLOCK] sid=3a114d67-57d0-4e4a-b4d4-ca8fa2a66a13 sha=f0fdce6daac4ed25 mode=clean critical=[] internal=[§2.25.12 外部 CLI/API 言及 + 引用元 or 「未確認」欠落; ]
2026-04-26T13:53:43Z	[CLEAN-PASS] sid=3a114d67-57d0-4e4a-b4d4-ca8fa2a66a13 sha=f0fdce6daac4ed25 INTERNAL のみ、PO 表示なし
2026-04-26T13:54:26Z	[BLOCK] [TEST] --test-fail-closed BLOCK 出力テスト
2026-04-26T13:54:26Z	[DEDUP] sid=test-G-V2-1-BLOCK-no-backing sha=dc2f76f113b772eb 多重発火検出、skip
2026-04-26T13:54:26Z	[DEDUP] sid=test-G-V2-2-PASS-with-backing sha=c60880e3d2d7097c 多重発火検出、skip
2026-04-26T13:54:26Z	[DEDUP] sid=test-G-V2-3-skip-spec-only sha=5252702c7c4f5529 多重発火検出、skip
2026-04-26T13:54:26Z	[DEDUP] sid=test-G-V2-4-realmachine-strict-block sha=34db40504b0d21ac 多重発火検出、skip
2026-04-26T13:54:26Z	[DEDUP] sid=test-G-V2-5-no-trigger-pattern sha=042a7b7ae8c0a7a2 多重発火検出、skip
2026-04-26T13:54:30Z	[BLOCK] sid=test-G-V2-1-BLOCK-no-backing sha=dc2f76f113b772eb mode=clean critical=[§2.25.21.6 subagent 報告転記時の実態裏付け検証なし: 検出パターン [PASS=N FAIL=N, 修正数 N 件, 新設 N ファイル, realmachine/真 E2E PASS, ]、ログ参照 + 実機検証言及いずれも不在 (PATCH-ADV-REPORT-RELIABILITY-V2); §2.25.21.6 真 E2E PASS 主張 + realmachine_smoke_results.log 参照欠落 (PATCH-ADV-REPORT-RELIABILITY-V2); ] internal=[]
2026-04-26T13:54:30Z	[PASS] sid=test-G-V2-2-PASS-with-backing sha=c60880e3d2d7097c ev=Stop mode=clean
2026-04-26T13:54:31Z	[PASS] sid=test-G-V2-3-skip-spec-only sha=5252702c7c4f5529 ev=Stop mode=clean
2026-04-26T13:54:31Z	[BLOCK] sid=test-G-V2-4-realmachine-strict-block sha=34db40504b0d21ac mode=clean critical=[§2.25.21.6 真 E2E PASS 主張 + realmachine_smoke_results.log 参照欠落 (PATCH-ADV-REPORT-RELIABILITY-V2); ] internal=[]
2026-04-26T13:54:31Z	[PASS] sid=test-G-V2-5-no-trigger-pattern sha=042a7b7ae8c0a7a2 ev=Stop mode=clean
2026-04-26T13:55:53Z	[BLOCK] sid=3a114d67-57d0-4e4a-b4d4-ca8fa2a66a13 sha=874a2fe2be59b626 mode=clean critical=[] internal=[§2.25.14 応答末尾 [Review: N rounds, M personas] 付記欠落; ]
2026-04-26T13:55:53Z	[CLEAN-PASS] sid=3a114d67-57d0-4e4a-b4d4-ca8fa2a66a13 sha=874a2fe2be59b626 INTERNAL のみ、PO 表示なし
2026-04-26T13:56:02Z	[BLOCK] sid=3a114d67-57d0-4e4a-b4d4-ca8fa2a66a13 sha=a48068203a6d9faa mode=clean critical=[§2.25.21.5 PO 報告前 自問項目欠落 5/5 (項目1(実機できる), 項目2(できない), 項目3(実データ保存), 項目4(全画面DB反映), 項目5(PO視点), PATCH-ADV-REPORT-RELIABILITY); §2.25.21.6 subagent 報告転記時のログ参照欠落: 検出パターン [修正数 N 件, N 件全て PASS, ]、logs/.*\.log 参照を応答内に明示必須 (PATCH-ADV-REPORT-RELIABILITY-V2); ] internal=[]
2026-04-26T14:14:06Z	[BLOCK] sid=3a114d67-57d0-4e4a-b4d4-ca8fa2a66a13 sha=1f54c54d87c07ece mode=clean critical=[] internal=[§2.25.14 応答末尾 [Review: N rounds, M personas] 付記欠落; ]
2026-04-26T14:14:06Z	[CLEAN-PASS] sid=3a114d67-57d0-4e4a-b4d4-ca8fa2a66a13 sha=1f54c54d87c07ece INTERNAL のみ、PO 表示なし
2026-04-26T14:14:30Z	[DEDUP] sid=3a114d67-57d0-4e4a-b4d4-ca8fa2a66a13 sha=a366b93d47913064 多重発火検出、skip
2026-04-26T14:15:46Z	[BLOCK] sid=3a114d67-57d0-4e4a-b4d4-ca8fa2a66a13 sha=f10419c7d9e37411 mode=clean critical=[§2.25.21.6 subagent 報告転記時の実機検証言及欠落: 検出パターン [修正数 N 件, N 件全て PASS, ]、grep/find/git status/wc/実機検証 言及を応答内に明示必須 (PATCH-ADV-REPORT-RELIABILITY-V2); ] internal=[]
2026-04-26T14:16:21Z	[WARN] sid=3a114d67-57d0-4e4a-b4d4-ca8fa2a66a13 sha=42958fd82cc10bca warnings: §2.25.6 暗号略称検出 [warn-mode] PATCH-XXX, ; §2.25.13 完了報告 9 行（>8）+ PO 明示要求なし; 
2026-04-26T14:16:21Z	[PASS] sid=3a114d67-57d0-4e4a-b4d4-ca8fa2a66a13 sha=42958fd82cc10bca ev=Stop mode=clean
2026-04-26T14:23:21Z	[BLOCK] sid=3a114d67-57d0-4e4a-b4d4-ca8fa2a66a13 sha=640d0fa994112ddb mode=clean critical=[§2.25.21.6 真 E2E PASS 主張 + realmachine_smoke_results.log 参照欠落 (PATCH-ADV-REPORT-RELIABILITY-V2); §2.25.9 PO 作業発生提案検出 + §2.25.3 メタタグ欠落; ] internal=[§2.25.14 応答末尾 [Review: N rounds, M personas] 付記欠落; ]
2026-04-26T14:23:25Z	[DEDUP] sid=3a114d67-57d0-4e4a-b4d4-ca8fa2a66a13 sha=a366b93d47913064 多重発火検出、skip
2026-04-26T14:31:18Z	[WARN] sid=3a114d67-57d0-4e4a-b4d4-ca8fa2a66a13 sha=799072b286215fc0 warnings: §2.25.13 完了報告 24 行（>8）+ PO 明示要求なし; 
2026-04-26T14:31:18Z	[PASS] sid=3a114d67-57d0-4e4a-b4d4-ca8fa2a66a13 sha=799072b286215fc0 ev=Stop mode=clean
2026-04-26T14:32:49Z	[BLOCK] sid=3a114d67-57d0-4e4a-b4d4-ca8fa2a66a13 sha=7ca577a7228d4b14 mode=clean critical=[§2.25.21.6 subagent 報告転記時のログ参照欠落: 検出パターン [realmachine/真 E2E PASS, ]、logs/.*\.log 参照を応答内に明示必須 (PATCH-ADV-REPORT-RELIABILITY-V2); §2.25.21.6 真 E2E PASS 主張 + realmachine_smoke_results.log 参照欠落 (PATCH-ADV-REPORT-RELIABILITY-V2); ] internal=[]
2026-04-26T14:50:58Z	[BLOCK] sid=3a114d67-57d0-4e4a-b4d4-ca8fa2a66a13 sha=092d195144531ac3 mode=clean critical=[§2.25.9 PO 作業発生提案検出 + §2.25.3 メタタグ欠落; ] internal=[]
2026-04-26T14:51:11Z	[SKIP] §2.25.11 self-ref-loop skip sid=3a114d67-57d0-4e4a-b4d4-ca8fa2a66a13 sha=fd9043fcdf19967f
2026-04-26T14:51:11Z	[BLOCK] sid=3a114d67-57d0-4e4a-b4d4-ca8fa2a66a13 sha=fd9043fcdf19967f mode=clean critical=[§2.25.9 PO 作業発生提案検出 + §2.25.3 メタタグ欠落; ] internal=[]
2026-04-26T14:51:41Z	[SKIP] §2.25.11 self-ref-loop skip sid=3a114d67-57d0-4e4a-b4d4-ca8fa2a66a13 sha=303ab557c0873b91
2026-04-26T14:51:41Z	[BLOCK] sid=3a114d67-57d0-4e4a-b4d4-ca8fa2a66a13 sha=303ab557c0873b91 mode=clean critical=[§2.25.9 PO 作業発生提案検出 + §2.25.3 メタタグ欠落; ] internal=[§2.25.14 応答末尾 [Review: N rounds, M personas] 付記欠落; ]
2026-04-26T14:51:45Z	[BLOCK] sid=3a114d67-57d0-4e4a-b4d4-ca8fa2a66a13 sha=76f544a490fe1c09 mode=clean critical=[§2.25.9 PO 作業発生提案検出 + §2.25.3 メタタグ欠落; ] internal=[]
2026-04-26T14:51:49Z	[DEDUP] sid=3a114d67-57d0-4e4a-b4d4-ca8fa2a66a13 sha=a366b93d47913064 多重発火検出、skip
2026-04-26T14:53:04Z	[SKIP] §2.25.11 self-ref-loop skip sid=3a114d67-57d0-4e4a-b4d4-ca8fa2a66a13 sha=f27671fab279a6d1
2026-04-26T14:53:04Z	[BLOCK] sid=3a114d67-57d0-4e4a-b4d4-ca8fa2a66a13 sha=f27671fab279a6d1 mode=clean critical=[§2.25.9 PO 作業発生提案検出 + §2.25.3 メタタグ欠落; ] internal=[§2.25.14 応答末尾 [Review: N rounds, M personas] 付記欠落; ]
2026-04-26T14:53:22Z	[DEDUP] sid=3a114d67-57d0-4e4a-b4d4-ca8fa2a66a13 sha=a366b93d47913064 多重発火検出、skip
2026-04-26T14:54:35Z	[BLOCK] sid=3a114d67-57d0-4e4a-b4d4-ca8fa2a66a13 sha=fc66491ae8e7d2f6 mode=clean critical=[] internal=[§2.25.12 外部 CLI/API 言及 + 引用元 or 「未確認」欠落; §2.25.14 応答末尾 [Review: N rounds, M personas] 付記欠落; ]
2026-04-26T14:54:35Z	[CLEAN-PASS] sid=3a114d67-57d0-4e4a-b4d4-ca8fa2a66a13 sha=fc66491ae8e7d2f6 INTERNAL のみ、PO 表示なし
2026-04-26T14:54:41Z	[DEDUP] sid=3a114d67-57d0-4e4a-b4d4-ca8fa2a66a13 sha=a366b93d47913064 多重発火検出、skip
2026-04-26T14:54:55Z	[BLOCK] sid=3a114d67-57d0-4e4a-b4d4-ca8fa2a66a13 sha=f9bd134ebb18c4b1 mode=clean critical=[] internal=[§2.25.11 直前 3T 立場矛盾 + 撤回宣言欠落; §2.25.12 外部 CLI/API 言及 + 引用元 or 「未確認」欠落; ]
2026-04-26T14:54:55Z	[CLEAN-PASS] sid=3a114d67-57d0-4e4a-b4d4-ca8fa2a66a13 sha=f9bd134ebb18c4b1 INTERNAL のみ、PO 表示なし
2026-04-26T14:54:55Z	[BLOCK] sid=28e362f9-3e2d-4bd3-bc80-641ac2a270af sha=4c570cacd150c57f mode=clean critical=[§2.25.21.6 subagent 報告転記時の実態裏付け検証なし: 検出パターン [realmachine/真 E2E PASS, ]、ログ参照 + 実機検証言及いずれも不在 (PATCH-ADV-REPORT-RELIABILITY-V2); §2.25.21.6 真 E2E PASS 主張 + realmachine_smoke_results.log 参照欠落 (PATCH-ADV-REPORT-RELIABILITY-V2); ] internal=[§2.25.12 外部 CLI/API 言及 + 引用元 or 「未確認」欠落; §2.25.14 応答末尾 [Review: N rounds, M personas] 付記欠落; ]
2026-04-26T14:54:58Z	[BLOCK] sid=143720f6-4fe4-456b-acba-862d98e29277 sha=84079f6a22ea9942 mode=clean critical=[§2.25.21.6 subagent 報告転記時の実態裏付け検証なし: 検出パターン [realmachine/真 E2E PASS, ]、ログ参照 + 実機検証言及いずれも不在 (PATCH-ADV-REPORT-RELIABILITY-V2); §2.25.21.6 真 E2E PASS 主張 + realmachine_smoke_results.log 参照欠落 (PATCH-ADV-REPORT-RELIABILITY-V2); ] internal=[§2.25.12 外部 CLI/API 言及 + 引用元 or 「未確認」欠落; §2.25.14 応答末尾 [Review: N rounds, M personas] 付記欠落; ]
2026-04-26T14:54:59Z	[BLOCK] sid=7939efeb-7da2-4599-8242-748f2c00e287 sha=af552ffa13d396f5 mode=clean critical=[§2.25.21.6 subagent 報告転記時の実態裏付け検証なし: 検出パターン [realmachine/真 E2E PASS, ]、ログ参照 + 実機検証言及いずれも不在 (PATCH-ADV-REPORT-RELIABILITY-V2); §2.25.21.6 真 E2E PASS 主張 + realmachine_smoke_results.log 参照欠落 (PATCH-ADV-REPORT-RELIABILITY-V2); ] internal=[§2.25.12 外部 CLI/API 言及 + 引用元 or 「未確認」欠落; §2.25.14 応答末尾 [Review: N rounds, M personas] 付記欠落; ]
2026-04-26T14:55:03Z	[BLOCK] sid=c31cb73d-10af-4acc-9445-7bf04f91f883 sha=e88ef15e237ce77c mode=clean critical=[§2.25.21.6 subagent 報告転記時の実態裏付け検証なし: 検出パターン [realmachine/真 E2E PASS, ]、ログ参照 + 実機検証言及いずれも不在 (PATCH-ADV-REPORT-RELIABILITY-V2); §2.25.21.6 真 E2E PASS 主張 + realmachine_smoke_results.log 参照欠落 (PATCH-ADV-REPORT-RELIABILITY-V2); ] internal=[§2.25.12 外部 CLI/API 言及 + 引用元 or 「未確認」欠落; §2.25.14 応答末尾 [Review: N rounds, M personas] 付記欠落; ]
2026-04-26T14:55:06Z	[BLOCK] sid=a3fdadd1-9756-4307-8c8b-f01bf248974a sha=cfcde0c859aefd1f mode=clean critical=[§2.25.21.6 subagent 報告転記時のログ参照欠落: 検出パターン [realmachine/真 E2E PASS, ]、logs/.*\.log 参照を応答内に明示必須 (PATCH-ADV-REPORT-RELIABILITY-V2); §2.25.21.6 真 E2E PASS 主張 + realmachine_smoke_results.log 参照欠落 (PATCH-ADV-REPORT-RELIABILITY-V2); ] internal=[§2.25.12 外部 CLI/API 言及 + 引用元 or 「未確認」欠落; §2.25.14 応答末尾 [Review: N rounds, M personas] 付記欠落; ]
2026-04-26T14:55:10Z	[BLOCK] sid=ee3f9e60-5085-4529-8548-6c3678085d2e sha=8827fbfd2956d418 mode=clean critical=[§2.25.21.6 subagent 報告転記時のログ参照欠落: 検出パターン [realmachine/真 E2E PASS, ]、logs/.*\.log 参照を応答内に明示必須 (PATCH-ADV-REPORT-RELIABILITY-V2); ] internal=[§2.25.12 外部 CLI/API 言及 + 引用元 or 「未確認」欠落; §2.25.14 応答末尾 [Review: N rounds, M personas] 付記欠落; ]
2026-04-26T14:55:12Z	[BLOCK] sid=4e2d783b-71b8-4a33-8957-325661dc4bee sha=24b52f01721fbb9e mode=clean critical=[§2.25.21.6 subagent 報告転記時の実態裏付け検証なし: 検出パターン [realmachine/真 E2E PASS, ]、ログ参照 + 実機検証言及いずれも不在 (PATCH-ADV-REPORT-RELIABILITY-V2); §2.25.21.6 真 E2E PASS 主張 + realmachine_smoke_results.log 参照欠落 (PATCH-ADV-REPORT-RELIABILITY-V2); ] internal=[§2.25.12 外部 CLI/API 言及 + 引用元 or 「未確認」欠落; §2.25.14 応答末尾 [Review: N rounds, M personas] 付記欠落; ]
2026-04-26T14:55:13Z	[BLOCK] sid=84aca630-9eac-4caa-8de8-c81c90a9c3a2 sha=4e598eb21401079d mode=clean critical=[§2.25.21.6 subagent 報告転記時の実態裏付け検証なし: 検出パターン [realmachine/真 E2E PASS, ]、ログ参照 + 実機検証言及いずれも不在 (PATCH-ADV-REPORT-RELIABILITY-V2); §2.25.21.6 真 E2E PASS 主張 + realmachine_smoke_results.log 参照欠落 (PATCH-ADV-REPORT-RELIABILITY-V2); ] internal=[§2.25.12 外部 CLI/API 言及 + 引用元 or 「未確認」欠落; §2.25.14 応答末尾 [Review: N rounds, M personas] 付記欠落; ]
2026-04-26T14:55:14Z	[BLOCK] sid=3be391fe-583e-44cd-be4e-85b169b67ccf sha=0dec1b89a00fa863 mode=clean critical=[§2.25.21.6 subagent 報告転記時の実態裏付け検証なし: 検出パターン [realmachine/真 E2E PASS, ]、ログ参照 + 実機検証言及いずれも不在 (PATCH-ADV-REPORT-RELIABILITY-V2); §2.25.21.6 真 E2E PASS 主張 + realmachine_smoke_results.log 参照欠落 (PATCH-ADV-REPORT-RELIABILITY-V2); ] internal=[§2.25.12 外部 CLI/API 言及 + 引用元 or 「未確認」欠落; §2.25.14 応答末尾 [Review: N rounds, M personas] 付記欠落; ]
2026-04-26T14:55:14Z	[BLOCK] sid=2dfffb4a-46db-4a65-a5f8-ad17e41c085c sha=449a2558dc19038f mode=clean critical=[§2.25.21.6 subagent 報告転記時の実態裏付け検証なし: 検出パターン [realmachine/真 E2E PASS, ]、ログ参照 + 実機検証言及いずれも不在 (PATCH-ADV-REPORT-RELIABILITY-V2); §2.25.21.6 真 E2E PASS 主張 + realmachine_smoke_results.log 参照欠落 (PATCH-ADV-REPORT-RELIABILITY-V2); §2.25.9 PO 作業発生提案検出 + §2.25.3 メタタグ欠落; ] internal=[§2.25.11 直前 3T 立場矛盾 + 撤回宣言欠落; §2.25.12 外部 CLI/API 言及 + 引用元 or 「未確認」欠落; §2.25.14 応答末尾 [Review: N rounds, M personas] 付記欠落; ]
2026-04-26T14:55:36Z	[BLOCK] sid=28e362f9-3e2d-4bd3-bc80-641ac2a270af sha=30988fabb5cefe7c mode=clean critical=[§2.25.21.6 subagent 報告転記時の実機検証言及欠落: 検出パターン [realmachine/真 E2E PASS, ]、grep/find/git status/wc/実機検証 言及を応答内に明示必須 (PATCH-ADV-REPORT-RELIABILITY-V2); ] internal=[§2.25.14 応答末尾 [Review: N rounds, M personas] 付記欠落; ]
2026-04-26T14:55:45Z	[BLOCK] sid=7939efeb-7da2-4599-8242-748f2c00e287 sha=cd7eda46a32d1059 mode=clean critical=[] internal=[§2.25.14 応答末尾 [Review: N rounds, M personas] 付記欠落; ]
2026-04-26T14:55:45Z	[CLEAN-PASS] sid=7939efeb-7da2-4599-8242-748f2c00e287 sha=cd7eda46a32d1059 INTERNAL のみ、PO 表示なし
2026-04-26T14:55:51Z	[BLOCK] sid=28e362f9-3e2d-4bd3-bc80-641ac2a270af sha=6287916c5cb5cb0d mode=clean critical=[] internal=[§2.25.14 応答末尾 [Review: N rounds, M personas] 付記欠落; ]
2026-04-26T14:55:51Z	[CLEAN-PASS] sid=28e362f9-3e2d-4bd3-bc80-641ac2a270af sha=6287916c5cb5cb0d INTERNAL のみ、PO 表示なし
2026-04-26T14:55:53Z	[BLOCK] sid=143720f6-4fe4-456b-acba-862d98e29277 sha=69258a5730c281f7 mode=clean critical=[] internal=[§2.25.14 応答末尾 [Review: N rounds, M personas] 付記欠落; ]
2026-04-26T14:55:53Z	[CLEAN-PASS] sid=143720f6-4fe4-456b-acba-862d98e29277 sha=69258a5730c281f7 INTERNAL のみ、PO 表示なし
2026-04-26T14:56:50Z	[BLOCK] sid=93973c60-6730-4d68-a90f-aefca3155a50 sha=a68a4afb8f67cad8 mode=clean critical=[§2.25.21.6 subagent 報告転記時の実態裏付け検証なし: 検出パターン [realmachine/真 E2E PASS, ]、ログ参照 + 実機検証言及いずれも不在 (PATCH-ADV-REPORT-RELIABILITY-V2); §2.25.21.6 真 E2E PASS 主張 + realmachine_smoke_results.log 参照欠落 (PATCH-ADV-REPORT-RELIABILITY-V2); ] internal=[§2.25.14 応答末尾 [Review: N rounds, M personas] 付記欠落; ]
2026-04-26T14:56:55Z	[BLOCK] sid=0ae89804-679b-4721-b973-e4fb6242a923 sha=371fe02afe4104f2 mode=clean critical=[] internal=[§2.25.12 外部 CLI/API 言及 + 引用元 or 「未確認」欠落; §2.25.14 応答末尾 [Review: N rounds, M personas] 付記欠落; ]
2026-04-26T14:56:55Z	[CLEAN-PASS] sid=0ae89804-679b-4721-b973-e4fb6242a923 sha=371fe02afe4104f2 INTERNAL のみ、PO 表示なし
2026-04-26T14:56:55Z	[BLOCK] sid=d13e58ea-a599-4836-9cfb-8f9116d3fcaa sha=81547edbc392ee28 mode=clean critical=[] internal=[§2.25.12 外部 CLI/API 言及 + 引用元 or 「未確認」欠落; §2.25.14 応答末尾 [Review: N rounds, M personas] 付記欠落; ]
2026-04-26T14:56:55Z	[CLEAN-PASS] sid=d13e58ea-a599-4836-9cfb-8f9116d3fcaa sha=81547edbc392ee28 INTERNAL のみ、PO 表示なし
2026-04-26T14:56:55Z	[BLOCK] sid=6f725cd8-2432-4e7d-9869-86188e3ca2a6 sha=25f43783ef509d6f mode=clean critical=[] internal=[§2.25.12 外部 CLI/API 言及 + 引用元 or 「未確認」欠落; §2.25.14 応答末尾 [Review: N rounds, M personas] 付記欠落; ]
2026-04-26T14:56:55Z	[CLEAN-PASS] sid=6f725cd8-2432-4e7d-9869-86188e3ca2a6 sha=25f43783ef509d6f INTERNAL のみ、PO 表示なし
2026-04-26T14:57:35Z	[BLOCK] sid=7af76141-3cbc-467a-a53d-bf5c112195d4 sha=7140c64a4ed0b544 mode=clean critical=[§2.25.21.6 subagent 報告転記時のログ参照欠落: 検出パターン [realmachine/真 E2E PASS, ]、logs/.*\.log 参照を応答内に明示必須 (PATCH-ADV-REPORT-RELIABILITY-V2); §2.25.21.6 真 E2E PASS 主張 + realmachine_smoke_results.log 参照欠落 (PATCH-ADV-REPORT-RELIABILITY-V2); ] internal=[§2.25.12 外部 CLI/API 言及 + 引用元 or 「未確認」欠落; §2.25.14 応答末尾 [Review: N rounds, M personas] 付記欠落; ]
2026-04-26T14:57:53Z	[BLOCK] sid=93973c60-6730-4d68-a90f-aefca3155a50 sha=4700a696f52c5a6e mode=clean critical=[§2.25.21.6 subagent 報告転記時の実機検証言及欠落: 検出パターン [realmachine/真 E2E PASS, ]、grep/find/git status/wc/実機検証 言及を応答内に明示必須 (PATCH-ADV-REPORT-RELIABILITY-V2); ] internal=[§2.25.11 直前 3T 立場矛盾 + 撤回宣言欠落; §2.25.14 応答末尾 [Review: N rounds, M personas] 付記欠落; ]
2026-04-26T14:59:33Z	[BLOCK] sid=b8973dbd-08a7-4a47-a815-70ba65ae12a8 sha=0a923f878edd9140 mode=clean critical=[] internal=[§2.25.12 外部 CLI/API 言及 + 引用元 or 「未確認」欠落; §2.25.14 応答末尾 [Review: N rounds, M personas] 付記欠落; ]
2026-04-26T14:59:33Z	[CLEAN-PASS] sid=b8973dbd-08a7-4a47-a815-70ba65ae12a8 sha=0a923f878edd9140 INTERNAL のみ、PO 表示なし
2026-04-26T15:00:13Z	[BLOCK] sid=3a114d67-57d0-4e4a-b4d4-ca8fa2a66a13 sha=8f49715d83e60d28 mode=clean critical=[§2.25.9 PO 作業発生提案検出 + §2.25.3 メタタグ欠落; ] internal=[§2.25.11 直前 3T 立場矛盾 + 撤回宣言欠落; §2.25.14 応答末尾 [Review: N rounds, M personas] 付記欠落; ]
2026-04-26T15:00:24Z	[BLOCK] sid=3a114d67-57d0-4e4a-b4d4-ca8fa2a66a13 sha=73787c57a781fbb2 mode=clean critical=[§2.25.9 PO 作業発生提案検出 + §2.25.3 メタタグ欠落; ] internal=[]
2026-04-26T15:00:28Z	[DEDUP] sid=3a114d67-57d0-4e4a-b4d4-ca8fa2a66a13 sha=a366b93d47913064 多重発火検出、skip
2026-04-26T15:00:39Z	[BLOCK] sid=bdad5790-2929-4843-abe7-ddfbaa2b0daf sha=05cd17527f77541d mode=clean critical=[] internal=[§2.25.14 応答末尾 [Review: N rounds, M personas] 付記欠落; ]
2026-04-26T15:00:39Z	[CLEAN-PASS] sid=bdad5790-2929-4843-abe7-ddfbaa2b0daf sha=05cd17527f77541d INTERNAL のみ、PO 表示なし
2026-04-26T15:00:40Z	[BLOCK] sid=235ef43b-475d-464d-86d6-87d258cf7abc sha=5f04656da585ab76 mode=clean critical=[§2.25.21.6 subagent 報告転記時の実態裏付け検証なし: 検出パターン [realmachine/真 E2E PASS, ]、ログ参照 + 実機検証言及いずれも不在 (PATCH-ADV-REPORT-RELIABILITY-V2); ] internal=[§2.25.12 外部 CLI/API 言及 + 引用元 or 「未確認」欠落; §2.25.14 応答末尾 [Review: N rounds, M personas] 付記欠落; ]
2026-04-26T15:00:50Z	[BLOCK] sid=02017874-affe-4874-915a-dfb95ebfc249 sha=f3a697d510807a08 mode=clean critical=[] internal=[§2.25.12 外部 CLI/API 言及 + 引用元 or 「未確認」欠落; §2.25.14 応答末尾 [Review: N rounds, M personas] 付記欠落; ]
2026-04-26T15:00:50Z	[CLEAN-PASS] sid=02017874-affe-4874-915a-dfb95ebfc249 sha=f3a697d510807a08 INTERNAL のみ、PO 表示なし
2026-04-26T15:03:13Z	[BLOCK] sid=bcc6d641-4224-4598-9607-7b06693bd207 sha=44ec9cae598e10ea mode=clean critical=[§2.25.21.6 subagent 報告転記時の実態裏付け検証なし: 検出パターン [realmachine/真 E2E PASS, ]、ログ参照 + 実機検証言及いずれも不在 (PATCH-ADV-REPORT-RELIABILITY-V2); ] internal=[§2.25.14 応答末尾 [Review: N rounds, M personas] 付記欠落; ]
2026-04-26T15:04:02Z	[WARN] sid=3a114d67-57d0-4e4a-b4d4-ca8fa2a66a13 sha=78dd544fc733b731 warnings: §2.25.13 完了報告 28 行（>8）+ PO 明示要求なし; 
2026-04-26T15:04:02Z	[PASS] sid=3a114d67-57d0-4e4a-b4d4-ca8fa2a66a13 sha=78dd544fc733b731 ev=Stop mode=clean
2026-04-26T15:07:09Z	[BLOCK] sid=9667bff5-510b-4d8e-b6ce-8e65a7c00d66 sha=11d57b93b4cc3bf3 mode=clean critical=[] internal=[§2.25.14 応答末尾 [Review: N rounds, M personas] 付記欠落; ]
2026-04-26T15:07:09Z	[CLEAN-PASS] sid=9667bff5-510b-4d8e-b6ce-8e65a7c00d66 sha=11d57b93b4cc3bf3 INTERNAL のみ、PO 表示なし
2026-04-26T15:09:45Z	[WARN] sid=3a114d67-57d0-4e4a-b4d4-ca8fa2a66a13 sha=90171eeb103882c2 warnings: §2.25.13 完了報告 11 行（>8）+ PO 明示要求なし; 
2026-04-26T15:09:45Z	[PASS] sid=3a114d67-57d0-4e4a-b4d4-ca8fa2a66a13 sha=90171eeb103882c2 ev=Stop mode=clean
2026-04-26T15:11:51Z	[BLOCK] sid=3a114d67-57d0-4e4a-b4d4-ca8fa2a66a13 sha=11564bbf1f0c5e56 mode=clean critical=[§2.25.21.4 Phase 完了宣言 + mock キーワード検出 (実装未完アラート、PATCH-ADV-REPORT-RELIABILITY): mock_data, ; §2.25.9 PO 作業発生提案検出 + §2.25.3 メタタグ欠落; ] internal=[§2.25.14 応答末尾 [Review: N rounds, M personas] 付記欠落; ]
2026-04-26T15:12:09Z	[DEDUP] sid=3a114d67-57d0-4e4a-b4d4-ca8fa2a66a13 sha=11564bbf1f0c5e56 多重発火検出、skip
2026-04-26T15:12:13Z	[DEDUP] sid=3a114d67-57d0-4e4a-b4d4-ca8fa2a66a13 sha=a366b93d47913064 多重発火検出、skip
2026-04-26T15:18:13Z	[BLOCK] sid=test-t1 sha=a06a0d766fb1c934 mode=strict critical=[§2.25.21.5 PO 報告前 自問項目欠落 4/5 (項目1(実機できる), 項目3(実データ保存), 項目4(全画面DB反映), 項目5(PO視点), PATCH-ADV-REPORT-RELIABILITY); §2.25.21.7 禁止語彙 [完走, 全 PASS, 全完走, ] 単独使用 + 必須数値フィールド 0/2 件未満 [] (PATCH-TODAY-FALSE-REPORTS-IMPROVEMENT); ] internal=[§2.25.14 応答末尾 [Review: N rounds, M personas] 付記欠落; ]
2026-04-26T15:18:40Z	[BLOCK] sid=test-t1-fr sha=a06a0d766fb1c934 mode=strict critical=[§2.25.21.5 PO 報告前 自問項目欠落 4/5 (項目1(実機できる), 項目3(実データ保存), 項目4(全画面DB反映), 項目5(PO視点), PATCH-ADV-REPORT-RELIABILITY); §2.25.21.7 禁止語彙 [完走, 全 PASS, 全完走, ] 単独使用 + 必須数値フィールド 0/2 件未満 [] (PATCH-TODAY-FALSE-REPORTS-IMPROVEMENT); ] internal=[§2.25.14 応答末尾 [Review: N rounds, M personas] 付記欠落; ]
2026-04-26T15:18:40Z	[BLOCK] sid=test-t2-fr sha=65b1779ae9c96181 mode=strict critical=[§2.25.21.6 subagent 報告転記時の実機検証言及欠落: 検出パターン [realmachine/真 E2E PASS, ]、grep/find/git status/wc/実機検証 言及を応答内に明示必須 (PATCH-ADV-REPORT-RELIABILITY-V2); ] internal=[§2.25.14 応答末尾 [Review: N rounds, M personas] 付記欠落; ]
2026-04-26T15:18:40Z	[BLOCK] sid=test-t3-fr sha=a07e8c270a31d051 mode=strict critical=[] internal=[§2.25.14 応答末尾 [Review: N rounds, M personas] 付記欠落; ]
2026-04-26T15:18:40Z	[BLOCK] sid=test-t4-fr sha=90950a838501a0f7 mode=strict critical=[§2.25.21.5 PO 報告前 自問項目欠落 5/5 (項目1(実機できる), 項目2(できない), 項目3(実データ保存), 項目4(全画面DB反映), 項目5(PO視点), PATCH-ADV-REPORT-RELIABILITY); ] internal=[§2.25.14 応答末尾 [Review: N rounds, M personas] 付記欠落; ]
2026-04-26T15:18:41Z	[BLOCK] sid=test-t5-fr sha=07284a700a114f16 mode=strict critical=[§2.25.21.5 PO 報告前 自問項目欠落 5/5 (項目1(実機できる), 項目2(できない), 項目3(実データ保存), 項目4(全画面DB反映), 項目5(PO視点), PATCH-ADV-REPORT-RELIABILITY); ] internal=[§2.25.14 応答末尾 [Review: N rounds, M personas] 付記欠落; ]
2026-04-26T15:22:04Z	[BLOCK] sid=test-session-1234 sha=9cdc159fa0a74db1 mode=clean critical=[] internal=[§2.25.14 応答末尾 [Review: N rounds, M personas] 付記欠落; ]
2026-04-26T15:22:04Z	[CLEAN-PASS] sid=test-session-1234 sha=9cdc159fa0a74db1 INTERNAL のみ、PO 表示なし
2026-04-26T15:23:17Z	[DEDUP] sid=test-t1-fr sha=a06a0d766fb1c934 多重発火検出、skip
2026-04-26T15:23:18Z	[DEDUP] sid=test-t2-fr sha=65b1779ae9c96181 多重発火検出、skip
2026-04-26T15:23:18Z	[DEDUP] sid=test-t3-fr sha=a07e8c270a31d051 多重発火検出、skip
2026-04-26T15:23:18Z	[DEDUP] sid=test-t4-fr sha=90950a838501a0f7 多重発火検出、skip
2026-04-26T15:23:18Z	[DEDUP] sid=test-t5-fr sha=07284a700a114f16 多重発火検出、skip
2026-04-26T15:23:26Z	[BLOCK] sid=test-t1-fr sha=a06a0d766fb1c934 mode=strict critical=[§2.25.21.5 PO 報告前 自問項目欠落 4/5 (項目1(実機できる), 項目3(実データ保存), 項目4(全画面DB反映), 項目5(PO視点), PATCH-ADV-REPORT-RELIABILITY); §2.25.21.7 禁止語彙 [完走, 全 PASS, 全完走, ] 単独使用 + 必須数値フィールド 0/2 件未満 [] (PATCH-TODAY-FALSE-REPORTS-IMPROVEMENT); ] internal=[§2.25.14 応答末尾 [Review: N rounds, M personas] 付記欠落; ]
2026-04-26T15:23:27Z	[BLOCK] sid=test-t2-fr sha=65b1779ae9c96181 mode=strict critical=[§2.25.21.6 subagent 報告転記時の実機検証言及欠落: 検出パターン [realmachine/真 E2E PASS, ]、grep/find/git status/wc/実機検証 言及を応答内に明示必須 (PATCH-ADV-REPORT-RELIABILITY-V2); ] internal=[§2.25.14 応答末尾 [Review: N rounds, M personas] 付記欠落; ]
2026-04-26T15:23:27Z	[BLOCK] sid=test-t3-fr sha=a07e8c270a31d051 mode=strict critical=[] internal=[§2.25.14 応答末尾 [Review: N rounds, M personas] 付記欠落; ]
2026-04-26T15:23:27Z	[BLOCK] sid=test-t4-fr sha=90950a838501a0f7 mode=strict critical=[§2.25.21.5 PO 報告前 自問項目欠落 5/5 (項目1(実機できる), 項目2(できない), 項目3(実データ保存), 項目4(全画面DB反映), 項目5(PO視点), PATCH-ADV-REPORT-RELIABILITY); ] internal=[§2.25.14 応答末尾 [Review: N rounds, M personas] 付記欠落; ]
2026-04-26T15:23:27Z	[BLOCK] sid=test-t5-fr sha=07284a700a114f16 mode=strict critical=[§2.25.21.5 PO 報告前 自問項目欠落 5/5 (項目1(実機できる), 項目2(できない), 項目3(実データ保存), 項目4(全画面DB反映), 項目5(PO視点), PATCH-ADV-REPORT-RELIABILITY); ] internal=[§2.25.14 応答末尾 [Review: N rounds, M personas] 付記欠落; ]
2026-04-26T15:24:25Z	[BLOCK] sid=3a114d67-57d0-4e4a-b4d4-ca8fa2a66a13 sha=b0ab580913a78c2a mode=clean critical=[§2.25.21.5 PO 報告前 自問項目欠落 5/5 (項目1(実機できる), 項目2(できない), 項目3(実データ保存), 項目4(全画面DB反映), 項目5(PO視点), PATCH-ADV-REPORT-RELIABILITY); ] internal=[]
2026-04-26T15:24:47Z	[BLOCK] sid=3a114d67-57d0-4e4a-b4d4-ca8fa2a66a13 sha=fabd9aef1574f809 mode=clean critical=[] internal=[§2.25.12 外部 CLI/API 言及 + 引用元 or 「未確認」欠落; ]
2026-04-26T15:24:47Z	[CLEAN-PASS] sid=3a114d67-57d0-4e4a-b4d4-ca8fa2a66a13 sha=fabd9aef1574f809 INTERNAL のみ、PO 表示なし
2026-04-26T15:27:10Z	[WARN] sid=3a114d67-57d0-4e4a-b4d4-ca8fa2a66a13 sha=43a2118b54384f4e warnings: §2.25.13 完了報告 14 行（>8）+ PO 明示要求なし; 
2026-04-26T15:27:10Z	[PASS] sid=3a114d67-57d0-4e4a-b4d4-ca8fa2a66a13 sha=43a2118b54384f4e ev=Stop mode=clean
2026-04-26T21:44:30Z	[WARN] sid=3a114d67-57d0-4e4a-b4d4-ca8fa2a66a13 sha=8390ead15c6fa9ec warnings: §2.25.21.2 完了報告 36 行（>30）[warn-mode] 5 行サマリー化推奨; §2.25.13 完了報告 36 行（>8）+ PO 明示要求なし; §2.25.21.7 [warn-mode] 禁止語彙 [完走, 全 PASS, 全完走, ] + 必須フィールド 0/2 件; 
2026-04-26T21:44:30Z	[PASS] sid=3a114d67-57d0-4e4a-b4d4-ca8fa2a66a13 sha=8390ead15c6fa9ec ev=Stop mode=clean
2026-04-27T03:20:24Z	[BLOCK] sid=3a114d67-57d0-4e4a-b4d4-ca8fa2a66a13 sha=4f3e52300a2eec49 mode=clean critical=[] internal=[§2.25.14 応答末尾 [Review: N rounds, M personas] 付記欠落; ]
2026-04-27T03:20:24Z	[CLEAN-PASS] sid=3a114d67-57d0-4e4a-b4d4-ca8fa2a66a13 sha=4f3e52300a2eec49 INTERNAL のみ、PO 表示なし
2026-04-27T03:20:37Z	[DEDUP] sid=3a114d67-57d0-4e4a-b4d4-ca8fa2a66a13 sha=4f3e52300a2eec49 多重発火検出、skip
2026-04-27T03:21:19Z	[BLOCK] sid=3a114d67-57d0-4e4a-b4d4-ca8fa2a66a13 sha=96dc4e12c9d64ae5 mode=clean critical=[§2.25.9 PO 作業発生提案検出 + §2.25.3 メタタグ欠落; ] internal=[§2.25.14 応答末尾 [Review: N rounds, M personas] 付記欠落; ]
2026-04-27T03:21:29Z	[BLOCK] sid=3a114d67-57d0-4e4a-b4d4-ca8fa2a66a13 sha=8747b4c7653b926f mode=clean critical=[§2.25.9 PO 作業発生提案検出 + §2.25.3 メタタグ欠落; ] internal=[]
2026-04-27T03:21:37Z	[PASS] sid=3a114d67-57d0-4e4a-b4d4-ca8fa2a66a13 sha=a366b93d47913064 ev=Stop mode=clean
2026-04-27T03:22:33Z	[BLOCK] sid=3a114d67-57d0-4e4a-b4d4-ca8fa2a66a13 sha=a48685406950e10d mode=clean critical=[§2.25.9 PO 作業発生提案検出 + §2.25.3 メタタグ欠落; ] internal=[§2.25.14 応答末尾 [Review: N rounds, M personas] 付記欠落; ]
2026-04-27T03:23:02Z	[DEDUP] sid=3a114d67-57d0-4e4a-b4d4-ca8fa2a66a13 sha=a366b93d47913064 多重発火検出、skip
2026-04-27T03:30:31Z	[BLOCK] sid=3a114d67-57d0-4e4a-b4d4-ca8fa2a66a13 sha=239b39fb0d2c58d7 mode=clean critical=[§2.25.21.6 subagent 報告転記時の実態裏付け検証なし: 検出パターン [N 件全て PASS, ]、ログ参照 + 実機検証言及いずれも不在 (PATCH-ADV-REPORT-RELIABILITY-V2); §2.25.9 PO 作業発生提案検出 + §2.25.3 メタタグ欠落; ] internal=[]
2026-04-27T03:30:54Z	[WARN] sid=3a114d67-57d0-4e4a-b4d4-ca8fa2a66a13 sha=e7c8ce46af6e6a02 warnings: §2.25.13 完了報告 11 行（>8）+ PO 明示要求なし; 
2026-04-27T03:30:54Z	[PASS] sid=3a114d67-57d0-4e4a-b4d4-ca8fa2a66a13 sha=e7c8ce46af6e6a02 ev=Stop mode=clean
2026-04-27T03:31:16Z	[WARN] sid=3a114d67-57d0-4e4a-b4d4-ca8fa2a66a13 sha=f69af1a3c62d2e9d warnings: §2.25.13 完了報告 12 行（>8）+ PO 明示要求なし; 
2026-04-27T03:31:16Z	[PASS] sid=3a114d67-57d0-4e4a-b4d4-ca8fa2a66a13 sha=f69af1a3c62d2e9d ev=Stop mode=clean
2026-04-27T03:44:48Z	[BLOCK] sid=3a114d67-57d0-4e4a-b4d4-ca8fa2a66a13 sha=047288c78afd8b2c mode=clean critical=[§2.25.9 PO 作業発生提案検出 + §2.25.3 メタタグ欠落; ] internal=[]
2026-04-27T03:44:57Z	[DEDUP] sid=3a114d67-57d0-4e4a-b4d4-ca8fa2a66a13 sha=a366b93d47913064 多重発火検出、skip
2026-04-27T04:05:09Z	[BLOCK] sid=3a114d67-57d0-4e4a-b4d4-ca8fa2a66a13 sha=fae7c622b1b16025 mode=clean critical=[§2.25.9 PO 作業発生提案検出 + §2.25.3 メタタグ欠落; ] internal=[§2.25.14 応答末尾 [Review: N rounds, M personas] 付記欠落; ]
2026-04-27T04:05:23Z	[DEDUP] sid=3a114d67-57d0-4e4a-b4d4-ca8fa2a66a13 sha=fae7c622b1b16025 多重発火検出、skip
2026-04-27T04:05:37Z	[DEDUP] sid=3a114d67-57d0-4e4a-b4d4-ca8fa2a66a13 sha=fae7c622b1b16025 多重発火検出、skip
2026-04-27T04:06:43Z	[BLOCK] sid=3a114d67-57d0-4e4a-b4d4-ca8fa2a66a13 sha=91f286b7f4096b68 mode=clean critical=[§2.25.21.6 真 E2E PASS 主張 + realmachine_smoke_results.log 参照欠落 (PATCH-ADV-REPORT-RELIABILITY-V2); §2.25.9 PO 作業発生提案検出 + §2.25.3 メタタグ欠落; ] internal=[§2.25.11 直前 3T 立場矛盾 + 撤回宣言欠落; §2.25.14 応答末尾 [Review: N rounds, M personas] 付記欠落; ]
2026-04-27T04:06:57Z	[DEDUP] sid=3a114d67-57d0-4e4a-b4d4-ca8fa2a66a13 sha=91f286b7f4096b68 多重発火検出、skip
2026-04-27T04:07:11Z	[DEDUP] sid=3a114d67-57d0-4e4a-b4d4-ca8fa2a66a13 sha=91f286b7f4096b68 多重発火検出、skip
2026-04-27T04:09:01Z	[BLOCK] sid=3a114d67-57d0-4e4a-b4d4-ca8fa2a66a13 sha=d16f5fcc49dd5b47 mode=clean critical=[§2.25.9 PO 作業発生提案検出 + §2.25.3 メタタグ欠落; ] internal=[§2.25.14 応答末尾 [Review: N rounds, M personas] 付記欠落; ]
2026-04-27T04:09:50Z	[BLOCK] sid=3a114d67-57d0-4e4a-b4d4-ca8fa2a66a13 sha=fa19f511deff57d5 mode=clean critical=[§2.25.9 PO 作業発生提案検出 + §2.25.3 メタタグ欠落; ] internal=[§2.25.14 応答末尾 [Review: N rounds, M personas] 付記欠落; ]
2026-04-27T04:10:04Z	[DEDUP] sid=3a114d67-57d0-4e4a-b4d4-ca8fa2a66a13 sha=fa19f511deff57d5 多重発火検出、skip
2026-04-27T04:10:59Z	[BLOCK] sid=3a114d67-57d0-4e4a-b4d4-ca8fa2a66a13 sha=1ab1a04057e911fa mode=clean critical=[§2.25.9 PO 作業発生提案検出 + §2.25.3 メタタグ欠落; ] internal=[§2.25.14 応答末尾 [Review: N rounds, M personas] 付記欠落; ]
2026-04-27T04:11:36Z	[BLOCK] sid=3a114d67-57d0-4e4a-b4d4-ca8fa2a66a13 sha=2462bddd44110e3a mode=clean critical=[§2.25.9 PO 作業発生提案検出 + §2.25.3 メタタグ欠落; ] internal=[]
2026-04-27T04:12:06Z	[DEDUP] sid=3a114d67-57d0-4e4a-b4d4-ca8fa2a66a13 sha=a366b93d47913064 多重発火検出、skip
2026-04-27T04:20:50Z	[DEDUP] sid=3a114d67-57d0-4e4a-b4d4-ca8fa2a66a13 sha=a366b93d47913064 多重発火検出、skip
2026-04-27T04:23:40Z	[WARN] sid=3a114d67-57d0-4e4a-b4d4-ca8fa2a66a13 sha=9e47263075c4eaf8 warnings: §2.25.13 完了報告 23 行（>8）+ PO 明示要求なし; §2.25.21.7 [warn-mode] 禁止語彙 [全 PASS, ] + 必須フィールド 0/2 件; 
2026-04-27T04:23:40Z	[PASS] sid=3a114d67-57d0-4e4a-b4d4-ca8fa2a66a13 sha=9e47263075c4eaf8 ev=Stop mode=clean
2026-04-27T04:25:58Z	[WARN] sid=3a114d67-57d0-4e4a-b4d4-ca8fa2a66a13 sha=140b0e0bd77dcf37 warnings: §2.25.13 完了報告 21 行（>8）+ PO 明示要求なし; §2.25.21.7 [warn-mode] 禁止語彙 [全 PASS, ] + 必須フィールド 0/2 件; 
2026-04-27T04:25:58Z	[PASS] sid=3a114d67-57d0-4e4a-b4d4-ca8fa2a66a13 sha=140b0e0bd77dcf37 ev=Stop mode=clean
2026-04-27T06:23:09Z	[BLOCK] sid=3a114d67-57d0-4e4a-b4d4-ca8fa2a66a13 sha=4ee5a570064b25c1 mode=clean critical=[] internal=[§2.25.14 応答末尾 [Review: N rounds, M personas] 付記欠落; ]
2026-04-27T06:23:09Z	[CLEAN-PASS] sid=3a114d67-57d0-4e4a-b4d4-ca8fa2a66a13 sha=4ee5a570064b25c1 INTERNAL のみ、PO 表示なし
2026-04-27T06:26:36Z	[SKIP] §2.25.11 self-ref-loop skip sid=3a114d67-57d0-4e4a-b4d4-ca8fa2a66a13 sha=1fdff7e8ff63b71a
2026-04-27T06:26:36Z	[BLOCK] sid=3a114d67-57d0-4e4a-b4d4-ca8fa2a66a13 sha=1fdff7e8ff63b71a mode=clean critical=[] internal=[§2.25.14 応答末尾 [Review: N rounds, M personas] 付記欠落; ]
2026-04-27T06:26:36Z	[CLEAN-PASS] sid=3a114d67-57d0-4e4a-b4d4-ca8fa2a66a13 sha=1fdff7e8ff63b71a INTERNAL のみ、PO 表示なし
2026-04-27T06:26:47Z	[DEDUP] sid=3a114d67-57d0-4e4a-b4d4-ca8fa2a66a13 sha=1fdff7e8ff63b71a 多重発火検出、skip
2026-04-27T06:27:00Z	[DEDUP] sid=3a114d67-57d0-4e4a-b4d4-ca8fa2a66a13 sha=1fdff7e8ff63b71a 多重発火検出、skip
2026-04-27T06:27:13Z	[DEDUP] sid=3a114d67-57d0-4e4a-b4d4-ca8fa2a66a13 sha=1fdff7e8ff63b71a 多重発火検出、skip
2026-04-27T06:31:10Z	[BLOCK] sid=3a114d67-57d0-4e4a-b4d4-ca8fa2a66a13 sha=b5e07743288a2af7 mode=clean critical=[] internal=[§2.25.14 応答末尾 [Review: N rounds, M personas] 付記欠落; ]
2026-04-27T06:31:10Z	[CLEAN-PASS] sid=3a114d67-57d0-4e4a-b4d4-ca8fa2a66a13 sha=b5e07743288a2af7 INTERNAL のみ、PO 表示なし
2026-04-27T06:39:08Z	[BLOCK] sid=3a114d67-57d0-4e4a-b4d4-ca8fa2a66a13 sha=37b92d155129c961 mode=clean critical=[] internal=[§2.25.14 応答末尾 [Review: N rounds, M personas] 付記欠落; ]
2026-04-27T06:39:08Z	[CLEAN-PASS] sid=3a114d67-57d0-4e4a-b4d4-ca8fa2a66a13 sha=37b92d155129c961 INTERNAL のみ、PO 表示なし
2026-04-27T06:44:37Z	[BLOCK] sid=3a114d67-57d0-4e4a-b4d4-ca8fa2a66a13 sha=6b6048541c826738 mode=clean critical=[] internal=[§2.25.14 応答末尾 [Review: N rounds, M personas] 付記欠落; ]
2026-04-27T06:44:37Z	[CLEAN-PASS] sid=3a114d67-57d0-4e4a-b4d4-ca8fa2a66a13 sha=6b6048541c826738 INTERNAL のみ、PO 表示なし
2026-04-27T06:52:53Z	[BLOCK] sid=3a114d67-57d0-4e4a-b4d4-ca8fa2a66a13 sha=158eb1b86c3948a0 mode=clean critical=[] internal=[§2.25.12 外部 CLI/API 言及 + 引用元 or 「未確認」欠落; §2.25.14 応答末尾 [Review: N rounds, M personas] 付記欠落; ]
2026-04-27T06:52:53Z	[CLEAN-PASS] sid=3a114d67-57d0-4e4a-b4d4-ca8fa2a66a13 sha=158eb1b86c3948a0 INTERNAL のみ、PO 表示なし
2026-04-27T10:24:34Z	[BLOCK] sid=3a114d67-57d0-4e4a-b4d4-ca8fa2a66a13 sha=1e33d442ad3e8933 mode=clean critical=[] internal=[§2.25.12 外部 CLI/API 言及 + 引用元 or 「未確認」欠落; §2.25.14 応答末尾 [Review: N rounds, M personas] 付記欠落; ]
2026-04-27T10:24:34Z	[CLEAN-PASS] sid=3a114d67-57d0-4e4a-b4d4-ca8fa2a66a13 sha=1e33d442ad3e8933 INTERNAL のみ、PO 表示なし
2026-04-27T10:24:38Z	[BLOCK] sid=3a114d67-57d0-4e4a-b4d4-ca8fa2a66a13 sha=58e71905ca99855f mode=clean critical=[§2.25.9 PO 作業発生提案検出 + §2.25.3 メタタグ欠落; ] internal=[§2.25.14 応答末尾 [Review: N rounds, M personas] 付記欠落; ]
2026-04-27T10:25:08Z	[BLOCK] sid=3a114d67-57d0-4e4a-b4d4-ca8fa2a66a13 sha=e13765b113e19774 mode=clean critical=[] internal=[§2.25.14 応答末尾 [Review: N rounds, M personas] 付記欠落; ]
2026-04-27T10:25:08Z	[CLEAN-PASS] sid=3a114d67-57d0-4e4a-b4d4-ca8fa2a66a13 sha=e13765b113e19774 INTERNAL のみ、PO 表示なし
2026-04-27T10:25:48Z	[BLOCK] sid=3a114d67-57d0-4e4a-b4d4-ca8fa2a66a13 sha=7237ff036c11ac7c mode=clean critical=[] internal=[§2.25.14 応答末尾 [Review: N rounds, M personas] 付記欠落; ]
2026-04-27T10:25:48Z	[CLEAN-PASS] sid=3a114d67-57d0-4e4a-b4d4-ca8fa2a66a13 sha=7237ff036c11ac7c INTERNAL のみ、PO 表示なし
2026-04-27T10:26:57Z	[BLOCK] sid=3a114d67-57d0-4e4a-b4d4-ca8fa2a66a13 sha=46e30f4308b06373 mode=clean critical=[] internal=[§2.25.14 応答末尾 [Review: N rounds, M personas] 付記欠落; ]
2026-04-27T10:26:57Z	[CLEAN-PASS] sid=3a114d67-57d0-4e4a-b4d4-ca8fa2a66a13 sha=46e30f4308b06373 INTERNAL のみ、PO 表示なし
2026-04-27T10:31:23Z	[BLOCK] sid=3a114d67-57d0-4e4a-b4d4-ca8fa2a66a13 sha=b182fc15156bd10b mode=clean critical=[] internal=[§2.25.14 応答末尾 [Review: N rounds, M personas] 付記欠落; ]
2026-04-27T10:31:23Z	[CLEAN-PASS] sid=3a114d67-57d0-4e4a-b4d4-ca8fa2a66a13 sha=b182fc15156bd10b INTERNAL のみ、PO 表示なし
2026-04-27T10:38:30Z	[BLOCK] sid=3a114d67-57d0-4e4a-b4d4-ca8fa2a66a13 sha=3949516c9f2e31f9 mode=clean critical=[] internal=[§2.25.14 応答末尾 [Review: N rounds, M personas] 付記欠落; ]
2026-04-27T10:38:30Z	[CLEAN-PASS] sid=3a114d67-57d0-4e4a-b4d4-ca8fa2a66a13 sha=3949516c9f2e31f9 INTERNAL のみ、PO 表示なし
2026-04-27T10:40:22Z	[BLOCK] sid=3a114d67-57d0-4e4a-b4d4-ca8fa2a66a13 sha=304487df8c34b437 mode=clean critical=[§2.25.21.6 subagent 報告転記時のログ参照欠落: 検出パターン [realmachine/真 E2E PASS, ]、logs/.*\.log 参照を応答内に明示必須 (PATCH-ADV-REPORT-RELIABILITY-V2); §2.25.21.6 真 E2E PASS 主張 + realmachine_smoke_results.log 参照欠落 (PATCH-ADV-REPORT-RELIABILITY-V2); ] internal=[§2.25.14 応答末尾 [Review: N rounds, M personas] 付記欠落; ]
2026-04-27T10:40:41Z	[DEDUP] sid=3a114d67-57d0-4e4a-b4d4-ca8fa2a66a13 sha=304487df8c34b437 多重発火検出、skip
2026-04-27T10:42:04Z	[BLOCK] sid=3a114d67-57d0-4e4a-b4d4-ca8fa2a66a13 sha=cd5028bca5c20d99 mode=clean critical=[] internal=[§2.25.14 応答末尾 [Review: N rounds, M personas] 付記欠落; ]
2026-04-27T10:42:04Z	[CLEAN-PASS] sid=3a114d67-57d0-4e4a-b4d4-ca8fa2a66a13 sha=cd5028bca5c20d99 INTERNAL のみ、PO 表示なし
2026-04-27T10:44:16Z	[BLOCK] sid=3a114d67-57d0-4e4a-b4d4-ca8fa2a66a13 sha=827574641fb47a8c mode=clean critical=[] internal=[§2.25.14 応答末尾 [Review: N rounds, M personas] 付記欠落; ]
2026-04-27T10:44:16Z	[CLEAN-PASS] sid=3a114d67-57d0-4e4a-b4d4-ca8fa2a66a13 sha=827574641fb47a8c INTERNAL のみ、PO 表示なし
2026-04-27T10:44:51Z	[DEDUP] sid=3a114d67-57d0-4e4a-b4d4-ca8fa2a66a13 sha=827574641fb47a8c 多重発火検出、skip
2026-04-27T10:46:04Z	[BLOCK] sid=3a114d67-57d0-4e4a-b4d4-ca8fa2a66a13 sha=f797e9e0adb5ee4c mode=clean critical=[] internal=[§2.25.11 直前 3T 立場矛盾 + 撤回宣言欠落; §2.25.12 外部 CLI/API 言及 + 引用元 or 「未確認」欠落; §2.25.14 応答末尾 [Review: N rounds, M personas] 付記欠落; ]
2026-04-27T10:46:04Z	[CLEAN-PASS] sid=3a114d67-57d0-4e4a-b4d4-ca8fa2a66a13 sha=f797e9e0adb5ee4c INTERNAL のみ、PO 表示なし
2026-04-27T10:51:07Z	[BLOCK] sid=3a114d67-57d0-4e4a-b4d4-ca8fa2a66a13 sha=27a6b2825f78e11d mode=clean critical=[] internal=[§2.25.14 応答末尾 [Review: N rounds, M personas] 付記欠落; ]
2026-04-27T10:51:07Z	[CLEAN-PASS] sid=3a114d67-57d0-4e4a-b4d4-ca8fa2a66a13 sha=27a6b2825f78e11d INTERNAL のみ、PO 表示なし
2026-04-27T10:52:56Z	[BLOCK] sid=3a114d67-57d0-4e4a-b4d4-ca8fa2a66a13 sha=d73d00a1c98aa92d mode=clean critical=[§2.25.21.6 subagent 報告転記時のログ参照欠落: 検出パターン [realmachine/真 E2E PASS, ]、logs/.*\.log 参照を応答内に明示必須 (PATCH-ADV-REPORT-RELIABILITY-V2); ] internal=[§2.25.14 応答末尾 [Review: N rounds, M personas] 付記欠落; ]
2026-04-27T11:19:29Z	[BLOCK] sid=3a114d67-57d0-4e4a-b4d4-ca8fa2a66a13 sha=0b6dc5b0c72c718b mode=clean critical=[] internal=[§2.25.12 外部 CLI/API 言及 + 引用元 or 「未確認」欠落; §2.25.14 応答末尾 [Review: N rounds, M personas] 付記欠落; ]
2026-04-27T11:19:29Z	[CLEAN-PASS] sid=3a114d67-57d0-4e4a-b4d4-ca8fa2a66a13 sha=0b6dc5b0c72c718b INTERNAL のみ、PO 表示なし
2026-04-27T11:42:19Z	[BLOCK] sid=3a114d67-57d0-4e4a-b4d4-ca8fa2a66a13 sha=a75d9d055cc13c40 mode=clean critical=[] internal=[§2.25.12 外部 CLI/API 言及 + 引用元 or 「未確認」欠落; §2.25.14 応答末尾 [Review: N rounds, M personas] 付記欠落; ]
2026-04-27T11:42:19Z	[CLEAN-PASS] sid=3a114d67-57d0-4e4a-b4d4-ca8fa2a66a13 sha=a75d9d055cc13c40 INTERNAL のみ、PO 表示なし
2026-04-27T11:54:22Z	[BLOCK] sid=3a114d67-57d0-4e4a-b4d4-ca8fa2a66a13 sha=16d062bed60fa938 mode=clean critical=[] internal=[§2.25.12 外部 CLI/API 言及 + 引用元 or 「未確認」欠落; §2.25.14 応答末尾 [Review: N rounds, M personas] 付記欠落; ]
2026-04-27T11:54:22Z	[CLEAN-PASS] sid=3a114d67-57d0-4e4a-b4d4-ca8fa2a66a13 sha=16d062bed60fa938 INTERNAL のみ、PO 表示なし
2026-04-27T11:59:51Z	[BLOCK] sid=3a114d67-57d0-4e4a-b4d4-ca8fa2a66a13 sha=35ed8ffe939a0070 mode=clean critical=[§2.25.21.5 PO 報告前 自問項目欠落 4/5 (項目1(実機できる), 項目3(実データ保存), 項目4(全画面DB反映), 項目5(PO視点), PATCH-ADV-REPORT-RELIABILITY); ] internal=[§2.25.11 直前 3T 立場矛盾 + 撤回宣言欠落; §2.25.14 応答末尾 [Review: N rounds, M personas] 付記欠落; ]
2026-04-27T12:02:01Z	[BLOCK] sid=3a114d67-57d0-4e4a-b4d4-ca8fa2a66a13 sha=36e752db1315b9de mode=clean critical=[] internal=[§2.25.14 応答末尾 [Review: N rounds, M personas] 付記欠落; ]
2026-04-27T12:02:01Z	[CLEAN-PASS] sid=3a114d67-57d0-4e4a-b4d4-ca8fa2a66a13 sha=36e752db1315b9de INTERNAL のみ、PO 表示なし
2026-04-27T12:02:23Z	[BLOCK] sid=3a114d67-57d0-4e4a-b4d4-ca8fa2a66a13 sha=287e8796348d1a16 mode=clean critical=[§2.25.9 PO 作業発生提案検出 + §2.25.3 メタタグ欠落; ] internal=[§2.25.14 応答末尾 [Review: N rounds, M personas] 付記欠落; ]
2026-04-27T12:03:04Z	[BLOCK] sid=3a114d67-57d0-4e4a-b4d4-ca8fa2a66a13 sha=e3be539cc8e8d498 mode=clean critical=[] internal=[§2.25.14 応答末尾 [Review: N rounds, M personas] 付記欠落; ]
2026-04-27T12:03:04Z	[CLEAN-PASS] sid=3a114d67-57d0-4e4a-b4d4-ca8fa2a66a13 sha=e3be539cc8e8d498 INTERNAL のみ、PO 表示なし
2026-04-27T12:17:17Z	[BLOCK] sid=3a114d67-57d0-4e4a-b4d4-ca8fa2a66a13 sha=9b69924cea9a21fa mode=clean critical=[§2.25.21.6 真 E2E PASS 主張 + realmachine_smoke_results.log 参照欠落 (PATCH-ADV-REPORT-RELIABILITY-V2); ] internal=[§2.25.11 直前 3T 立場矛盾 + 撤回宣言欠落; §2.25.14 応答末尾 [Review: N rounds, M personas] 付記欠落; ]
2026-04-27T12:17:39Z	[DEDUP] sid=3a114d67-57d0-4e4a-b4d4-ca8fa2a66a13 sha=9b69924cea9a21fa 多重発火検出、skip
2026-04-27T12:17:52Z	[BLOCK] sid=3a114d67-57d0-4e4a-b4d4-ca8fa2a66a13 sha=fa8cec2dbe5dae6a mode=clean critical=[] internal=[§2.25.14 応答末尾 [Review: N rounds, M personas] 付記欠落; ]
2026-04-27T12:17:52Z	[CLEAN-PASS] sid=3a114d67-57d0-4e4a-b4d4-ca8fa2a66a13 sha=fa8cec2dbe5dae6a INTERNAL のみ、PO 表示なし
